{
  "states": [
    "N0",
    "N0.25",
    "N0.5",
    "N1",
    "N2",
    "N3",
    "N4",
    "N5"
  ],
  "start": "N0",
  "legal": {
    "N0": [
      "N0.25",
      "N0.5",
      "N1"
    ],
    "N0.25": [
      "N0.5",
      "N1"
    ],
    "N0.5": [
      "N1",
      "N0.25"
    ],
    "N1": [
      "N2",
      "N0.5"
    ],
    "N2": [
      "N3",
      "N1"
    ],
    "N3": [
      "N4",
      "N2"
    ],
    "N4": [
      "N5",
      "N3"
    ],
    "N5": [
      "N4"
    ]
  },
  "bridge": {
    "double_known": {
      "weight": 0.5,
      "promote_to": "N0.5"
    },
    "double_unknown": {
      "route": "E-DBSU"
    }
  }
}