{
  "train": [
    {
      "input": [
        [
          0,
          1,
          0
        ],
        [
          0,
          1,
          0
        ],
        [
          0,
          1,
          0
        ]
      ],
      "output": [
        [
          0,
          0,
          0
        ],
        [
          1,
          1,
          1
        ],
        [
          0,
          0,
          0
        ]
      ]
    },
    {
      "input": [
        [
          2,
          2,
          0
        ],
        [
          0,
          2,
          0
        ],
        [
          0,
          2,
          0
        ]
      ],
      "output": [
        [
          0,
          0,
          2
        ],
        [
          0,
          0,
          2
        ],
        [
          2,
          2,
          2
        ]
      ]
    }
  ],
  "test": {
    "input": [
      [
        0,
        3,
        0
      ],
      [
        0,
        3,
        0
      ],
      [
        0,
        3,
        0
      ]
    ]
  },
  "candidate": {
    "ops": [
      "rotate90"
    ]
  }
}