,snaplat.agent.__init__,snaplat.index.__init__,snaplat.index.graph,snaplat.ops.cli,snaplat.ops.config,snaplat.orch.runner,snaplat.overlay.__init__,snaplat.overlay.diff,snaplat.policy.__init__,snaplat.policy.explain,snaplat.policy.rules,snaplat.repo.loaders,snaplat.repo.snapshot,snaplat.shell.__init__,snaplat.telemetry.__init__,snaplat.telemetry.export,snaplat.telemetry.quicktrace
snaplat.agent.__init__,0,0,0,0,0,0,0,0,0,0,0,0,0,0,0,0,0
snaplat.index.__init__,0,0,0,0,0,0,0,0,0,0,0,0,0,0,0,0,0
snaplat.index.graph,0,0,0,0,0,0,0,0,0,0,0,0,0,0,0,0,0
snaplat.ops.cli,0,0,0,0,0,0,0,0,0,0,0,0,0,0,0,0,0
snaplat.ops.config,0,0,0,0,0,0,0,0,0,0,0,0,0,0,0,0,0
snaplat.orch.runner,0,0,0,0,0,0,0,0,0,0,0,0,0,0,0,0,0
snaplat.overlay.__init__,0,0,0,0,0,0,0,0,0,0,0,0,0,0,0,0,0
snaplat.overlay.diff,0,0,0,0,0,0,0,0,0,0,0,0,0,0,0,0,0
snaplat.policy.__init__,0,0,0,0,0,0,0,0,0,0,0,0,0,0,0,0,0
snaplat.policy.explain,0,0,0,0,0,0,0,0,0,0,0,0,0,0,0,0,0
snaplat.policy.rules,0,0,0,0,0,0,0,0,0,0,0,0,0,0,0,0,0
snaplat.repo.loaders,0,0,0,0,0,0,0,0,0,0,0,0,0,0,0,0,0
snaplat.repo.snapshot,0,0,0,0,0,0,0,0,0,0,0,0,0,0,0,0,0
snaplat.shell.__init__,0,0,0,0,0,0,0,0,0,0,0,0,0,0,0,0,0
snaplat.telemetry.__init__,0,0,0,0,0,0,0,0,0,0,0,0,0,0,0,0,0
snaplat.telemetry.export,0,0,0,0,0,0,0,0,0,0,0,0,0,0,0,0,0
snaplat.telemetry.quicktrace,0,0,0,0,0,0,0,0,0,0,0,0,0,0,0,0,0
