{
  "datum_id": "oc_demo",
  "domain": "OC",
  "receipts": [
    {
      "name": "OC",
      "energy_mae_meV": 0.5666666666666677,
      "force_mae_meV_A": 0.0022222222222222227,
      "net_force_max": 0.0,
      "comp_variance_meV": 0.0,
      "rails": {
        "energy_ok": true,
        "forces_ok": true,
        "net_force_ok": true,
        "comp_consistency_ok": true
      },
      "fourbit": "1111"
    }
  ],
  "sidecars_passed": [
    "OC"
  ],
  "fourbit_all_1111": true,
  "mlt_binding": {
    "glyphpack_id": "oc.v1",
    "label_normalized": "E,F \u27c2 \u2225",
    "codepoints": [
      "U+0045",
      "U+002C",
      "U+0046",
      "U+0020",
      "U+27C2",
      "U+0020",
      "U+2225"
    ],
    "mlt_label_hash": "23d10844a17a3caba7b716a2073b65e4cd4ca778a448cdcdd3aa05d6ef32b466",
    "schema_hash": "633be500b588b41a365a97744b8c7a01cfdfa32ab72c3c7b6271dd030bbea48b",
    "binding_commit_hash": "189c3e00ea83ab7b5788ee3ab2e259bb5aac2a4ef1181b2c2cba4f90cba685e5"
  }
}