{
  "datum_id": "wb2_demo",
  "domain": "WB2",
  "receipts": [
    {
      "name": "WB2",
      "rmse": 1.0053950990630587,
      "fft_corr": 0.9999983795734105,
      "mean_bias": 0.02928771548923567,
      "rails": {
        "rmse_ok": true,
        "fft_corr_ok": true,
        "bias_ok": true,
        "phys_bounds_ok": true
      },
      "fourbit": "1111"
    }
  ],
  "sidecars_passed": [
    "WB2"
  ],
  "fourbit_all_1111": true,
  "mlt_binding": {
    "glyphpack_id": "weather.v1",
    "label_normalized": "\u0394T field RMSE",
    "codepoints": [
      "U+0394",
      "U+0054",
      "U+0020",
      "U+0066",
      "U+0069",
      "U+0065",
      "U+006C",
      "U+0064",
      "U+0020",
      "U+0052",
      "U+004D",
      "U+0053",
      "U+0045"
    ],
    "mlt_label_hash": "99716f3dcd42e523227c475bf345cf14e98b21e24b75e045b10ba2a7ee99a358",
    "schema_hash": "7a2d12352438bc52f36e338eb9b75367476fcca6d96d4c17ce447e7603368f35",
    "binding_commit_hash": "1a0a7d41ec3ac72d6630c9d2405d421d7ca4a0b649a665ac90459e3b45b22a02"
  }
}