{
  "name": "SnapLat",
  "version": "0.10.003",
  "date": "2025-08-15",
  "files": [
    {
      "path": "build_queue_canonical.csv",
      "sha256": "594e591331a12f865f5baff7701eb9c8708c6a15b753f3ded59f4edb0a20c2b3",
      "size": 186
    },
    {
      "path": "pyproject.toml",
      "sha256": "ea7927bdbd926cef459dd6d5d515b968e226f6d79bf1998feec2185fee7e81c8",
      "size": 564
    },
    {
      "path": "README.md",
      "sha256": "e270f2553efaa1fd56f576e13b16dbaee6f7a97a769e67b210923ddf66e8f1b0",
      "size": 1882
    },
    {
      "path": "LICENSE",
      "sha256": "ca6add93789d0acd8586f2da2650326e983a87dd96ca7222eaf235560f58dc1b",
      "size": 1052
    },
    {
      "path": "manifest.example.json",
      "sha256": "5ce4ebd5c979ad6ba77b6fbc0cda9b68839f6d033d76d09442091d39b57704ed",
      "size": 189
    },
    {
      "path": "config.example.json",
      "sha256": "696066e9f6ff30e69f9c4c48639dddf9485788fcc0f3d703cec1df302a5fada6",
      "size": 262
    },
    {
      "path": "src/snaplat/orch/runner.py",
      "sha256": "7c4af1ecb0e3b1ff613cbd109f645f0e086f349cf86f622dd90678805f66c092",
      "size": 1446
    },
    {
      "path": "src/snaplat/orch/__pycache__/runner.cpython-311.pyc",
      "sha256": "b40118c296f965477085bb167dd9f057fe38297cb1292e571d71c7f20fb7678c",
      "size": 3192
    },
    {
      "path": "src/snaplat/agent/__init__.py",
      "sha256": "cefa734913d967f5e0fd11e8221ee1ddaba0767760dbe600ac2fa22e23360ed1",
      "size": 1532
    },
    {
      "path": "src/snaplat/agent/__pycache__/__init__.cpython-311.pyc",
      "sha256": "fb77fea0d6d794a1edcd0a3440cc2b7f086fbfdaddc0c2dac1b49b8967c6d080",
      "size": 3354
    },
    {
      "path": "src/snaplat/shell/__init__.py",
      "sha256": "7fe1cd25df57d377b06f91cf851524989f138ccbc3c064ad973f5bd473320b56",
      "size": 549
    },
    {
      "path": "src/snaplat/shell/__pycache__/__init__.cpython-311.pyc",
      "sha256": "7607301701f3b16326e6c1252d1619a8e1c3075dc10c9e71d7949984fda4dd35",
      "size": 1352
    },
    {
      "path": "src/snaplat/index/__init__.py",
      "sha256": "82282684017499d1c83df14bdcc7527235ee7791dcb6259c2250e7abc1d36886",
      "size": 4867
    },
    {
      "path": "src/snaplat/index/graph.py",
      "sha256": "f01f2824be1b3e320622aba28c0dfcd14a0001d2525fbce1d80c2c53869bece9",
      "size": 1589
    },
    {
      "path": "src/snaplat/index/__pycache__/__init__.cpython-311.pyc",
      "sha256": "0addaa66458d9365352d53f6d6f277006df2065ce9948c2fe1909daf5c36c2d4",
      "size": 13888
    },
    {
      "path": "src/snaplat/overlay/__init__.py",
      "sha256": "8b6585e01b59c8119ce2333a580eead7a08b21e3ce129cf0696b9b7ce5d88aa2",
      "size": 805
    },
    {
      "path": "src/snaplat/overlay/diff.py",
      "sha256": "4490b4031b12bd738ea1d7cd4d05d5ea6314993d819e1c863c270329baec9ca2",
      "size": 898
    },
    {
      "path": "src/snaplat/overlay/__pycache__/__init__.cpython-311.pyc",
      "sha256": "0920e5a7ed3ff6a3d0b7a37dbcffb766eb1c7b0116235916fa52905c5b67c736",
      "size": 1933
    },
    {
      "path": "src/snaplat/telemetry/__init__.py",
      "sha256": "f33ef9c32c830b95a9854d14b5132568649e2f16df5ccab755f227f966900817",
      "size": 3927
    },
    {
      "path": "src/snaplat/telemetry/quicktrace.py",
      "sha256": "55574b49f5e2de764fd6a0703012ed308784c5d450a067b0010d79d1620c25b7",
      "size": 1056
    },
    {
      "path": "src/snaplat/telemetry/export.py",
      "sha256": "c925ce9fa59b6f3dbdc72da4223246077812f81ee165effa9370a8b961ad37d0",
      "size": 3178
    },
    {
      "path": "src/snaplat/telemetry/__pycache__/__init__.cpython-311.pyc",
      "sha256": "c380f89e045b34a2432782ddd0136c5fdf050390a4077805b8ddec6a6b17d67c",
      "size": 8218
    },
    {
      "path": "src/snaplat/policy/__init__.py",
      "sha256": "83f6732a94e257bb5ff738a9ea7908d5d6f59b145bd762fa1a53040b8c0e9b67",
      "size": 836
    },
    {
      "path": "src/snaplat/policy/rules.py",
      "sha256": "85c06ca362d24e4d5c298d6830383af57b08f3589b494bfd1aded0bf4e31a4b8",
      "size": 1264
    },
    {
      "path": "src/snaplat/policy/explain.py",
      "sha256": "a42739ff9dd0818211d06774b511bef2c4a05e8ad3e87906deb3ea3fe3550fbb",
      "size": 936
    },
    {
      "path": "src/snaplat/policy/__pycache__/__init__.cpython-311.pyc",
      "sha256": "6e15cb669be40c76dcdb1a811680b437a73d4f0fd8385131fbdaadeff3d03811",
      "size": 3062
    },
    {
      "path": "src/snaplat/policy/__pycache__/rules.cpython-311.pyc",
      "sha256": "b8c87327108649d3956bb59ee2c0e277d5fd8f59b823c155a3efd0e11e68753f",
      "size": 2802
    },
    {
      "path": "src/snaplat/repo/snapshot.py",
      "sha256": "27ecf462247e287969786fe60d4189c03349c314e366a458eaa909ab936ce4b6",
      "size": 892
    },
    {
      "path": "src/snaplat/repo/loaders.py",
      "sha256": "fe6f66ebc385809a5880cd5e458ad78f721846d3c3c43ada20e292faf9607a89",
      "size": 3667
    },
    {
      "path": "src/snaplat/ops/cli.py",
      "sha256": "e6fabe18faeae9be09ed80bc6741c71aa96a782c2299809daa587162ed3138a1",
      "size": 3246
    },
    {
      "path": "src/snaplat/ops/config.py",
      "sha256": "9fbeba39bae88d315cf97c59b54c52556851fce3cc241a9a415caf10978dcea3",
      "size": 1259
    },
    {
      "path": "src/snaplat/ops/__pycache__/cli.cpython-311.pyc",
      "sha256": "941078f2c33349ff6e060e705ef3269a7d52a18cda95830af18516ee967dddef",
      "size": 6384
    },
    {
      "path": "src/snaplat/ops/__pycache__/config.cpython-311.pyc",
      "sha256": "c31b0cb5d2fcf8c93beaaad02e5b6ef3d8b1e1983c9bf0cc3327931e9920048f",
      "size": 3636
    },
    {
      "path": "golden/docs.json",
      "sha256": "69eaecda42a9a62ccf0f8830d3e512af4f775d218cb07b827bd3b222ab1252db",
      "size": 244
    },
    {
      "path": "golden/expected_tf.txt",
      "sha256": "8b0b22c9ec2f38d6625cd84244f3823c9287be9066aaa79fcb4d5b706cfdbcb0",
      "size": 97
    },
    {
      "path": "golden/expected_tfco.txt",
      "sha256": "ce50be83d57060b8330a75f8d9a7eb98bf9dabc1b7d3251ac6bce69220f22d4b",
      "size": 97
    }
  ]
}