{
  "version": "cqe_policy_ext_v1",
  "acceptance": {
    "eps_phi": 1e-06,
    "plateau_cap": 0,
    "midpoint_requires_parity_drop": true,
    "quorum": {
      "enabled": true,
      "metrics": [
        "geom",
        "parity",
        "sparsity"
      ],
      "rule": "all",
      "m": 2
    },
    "escrow": {
      "enabled": true,
      "cap": 0.001,
      "horizon": 3
    }
  },
  "shells": {
    "counterfactual": {
      "enabled": true,
      "variants": [
        {
          "mode": "radial",
          "base": 0.15,
          "factor": 2
        },
        {
          "mode": "graph",
          "base": 2,
          "factor": 2
        }
      ],
      "selection_metric": "strict_gain"
    }
  },
  "thermostat": {
    "enabled": true,
    "sector_target_ratio_min": 0.3,
    "pid": {
      "kp": 0.5,
      "ki": 0.0,
      "kd": 0.0
    },
    "initial_lambda": 0.0,
    "lambda_bounds": [
      -1.0,
      1.0
    ]
  },
  "zk_parity": {
    "enabled": true,
    "scheme": "stub_hash"
  },
  "negative_proof_cache": {
    "enabled": true,
    "threshold": 0.001
  }
}