{
  "generated_at": 1755325058.9393973,
  "scenarios": [
    {
      "name": "S1_small",
      "ticks": 6,
      "avg_count": 64.0,
      "avg_dist_mean": 0.3659273333333333,
      "avg_neighbor_hit": 0.3499999999999999,
      "avg_entropy": 3.8718151286455145,
      "avg_ms_per_vec": 1.0193,
      "avg_kurt_pre": 10.237898436964075,
      "avg_kurt_post": 2.144308124237958,
      "summary": {
        "scene": "S1_small",
        "ticks": 4,
        "batch": 64,
        "budget": {
          "e8_per_tick": 64,
          "policy": "stretch",
          "max_carry_ticks": 10
        },
        "max_vecs": 512,
        "elapsed_sec": 9.98,
        "cas_files": 193,
        "cas_bytes": 38609
      }
    },
    {
      "name": "S2_medium",
      "ticks": 6,
      "avg_count": 256.0,
      "avg_dist_mean": 0.3906556666666667,
      "avg_neighbor_hit": 0.5750000000000001,
      "avg_entropy": 4.974041249510398,
      "avg_ms_per_vec": 0.749275,
      "avg_kurt_pre": 10.256991344521202,
      "avg_kurt_post": 2.1180969368331817,
      "summary": {
        "scene": "S2_medium",
        "ticks": 4,
        "batch": 256,
        "budget": {
          "e8_per_tick": 256,
          "policy": "stretch",
          "max_carry_ticks": 10
        },
        "max_vecs": 2000,
        "elapsed_sec": 11.302,
        "cas_files": 579,
        "cas_bytes": 116827
      }
    },
    {
      "name": "S3_large",
      "ticks": 8,
      "avg_count": 642.125,
      "avg_dist_mean": 0.3562755,
      "avg_neighbor_hit": 0.6571428571428573,
      "avg_entropy": 5.491480475340205,
      "avg_ms_per_vec": 0.61325,
      "avg_kurt_pre": 8.870484681376308,
      "avg_kurt_post": 1.9424326906517533,
      "summary": {
        "scene": "S3_large",
        "ticks": 4,
        "batch": 512,
        "budget": {
          "e8_per_tick": 512,
          "policy": "stretch",
          "max_carry_ticks": 10
        },
        "max_vecs": 6000,
        "elapsed_sec": 12.798,
        "cas_files": 971,
        "cas_bytes": 196300
      }
    }
  ],
  "policy_runs": [
    {
      "name": "policy_stretch",
      "summary": {
        "policy": "stretch",
        "counts": [
          256,
          256,
          256,
          256,
          256,
          256
        ],
        "deferred": [
          7744,
          7488,
          7232,
          6976,
          6720,
          6464
        ],
        "dist_mean": [
          0.391746,
          0.38534,
          0.387157,
          0.379777,
          0.402557,
          0.397357
        ],
        "nhit": [
          0.35,
          0.65,
          0.65,
          0.55,
          0.55,
          0.7
        ],
        "kurt_pre": [
          13.768587036072297,
          8.603417724038367,
          10.292276876189455,
          7.997962745319709,
          10.583516934029904,
          10.296186751477485
        ],
        "kurt_post": [
          2.316248626929535,
          2.0369368865560267,
          2.1074948841544483,
          1.8983619506834488,
          2.208907004475491,
          2.1406322682001404
        ]
      }
    },
    {
      "name": "policy_skip",
      "summary": {
        "policy": "skip",
        "counts": [
          256,
          256,
          256,
          256,
          256,
          256
        ],
        "deferred": [
          7744,
          7488,
          7232,
          6976,
          6720,
          6464
        ],
        "dist_mean": [
          0.391746,
          0.38534,
          0.387157,
          0.379777,
          0.402557,
          0.397357
        ],
        "nhit": [
          0.35,
          0.65,
          0.65,
          0.55,
          0.55,
          0.7
        ],
        "kurt_pre": [
          13.768587036072297,
          8.603417724038367,
          10.292276876189455,
          7.997962745319709,
          10.583516934029904,
          10.296186751477485
        ],
        "kurt_post": [
          2.316248626929535,
          2.0369368865560267,
          2.1074948841544483,
          1.8983619506834488,
          2.208907004475491,
          2.1406322682001404
        ]
      }
    }
  ]
}