card_id,session_id,token_id,title,type,summary,retrieval_tags,connections,pal64_step,receipt,status,provenance
root_uploads::RAG-00001,root_uploads,D0002,LICENSE,generic,GENERIC 'LICENSE'. Ordered at pal64 step 1. Preview: LICENSE (generic),['generic'],"[{'id': 'D0008', 'why': 'adjacent-order'}]",1,0000,WORKING,/mnt/data/fulltest/inputs/CQE-Unified_Repo/LICENSE
root_uploads::RAG-00002,root_uploads,D0008,glyphs.py,generic,GENERIC 'glyphs.py'. Ordered at pal64 step 2. Preview: glyphs.py (generic),['generic'],"[{'id': 'D0002', 'why': 'adjacent-order'}, {'id': 'D0011', 'why': 'adjacent-order'}]",2,0000,WORKING,/mnt/data/fulltest/inputs/CQE-Unified_Repo/cqe_unified/glyphs.py
root_uploads::RAG-00003,root_uploads,D0011,sim.py,generic,GENERIC 'sim.py'. Ordered at pal64 step 3. Preview: sim.py (generic),['generic'],"[{'id': 'D0008', 'why': 'adjacent-order'}, {'id': 'D0004', 'why': 'adjacent-order'}]",3,0000,WORKING,/mnt/data/fulltest/inputs/CQE-Unified_Repo/cqe_unified/sim.py
root_uploads::RAG-00004,root_uploads,D0004,__init__.py,generic,GENERIC '__init__.py'. Ordered at pal64 step 4. Preview: __init__.py (generic),['generic'],"[{'id': 'D0011', 'why': 'adjacent-order'}, {'id': 'D0031', 'why': 'adjacent-order'}]",4,0000,WORKING,/mnt/data/fulltest/inputs/CQE-Unified_Repo/cqe_unified/__init__.py
root_uploads::RAG-00005,root_uploads,D0031,run_harness.py,generic,GENERIC 'run_harness.py'. Ordered at pal64 step 5. Preview: run_harness.py (generic),['generic'],"[{'id': 'D0004', 'why': 'adjacent-order'}, {'id': 'D0009', 'why': 'adjacent-order'}]",5,0000,WORKING,/mnt/data/fulltest/inputs/CQE-Unified_Repo/harness/run_harness.py
root_uploads::RAG-00006,root_uploads,D0009,ledger.py,generic,GENERIC 'ledger.py'. Ordered at pal64 step 6. Preview: ledger.py (generic),['generic'],"[{'id': 'D0031', 'why': 'adjacent-order'}, {'id': 'D0033', 'why': 'adjacent-order'}]",6,0000,WORKING,/mnt/data/fulltest/inputs/CQE-Unified_Repo/cqe_unified/ledger.py
root_uploads::RAG-00007,root_uploads,D0033,test_glyphs.py,generic,GENERIC 'test_glyphs.py'. Ordered at pal64 step 7. Preview: test_glyphs.py (generic),['generic'],"[{'id': 'D0009', 'why': 'adjacent-order'}, {'id': 'D0012', 'why': 'adjacent-order'}]",7,0000,WORKING,/mnt/data/fulltest/inputs/CQE-Unified_Repo/tests/test_glyphs.py
root_uploads::RAG-00008,root_uploads,D0012,utils.py,generic,GENERIC 'utils.py'. Ordered at pal64 step 8. Preview: utils.py (generic),['generic'],"[{'id': 'D0033', 'why': 'adjacent-order'}, {'id': 'D0005', 'why': 'adjacent-order'}]",8,0000,WORKING,/mnt/data/fulltest/inputs/CQE-Unified_Repo/cqe_unified/utils.py
root_uploads::RAG-00009,root_uploads,D0005,carriers.py,generic,GENERIC 'carriers.py'. Ordered at pal64 step 9. Preview: carriers.py (generic),['generic'],"[{'id': 'D0012', 'why': 'adjacent-order'}, {'id': 'D0010', 'why': 'adjacent-order'}]",9,0000,WORKING,/mnt/data/fulltest/inputs/CQE-Unified_Repo/cqe_unified/carriers.py
root_uploads::RAG-00010,root_uploads,D0010,receipts.py,generic,GENERIC 'receipts.py'. Ordered at pal64 step 10. Preview: receipts.py (generic),['generic'],"[{'id': 'D0005', 'why': 'adjacent-order'}, {'id': 'D0006', 'why': 'adjacent-order'}]",10,0000,WORKING,/mnt/data/fulltest/inputs/CQE-Unified_Repo/cqe_unified/receipts.py
root_uploads::RAG-00011,root_uploads,D0006,color_paint.py,generic,GENERIC 'color_paint.py'. Ordered at pal64 step 11. Preview: color_paint.py (generic),['generic'],"[{'id': 'D0010', 'why': 'adjacent-order'}, {'id': 'D0007', 'why': 'adjacent-order'}]",11,0000,WORKING,/mnt/data/fulltest/inputs/CQE-Unified_Repo/cqe_unified/color_paint.py
root_uploads::RAG-00012,root_uploads,D0007,deck_calculus.py,generic,GENERIC 'deck_calculus.py'. Ordered at pal64 step 12. Preview: deck_calculus.py (generic),['generic'],"[{'id': 'D0006', 'why': 'adjacent-order'}, {'id': 'D0032', 'why': 'adjacent-order'}]",12,0000,WORKING,/mnt/data/fulltest/inputs/CQE-Unified_Repo/cqe_unified/deck_calculus.py
root_uploads::RAG-00013,root_uploads,D0032,pyproject.toml,generic,GENERIC 'pyproject.toml'. Ordered at pal64 step 13. Preview: pyproject.toml (generic),['generic'],"[{'id': 'D0007', 'why': 'adjacent-order'}, {'id': 'D0017', 'why': 'adjacent-order'}]",13,0000,WORKING,/mnt/data/fulltest/inputs/CQE-Unified_Repo/pyproject.toml
root_uploads::RAG-00014,root_uploads,D0017,roadmap.md,text,TEXT 'roadmap.md'. Ordered at pal64 step 14. Preview: # Roadmap,['roadmap'],"[{'id': 'D0032', 'why': 'adjacent-order'}, {'id': 'D0016', 'why': 'adjacent-order'}]",14,0000,WORKING,/mnt/data/fulltest/inputs/CQE-Unified_Repo/docs/roadmap.md
root_uploads::RAG-00015,root_uploads,D0016,receipts.md,text,TEXT 'receipts.md'. Ordered at pal64 step 15. Preview: # Receipts,['receipts'],"[{'id': 'D0017', 'why': 'adjacent-order'}, {'id': 'D0014', 'why': 'adjacent-order'}]",15,0000,WORKING,/mnt/data/fulltest/inputs/CQE-Unified_Repo/docs/receipts.md
root_uploads::RAG-00016,root_uploads,D0014,architecture.md,text,TEXT 'architecture.md'. Ordered at pal64 step 16. Preview: # Architecture,['architecture'],"[{'id': 'D0016', 'why': 'adjacent-order'}, {'id': 'D0018', 'why': 'adjacent-order'}]",16,0000,WORKING,/mnt/data/fulltest/inputs/CQE-Unified_Repo/docs/architecture.md
root_uploads::RAG-00017,root_uploads,D0018,sidecars.md,text,TEXT 'sidecars.md'. Ordered at pal64 step 17. Preview: # Sidecars,['sidecars'],"[{'id': 'D0014', 'why': 'adjacent-order'}, {'id': 'D0015', 'why': 'adjacent-order'}]",17,0000,WORKING,/mnt/data/fulltest/inputs/CQE-Unified_Repo/docs/sidecars.md
root_uploads::RAG-00018,root_uploads,D0015,deck_calculus.md,text,TEXT 'deck_calculus.md'. Ordered at pal64 step 18. Preview: # Deck Calculus,"['calculus', 'deck']","[{'id': 'D0018', 'why': 'adjacent-order'}, {'id': 'D0013', 'why': 'adjacent-order'}]",18,0000,WORKING,/mnt/data/fulltest/inputs/CQE-Unified_Repo/docs/deck_calculus.md
root_uploads::RAG-00019,root_uploads,D0013,CHANGELOG.md,text,TEXT 'CHANGELOG.md'. Ordered at pal64 step 19. Preview: ## 0.1.0,"['initial', 'skeleton']","[{'id': 'D0015', 'why': 'adjacent-order'}, {'id': 'D0001', 'why': 'adjacent-order'}]",19,0000,WORKING,/mnt/data/fulltest/inputs/CQE-Unified_Repo/docs/CHANGELOG.md
root_uploads::RAG-00020,root_uploads,D0001,Frontpage.md,text,TEXT 'Frontpage.md'. Ordered at pal64 step 20. Preview: # CQE‑Unified,"['cqe', 'details', 'readme', 'see', 'unified']","[{'id': 'D0013', 'why': 'adjacent-order'}, {'id': 'D0026', 'why': 'adjacent-order'}]",20,0000,WORKING,/mnt/data/fulltest/inputs/CQE-Unified_Repo/Frontpage.md
root_uploads::RAG-00021,root_uploads,D0026,why06_sidecars.json,text,TEXT 'why06_sidecars.json'. Ordered at pal64 step 21. Preview: {,"['sidecars', 'false', 'force', 'label', 'metric', 'override', 'prev']","[{'id': 'D0001', 'why': 'adjacent-order'}, {'id': 'D0023', 'why': 'adjacent-order'}]",21,0000,WORKING,/mnt/data/fulltest/inputs/CQE-Unified_Repo/harness/10why/why06_sidecars.json
root_uploads::RAG-00022,root_uploads,D0023,why03_octet_parity.json,text,TEXT 'why03_octet_parity.json'. Ordered at pal64 step 22. Preview: {,"['octet', 'parity', 'false', 'force', 'label', 'metric', 'override']","[{'id': 'D0026', 'why': 'adjacent-order'}, {'id': 'D0076', 'why': 'adjacent-order'}]",22,0000,WORKING,/mnt/data/fulltest/inputs/CQE-Unified_Repo/harness/10why/why03_octet_parity.json
root_uploads::RAG-00023,root_uploads,D0076,Papers explained _250919_230503.txt,text,TEXT 'Papers explained _250919_230503.txt'. Ordered at pal64 step 23. Preview: Recent Breakthroughs in Science and Technology,"['quantum', 'significance', 'can', 'brain', 'could', 'breakthrough', 'new']","[{'id': 'D0023', 'why': 'adjacent-order'}, {'id': 'D0025', 'why': 'adjacent-order'}]",23,0000,WORKING,/mnt/data/fulltest/inputs/Papers explained _250919_230503.txt
root_uploads::RAG-00024,root_uploads,D0025,why05_receipts_commit.json,text,TEXT 'why05_receipts_commit.json'. Ordered at pal64 step 24. Preview: {,"['commit', 'receipts', 'force', 'label', 'metric', 'override', 'prev']","[{'id': 'D0076', 'why': 'adjacent-order'}, {'id': 'D0028', 'why': 'adjacent-order'}]",24,0000,WORKING,/mnt/data/fulltest/inputs/CQE-Unified_Repo/harness/10why/why05_receipts_commit.json
root_uploads::RAG-00025,root_uploads,D0028,why08_collision_alias.json,text,TEXT 'why08_collision_alias.json'. Ordered at pal64 step 25. Preview: {,"['alias', 'collision', 'false', 'force', 'label', 'metric', 'override']","[{'id': 'D0025', 'why': 'adjacent-order'}, {'id': 'D0030', 'why': 'adjacent-order'}]",25,0000,WORKING,/mnt/data/fulltest/inputs/CQE-Unified_Repo/harness/10why/why08_collision_alias.json
root_uploads::RAG-00026,root_uploads,D0030,why10_privacy_policy.json,text,TEXT 'why10_privacy_policy.json'. Ordered at pal64 step 26. Preview: {,"['policy', 'privacy', 'false', 'force', 'label', 'metric', 'override']","[{'id': 'D0028', 'why': 'adjacent-order'}, {'id': 'D0029', 'why': 'adjacent-order'}]",26,0000,WORKING,/mnt/data/fulltest/inputs/CQE-Unified_Repo/harness/10why/why10_privacy_policy.json
root_uploads::RAG-00027,root_uploads,D0029,why09_cache_replay.json,text,TEXT 'why09_cache_replay.json'. Ordered at pal64 step 27. Preview: {,"['cache', 'replay', 'false', 'force', 'label', 'metric', 'override']","[{'id': 'D0030', 'why': 'adjacent-order'}, {'id': 'D0024', 'why': 'adjacent-order'}]",27,0000,WORKING,/mnt/data/fulltest/inputs/CQE-Unified_Repo/harness/10why/why09_cache_replay.json
root_uploads::RAG-00028,root_uploads,D0024,why04_palindromic_rest.json,text,TEXT 'why04_palindromic_rest.json'. Ordered at pal64 step 28. Preview: {,"['palindromic', 'rest', 'false', 'force', 'label', 'metric', 'override']","[{'id': 'D0029', 'why': 'adjacent-order'}, {'id': 'D0022', 'why': 'adjacent-order'}]",28,0000,WORKING,/mnt/data/fulltest/inputs/CQE-Unified_Repo/harness/10why/why04_palindromic_rest.json
root_uploads::RAG-00029,root_uploads,D0022,why02_glyph_supremacy.json,text,TEXT 'why02_glyph_supremacy.json'. Ordered at pal64 step 29. Preview: {,"['glyph', 'supremacy', 'force', 'label', 'metric', 'override', 'prev']","[{'id': 'D0024', 'why': 'adjacent-order'}, {'id': 'D0021', 'why': 'adjacent-order'}]",29,0000,WORKING,/mnt/data/fulltest/inputs/CQE-Unified_Repo/harness/10why/why02_glyph_supremacy.json
root_uploads::RAG-00030,root_uploads,D0021,why01_foundations.json,text,TEXT 'why01_foundations.json'. Ordered at pal64 step 30. Preview: {,"['foundations', 'false', 'force', 'label', 'mapping', 'metric', 'override']","[{'id': 'D0022', 'why': 'adjacent-order'}, {'id': 'D0003', 'why': 'adjacent-order'}]",30,0000,WORKING,/mnt/data/fulltest/inputs/CQE-Unified_Repo/harness/10why/why01_foundations.json
root_uploads::RAG-00031,root_uploads,D0003,README.md,text,TEXT 'README.md'. Ordered at pal64 step 31. Preview: # CQE‑Unified Repository,"['harness', 'cqe', 'python', 'quick', 'repository', 'run', 'start']","[{'id': 'D0021', 'why': 'adjacent-order'}, {'id': 'D0027', 'why': 'adjacent-order'}]",31,0000,WORKING,/mnt/data/fulltest/inputs/CQE-Unified_Repo/README.md
root_uploads::RAG-00032,root_uploads,D0027,why07_corridors.json,text,TEXT 'why07_corridors.json'. Ordered at pal64 step 32. Preview: {,"['corridors', 'false', 'force', 'label', 'metric', 'override', 'prev']","[{'id': 'D0003', 'why': 'adjacent-order'}, {'id': 'D0068', 'why': 'adjacent-order'}]",32,0000,WORKING,/mnt/data/fulltest/inputs/CQE-Unified_Repo/harness/10why/why07_corridors.json
root_uploads::RAG-00033,root_uploads,D0068,Worksheet_01.pdf,pdf,PDF 'Worksheet_01.pdf'. Ordered at pal64 step 33. Preview: PDF (1 pages),"['pdf', 'pages:1']","[{'id': 'D0027', 'why': 'adjacent-order'}, {'id': 'D0071', 'why': 'adjacent-order'}]",33,0000,WORKING,/mnt/data/fulltest/inputs/CQE_Roleplay_Scenes_v1_0_Sheets/Worksheet_01.pdf
root_uploads::RAG-00034,root_uploads,D0071,Worksheet_04.pdf,pdf,PDF 'Worksheet_04.pdf'. Ordered at pal64 step 34. Preview: PDF (1 pages),"['pdf', 'pages:1']","[{'id': 'D0068', 'why': 'adjacent-order'}, {'id': 'D0073', 'why': 'adjacent-order'}]",34,0000,WORKING,/mnt/data/fulltest/inputs/CQE_Roleplay_Scenes_v1_0_Sheets/Worksheet_04.pdf
root_uploads::RAG-00035,root_uploads,D0073,Worksheet_06.pdf,pdf,PDF 'Worksheet_06.pdf'. Ordered at pal64 step 35. Preview: PDF (1 pages),"['pdf', 'pages:1']","[{'id': 'D0071', 'why': 'adjacent-order'}, {'id': 'D0072', 'why': 'adjacent-order'}]",35,0000,WORKING,/mnt/data/fulltest/inputs/CQE_Roleplay_Scenes_v1_0_Sheets/Worksheet_06.pdf
root_uploads::RAG-00036,root_uploads,D0072,Worksheet_05.pdf,pdf,PDF 'Worksheet_05.pdf'. Ordered at pal64 step 36. Preview: PDF (1 pages),"['pdf', 'pages:1']","[{'id': 'D0073', 'why': 'adjacent-order'}, {'id': 'D0069', 'why': 'adjacent-order'}]",36,0000,WORKING,/mnt/data/fulltest/inputs/CQE_Roleplay_Scenes_v1_0_Sheets/Worksheet_05.pdf
root_uploads::RAG-00037,root_uploads,D0069,Worksheet_02.pdf,pdf,PDF 'Worksheet_02.pdf'. Ordered at pal64 step 37. Preview: PDF (1 pages),"['pdf', 'pages:1']","[{'id': 'D0072', 'why': 'adjacent-order'}, {'id': 'D0070', 'why': 'adjacent-order'}]",37,0000,WORKING,/mnt/data/fulltest/inputs/CQE_Roleplay_Scenes_v1_0_Sheets/Worksheet_02.pdf
root_uploads::RAG-00038,root_uploads,D0070,Worksheet_03.pdf,pdf,PDF 'Worksheet_03.pdf'. Ordered at pal64 step 38. Preview: PDF (1 pages),"['pdf', 'pages:1']","[{'id': 'D0069', 'why': 'adjacent-order'}, {'id': 'D0044', 'why': 'adjacent-order'}]",38,0000,WORKING,/mnt/data/fulltest/inputs/CQE_Roleplay_Scenes_v1_0_Sheets/Worksheet_03.pdf
root_uploads::RAG-00039,root_uploads,D0044,09_Hypercube_Scaffold.pdf,pdf,PDF '09_Hypercube_Scaffold.pdf'. Ordered at pal64 step 39. Preview: PDF (1 pages),"['pdf', 'pages:1']","[{'id': 'D0070', 'why': 'adjacent-order'}, {'id': 'D0035', 'why': 'adjacent-order'}]",39,0000,WORKING,/mnt/data/fulltest/inputs/CQE_Card_Kit_v1_2_Sheets/09_Hypercube_Scaffold.pdf
root_uploads::RAG-00040,root_uploads,D0035,00_Cover.pdf,pdf,PDF '00_Cover.pdf'. Ordered at pal64 step 40. Preview: PDF (1 pages),"['pdf', 'pages:1']","[{'id': 'D0044', 'why': 'adjacent-order'}, {'id': 'D0048', 'why': 'adjacent-order'}]",40,0000,WORKING,/mnt/data/fulltest/inputs/CQE_Card_Kit_v1_2_Sheets/00_Cover.pdf
root_uploads::RAG-00041,root_uploads,D0048,13_Class_Checklist.pdf,pdf,PDF '13_Class_Checklist.pdf'. Ordered at pal64 step 41. Preview: PDF (1 pages),"['pdf', 'pages:1']","[{'id': 'D0035', 'why': 'adjacent-order'}, {'id': 'D0059', 'why': 'adjacent-order'}]",41,0000,WORKING,/mnt/data/fulltest/inputs/CQE_Card_Kit_v1_2_Sheets/13_Class_Checklist.pdf
root_uploads::RAG-00042,root_uploads,D0059,Scene_07.pdf,pdf,PDF 'Scene_07.pdf'. Ordered at pal64 step 42. Preview: PDF (1 pages),"['pdf', 'pages:1']","[{'id': 'D0048', 'why': 'adjacent-order'}, {'id': 'D0066', 'why': 'adjacent-order'}]",42,0000,WORKING,/mnt/data/fulltest/inputs/CQE_Roleplay_Scenes_v1_0_Sheets/Scene_07.pdf
root_uploads::RAG-00043,root_uploads,D0066,Scene_14.pdf,pdf,PDF 'Scene_14.pdf'. Ordered at pal64 step 43. Preview: PDF (1 pages),"['pdf', 'pages:1']","[{'id': 'D0059', 'why': 'adjacent-order'}, {'id': 'D0043', 'why': 'adjacent-order'}]",43,0000,WORKING,/mnt/data/fulltest/inputs/CQE_Roleplay_Scenes_v1_0_Sheets/Scene_14.pdf
root_uploads::RAG-00044,root_uploads,D0043,08_Master_Ledger.pdf,pdf,PDF '08_Master_Ledger.pdf'. Ordered at pal64 step 44. Preview: PDF (1 pages),"['pdf', 'pages:1']","[{'id': 'D0066', 'why': 'adjacent-order'}, {'id': 'D0065', 'why': 'adjacent-order'}]",44,0000,WORKING,/mnt/data/fulltest/inputs/CQE_Card_Kit_v1_2_Sheets/08_Master_Ledger.pdf
root_uploads::RAG-00045,root_uploads,D0065,Scene_13.pdf,pdf,PDF 'Scene_13.pdf'. Ordered at pal64 step 45. Preview: PDF (1 pages),"['pdf', 'pages:1']","[{'id': 'D0043', 'why': 'adjacent-order'}, {'id': 'D0036', 'why': 'adjacent-order'}]",45,0000,WORKING,/mnt/data/fulltest/inputs/CQE_Roleplay_Scenes_v1_0_Sheets/Scene_13.pdf
root_uploads::RAG-00046,root_uploads,D0036,01_QuickStart.pdf,pdf,PDF '01_QuickStart.pdf'. Ordered at pal64 step 46. Preview: PDF (1 pages),"['pdf', 'pages:1']","[{'id': 'D0065', 'why': 'adjacent-order'}, {'id': 'D0046', 'why': 'adjacent-order'}]",46,0000,WORKING,/mnt/data/fulltest/inputs/CQE_Card_Kit_v1_2_Sheets/01_QuickStart.pdf
root_uploads::RAG-00047,root_uploads,D0046,11_Blank_Cards.pdf,pdf,PDF '11_Blank_Cards.pdf'. Ordered at pal64 step 47. Preview: PDF (1 pages),"['pdf', 'pages:1']","[{'id': 'D0036', 'why': 'adjacent-order'}, {'id': 'D0057', 'why': 'adjacent-order'}]",47,0000,WORKING,/mnt/data/fulltest/inputs/CQE_Card_Kit_v1_2_Sheets/11_Blank_Cards.pdf
root_uploads::RAG-00048,root_uploads,D0057,Scene_05.pdf,pdf,PDF 'Scene_05.pdf'. Ordered at pal64 step 48. Preview: PDF (1 pages),"['pdf', 'pages:1']","[{'id': 'D0046', 'why': 'adjacent-order'}, {'id': 'D0064', 'why': 'adjacent-order'}]",48,0000,WORKING,/mnt/data/fulltest/inputs/CQE_Roleplay_Scenes_v1_0_Sheets/Scene_05.pdf
root_uploads::RAG-00049,root_uploads,D0064,Scene_12.pdf,pdf,PDF 'Scene_12.pdf'. Ordered at pal64 step 49. Preview: PDF (1 pages),"['pdf', 'pages:1']","[{'id': 'D0057', 'why': 'adjacent-order'}, {'id': 'D0055', 'why': 'adjacent-order'}]",49,0000,WORKING,/mnt/data/fulltest/inputs/CQE_Roleplay_Scenes_v1_0_Sheets/Scene_12.pdf
root_uploads::RAG-00050,root_uploads,D0055,Scene_03.pdf,pdf,PDF 'Scene_03.pdf'. Ordered at pal64 step 50. Preview: PDF (1 pages),"['pdf', 'pages:1']","[{'id': 'D0064', 'why': 'adjacent-order'}, {'id': 'D0058', 'why': 'adjacent-order'}]",50,0000,WORKING,/mnt/data/fulltest/inputs/CQE_Roleplay_Scenes_v1_0_Sheets/Scene_03.pdf
root_uploads::RAG-00051,root_uploads,D0058,Scene_06.pdf,pdf,PDF 'Scene_06.pdf'. Ordered at pal64 step 51. Preview: PDF (1 pages),"['pdf', 'pages:1']","[{'id': 'D0055', 'why': 'adjacent-order'}, {'id': 'D0063', 'why': 'adjacent-order'}]",51,0000,WORKING,/mnt/data/fulltest/inputs/CQE_Roleplay_Scenes_v1_0_Sheets/Scene_06.pdf
root_uploads::RAG-00052,root_uploads,D0063,Scene_11.pdf,pdf,PDF 'Scene_11.pdf'. Ordered at pal64 step 52. Preview: PDF (1 pages),"['pdf', 'pages:1']","[{'id': 'D0058', 'why': 'adjacent-order'}, {'id': 'D0062', 'why': 'adjacent-order'}]",52,0000,WORKING,/mnt/data/fulltest/inputs/CQE_Roleplay_Scenes_v1_0_Sheets/Scene_11.pdf
root_uploads::RAG-00053,root_uploads,D0062,Scene_10.pdf,pdf,PDF 'Scene_10.pdf'. Ordered at pal64 step 53. Preview: PDF (1 pages),"['pdf', 'pages:1']","[{'id': 'D0063', 'why': 'adjacent-order'}, {'id': 'D0067', 'why': 'adjacent-order'}]",53,0000,WORKING,/mnt/data/fulltest/inputs/CQE_Roleplay_Scenes_v1_0_Sheets/Scene_10.pdf
root_uploads::RAG-00054,root_uploads,D0067,Scene_15.pdf,pdf,PDF 'Scene_15.pdf'. Ordered at pal64 step 54. Preview: PDF (1 pages),"['pdf', 'pages:1']","[{'id': 'D0062', 'why': 'adjacent-order'}, {'id': 'D0061', 'why': 'adjacent-order'}]",54,0000,WORKING,/mnt/data/fulltest/inputs/CQE_Roleplay_Scenes_v1_0_Sheets/Scene_15.pdf
root_uploads::RAG-00055,root_uploads,D0061,Scene_09.pdf,pdf,PDF 'Scene_09.pdf'. Ordered at pal64 step 55. Preview: PDF (1 pages),"['pdf', 'pages:1']","[{'id': 'D0067', 'why': 'adjacent-order'}, {'id': 'D0056', 'why': 'adjacent-order'}]",55,0000,WORKING,/mnt/data/fulltest/inputs/CQE_Roleplay_Scenes_v1_0_Sheets/Scene_09.pdf
root_uploads::RAG-00056,root_uploads,D0056,Scene_04.pdf,pdf,PDF 'Scene_04.pdf'. Ordered at pal64 step 56. Preview: PDF (1 pages),"['pdf', 'pages:1']","[{'id': 'D0061', 'why': 'adjacent-order'}, {'id': 'D0060', 'why': 'adjacent-order'}]",56,0000,WORKING,/mnt/data/fulltest/inputs/CQE_Roleplay_Scenes_v1_0_Sheets/Scene_04.pdf
root_uploads::RAG-00057,root_uploads,D0060,Scene_08.pdf,pdf,PDF 'Scene_08.pdf'. Ordered at pal64 step 57. Preview: PDF (1 pages),"['pdf', 'pages:1']","[{'id': 'D0056', 'why': 'adjacent-order'}, {'id': 'D0042', 'why': 'adjacent-order'}]",57,0000,WORKING,/mnt/data/fulltest/inputs/CQE_Roleplay_Scenes_v1_0_Sheets/Scene_08.pdf
root_uploads::RAG-00058,root_uploads,D0042,07_Theorem_Cards.pdf,pdf,PDF '07_Theorem_Cards.pdf'. Ordered at pal64 step 58. Preview: PDF (1 pages),"['pdf', 'pages:1']","[{'id': 'D0060', 'why': 'adjacent-order'}, {'id': 'D0054', 'why': 'adjacent-order'}]",58,0000,WORKING,/mnt/data/fulltest/inputs/CQE_Card_Kit_v1_2_Sheets/07_Theorem_Cards.pdf
root_uploads::RAG-00059,root_uploads,D0054,Scene_02.pdf,pdf,PDF 'Scene_02.pdf'. Ordered at pal64 step 59. Preview: PDF (1 pages),"['pdf', 'pages:1']","[{'id': 'D0042', 'why': 'adjacent-order'}, {'id': 'D0037', 'why': 'adjacent-order'}]",59,0000,WORKING,/mnt/data/fulltest/inputs/CQE_Roleplay_Scenes_v1_0_Sheets/Scene_02.pdf
root_uploads::RAG-00060,root_uploads,D0037,02_Octet_DNA10.pdf,pdf,PDF '02_Octet_DNA10.pdf'. Ordered at pal64 step 60. Preview: PDF (1 pages),"['pdf', 'pages:1']","[{'id': 'D0054', 'why': 'adjacent-order'}, {'id': 'D0053', 'why': 'adjacent-order'}]",60,0000,WORKING,/mnt/data/fulltest/inputs/CQE_Card_Kit_v1_2_Sheets/02_Octet_DNA10.pdf
root_uploads::RAG-00061,root_uploads,D0053,Scene_01.pdf,pdf,PDF 'Scene_01.pdf'. Ordered at pal64 step 61. Preview: PDF (1 pages),"['pdf', 'pages:1']","[{'id': 'D0037', 'why': 'adjacent-order'}, {'id': 'D0040', 'why': 'adjacent-order'}]",61,0000,WORKING,/mnt/data/fulltest/inputs/CQE_Roleplay_Scenes_v1_0_Sheets/Scene_01.pdf
root_uploads::RAG-00062,root_uploads,D0040,05_Stations.pdf,pdf,PDF '05_Stations.pdf'. Ordered at pal64 step 62. Preview: PDF (1 pages),"['pdf', 'pages:1']","[{'id': 'D0053', 'why': 'adjacent-order'}, {'id': 'D0052', 'why': 'adjacent-order'}]",62,0000,WORKING,/mnt/data/fulltest/inputs/CQE_Card_Kit_v1_2_Sheets/05_Stations.pdf
root_uploads::RAG-00063,root_uploads,D0052,Scene_00.pdf,pdf,PDF 'Scene_00.pdf'. Ordered at pal64 step 63. Preview: PDF (1 pages),"['pdf', 'pages:1']","[{'id': 'D0040', 'why': 'adjacent-order'}, {'id': 'D0041', 'why': 'adjacent-order'}]",63,0000,WORKING,/mnt/data/fulltest/inputs/CQE_Roleplay_Scenes_v1_0_Sheets/Scene_00.pdf
root_uploads::RAG-00064,root_uploads,D0041,06_Table_Playbook.pdf,pdf,PDF '06_Table_Playbook.pdf'. Ordered at pal64 step 64. Preview: PDF (1 pages),"['pdf', 'pages:1']","[{'id': 'D0052', 'why': 'adjacent-order'}, {'id': 'D0047', 'why': 'adjacent-order'}]",64,0000,WORKING,/mnt/data/fulltest/inputs/CQE_Card_Kit_v1_2_Sheets/06_Table_Playbook.pdf
root_uploads::RAG-00065,root_uploads,D0047,12_Baseline_Packs.pdf,pdf,PDF '12_Baseline_Packs.pdf'. Ordered at pal64 step 1. Preview: PDF (1 pages),"['pdf', 'pages:1']","[{'id': 'D0041', 'why': 'adjacent-order'}, {'id': 'D0050', 'why': 'adjacent-order'}]",1,0000,WORKING,/mnt/data/fulltest/inputs/CQE_Card_Kit_v1_2_Sheets/12_Baseline_Packs.pdf
root_uploads::RAG-00066,root_uploads,D0050,CQE_Ledger_Template.pdf,pdf,PDF 'CQE_Ledger_Template.pdf'. Ordered at pal64 step 2. Preview: PDF (1 pages),"['pdf', 'pages:1']","[{'id': 'D0047', 'why': 'adjacent-order'}, {'id': 'D0038', 'why': 'adjacent-order'}]",2,0000,WORKING,/mnt/data/fulltest/inputs/CQE_Ledger_Template.pdf
root_uploads::RAG-00067,root_uploads,D0038,03_Receipts_4bit.pdf,pdf,PDF '03_Receipts_4bit.pdf'. Ordered at pal64 step 3. Preview: PDF (1 pages),"['pdf', 'pages:1']","[{'id': 'D0050', 'why': 'adjacent-order'}, {'id': 'D0074', 'why': 'adjacent-order'}]",3,0000,WORKING,/mnt/data/fulltest/inputs/CQE_Card_Kit_v1_2_Sheets/03_Receipts_4bit.pdf
root_uploads::RAG-00068,root_uploads,D0074,Deck_Calculus_Reader_Card.pdf,pdf,PDF 'Deck_Calculus_Reader_Card.pdf'. Ordered at pal64 step 4. Preview: PDF (1 pages),"['pdf', 'pages:1']","[{'id': 'D0038', 'why': 'adjacent-order'}, {'id': 'D0045', 'why': 'adjacent-order'}]",4,0000,WORKING,/mnt/data/fulltest/inputs/Deck_Calculus_Reader_Card.pdf
root_uploads::RAG-00069,root_uploads,D0045,10_Sticky_Sidecars.pdf,pdf,PDF '10_Sticky_Sidecars.pdf'. Ordered at pal64 step 5. Preview: PDF (1 pages),"['pdf', 'pages:1']","[{'id': 'D0074', 'why': 'adjacent-order'}, {'id': 'D0039', 'why': 'adjacent-order'}]",5,0000,WORKING,/mnt/data/fulltest/inputs/CQE_Card_Kit_v1_2_Sheets/10_Sticky_Sidecars.pdf
root_uploads::RAG-00070,root_uploads,D0039,04_Parity_Loom.pdf,pdf,PDF '04_Parity_Loom.pdf'. Ordered at pal64 step 6. Preview: PDF (1 pages),"['pdf', 'pages:1']","[{'id': 'D0045', 'why': 'adjacent-order'}, {'id': 'D0034', 'why': 'adjacent-order'}]",6,0000,WORKING,/mnt/data/fulltest/inputs/CQE_Card_Kit_v1_2_Sheets/04_Parity_Loom.pdf
root_uploads::RAG-00071,root_uploads,D0034,CQE_Card_Kit_v1_2_Master.pdf,pdf,PDF 'CQE_Card_Kit_v1_2_Master.pdf'. Ordered at pal64 step 7. Preview: PDF (19 pages),"['pdf', 'pages:19']","[{'id': 'D0039', 'why': 'adjacent-order'}, {'id': 'D0019', 'why': 'adjacent-order'}]",7,0000,WORKING,/mnt/data/fulltest/inputs/CQE_Card_Kit_v1_2_Master.pdf
root_uploads::RAG-00072,root_uploads,D0019,brainwaves.csv,csv,CSV 'brainwaves.csv'. Ordered at pal64 step 8. Preview: 2 columns (preview header),"['col:t', 'col:amp']","[{'id': 'D0034', 'why': 'adjacent-order'}, {'id': 'D0020', 'why': 'adjacent-order'}]",8,0000,WORKING,/mnt/data/fulltest/inputs/CQE-Unified_Repo/examples/brainwaves/brainwaves.csv
root_uploads::RAG-00073,root_uploads,D0020,sound_spectrum.csv,csv,CSV 'sound_spectrum.csv'. Ordered at pal64 step 9. Preview: 2 columns (preview header),"['col:freq_hz', 'col:power']","[{'id': 'D0019', 'why': 'adjacent-order'}, {'id': 'D0049', 'why': 'adjacent-order'}]",9,0000,WORKING,/mnt/data/fulltest/inputs/CQE-Unified_Repo/examples/sound/sound_spectrum.csv
root_uploads::RAG-00074,root_uploads,D0049,CQE_Card_Mat.pdf,pdf,PDF 'CQE_Card_Mat.pdf'. Ordered at pal64 step 10. Preview: PDF (2 pages),"['pdf', 'pages:2']","[{'id': 'D0020', 'why': 'adjacent-order'}, {'id': 'D0051', 'why': 'adjacent-order'}]",10,0000,WORKING,/mnt/data/fulltest/inputs/CQE_Card_Mat.pdf
root_uploads::RAG-00075,root_uploads,D0051,CQE_Roleplay_Scenes_v1_0_Master.pdf,pdf,PDF 'CQE_Roleplay_Scenes_v1_0_Master.pdf'. Ordered at pal64 step 11. Preview: PDF (23 pages),"['pdf', 'pages:23']","[{'id': 'D0049', 'why': 'adjacent-order'}, {'id': 'D0075', 'why': 'adjacent-order'}]",11,0000,WORKING,/mnt/data/fulltest/inputs/CQE_Roleplay_Scenes_v1_0_Master.pdf
root_uploads::RAG-00076,root_uploads,D0075,Deck_Calculus_Worked_Examples.pdf,pdf,PDF 'Deck_Calculus_Worked_Examples.pdf'. Ordered at pal64 step 12. Preview: PDF (3 pages),"['pdf', 'pages:3']","[{'id': 'D0051', 'why': 'adjacent-order'}]",12,0000,WORKING,/mnt/data/fulltest/inputs/Deck_Calculus_Worked_Examples.pdf
