id,rails,seed,url,domain,title_guess,OPE_P8_D,OPE_debt,FCE_Dvotes,FCE_debt,pass_mirror,transfer_rail,transfer_tier,owner_team,status,kernel_path,benchmark_path
1,QD,1395503775,https://phys.org/news/2025-09-spectrum-microchip.html,phys.org,,5,0.03279789280791436,46,0.03351306775602881,True,,,Photonics & Quantum Control,TODO,kernels/kernel_1.json,bench_1.json
2,QD,507435455,https://www.nature.com/articles/s41467-025-62707-9,www.nature.com,,8,0.03096842441327709,42,0.035398700653451964,True,,,Photonics & Quantum Control,TODO,kernels/kernel_2.json,bench_2.json
3,QD,117322673,https://www.nature.com/articles/s41557-025-01936-3,www.nature.com,,8,0.03126505342486208,49,0.03138332004838228,True,,,Photonics & Quantum Control,TODO,kernels/kernel_3.json,bench_3.json
4,QD,1984616653,https://thequantuminsider.com/2025/09/17/infleqtion-unveils-new-architecture-to-accelerate-its-quantum-computing-roadmap-to-achieve-1000-logical-qubits-by-2030/,thequantuminsider.com,,7,0.04428952597951772,45,0.04561885264014207,True,,,Photonics & Quantum Control,DONE,kernels/kernel_4.json,bench_4.json
5,QD,170591974,https://www.nature.com/articles/s41598-025-18685-5,www.nature.com,,7,0.03773051553995969,42,0.03469185057541466,True,,,Photonics & Quantum Control,TODO,kernels/kernel_5.json,bench_5.json
6,QD,1751415291,https://www.newscientist.com/article/2496211-making-atoms-self-magnify-reveals-their-quantum-wave-functions/,www.newscientist.com,,5,0.04540508193138601,40,0.04285828965471629,True,,,Photonics & Quantum Control,TODO,kernels/kernel_6.json,bench_6.json
7,QD,941877223,https://phys.org/news/2025-09-shot-laser-technique-captures-plasma.html,phys.org,,5,0.04299452730812688,48,0.03613677099636455,True,,,Photonics & Quantum Control,TODO,kernels/kernel_7.json,bench_7.json
8,QD,1839612991,https://www.nature.com/articles/s41583-025-00971-w,www.nature.com,,6,0.031368575340198546,42,0.037007065238399556,True,,,Photonics & Quantum Control,TODO,kernels/kernel_8.json,bench_8.json
9,QD,1406092690,https://phys.org/news/2025-09-nanoscale-optical-device-enables-independent.html,phys.org,,6,0.0337434853831973,39,0.033342104486825494,True,,,Photonics & Quantum Control,DONE,kernels/kernel_9.json,bench_9.json
10,QD,1230936249,https://www.nature.com/articles/s41557-025-01935-4,www.nature.com,,5,0.04469194146174284,46,0.0374144046946628,True,,,Photonics & Quantum Control,TODO,kernels/kernel_10.json,bench_10.json
11,QD,180038607,https://phys.org/news/2025-09-device-amplifies-shielding-qubits-unwanted.html,phys.org,,8,0.03914745862593116,42,0.03394048935756371,True,,,Photonics & Quantum Control,TODO,kernels/kernel_11.json,bench_11.json
12,QD,158591883,https://www.popularmechanics.com/science/a66391744/first-law-thermodynamics-rewritten-physics/,www.popularmechanics.com,,5,0.032087408130598766,38,0.03175049000710033,True,,,Photonics & Quantum Control,DONE,kernels/kernel_12.json,bench_12.json
13,QD,1279913062,https://phys.org/news/2025-09-unexpected-metabolic-compound-decode-language.html,phys.org,,7,0.043340575839598064,42,0.034018455705770424,True,,,Photonics & Quantum Control,TODO,kernels/kernel_13.json,bench_13.json
14,BIO,187168127,https://phys.org/news/2025-09-genetic-code-early-protein.html,phys.org,,7,0.03538388742788648,46,0.03623006163369155,True,,,Bio/Coherence,TODO,kernels/kernel_14.json,bench_14.json
15,QD,330029199,https://www.nature.com/articles/s41586-025-09528-4,www.nature.com,,7,0.04224275234351912,40,0.040626541624539055,True,,,Photonics & Quantum Control,DONE,kernels/kernel_15.json,bench_15.json
16,QD,712936090,https://www.sciencedaily.com/releases/2025/09/250915202831.htm,www.sciencedaily.com,,7,0.04495343518458775,41,0.040991404433241105,True,,,Photonics & Quantum Control,TODO,kernels/kernel_16.json,bench_16.json
17,QD,1360874096,https://www.chemistryworld.com/news/porphyrin-ring-pushes-the-size-limit-for-fully-aromatic-molecules/4022158.article,www.chemistryworld.com,,8,0.03745066266093211,41,0.03146901408573198,True,,,Photonics & Quantum Control,TODO,kernels/kernel_17.json,bench_17.json
18,QD,1959473399,https://www.sciencedaily.com/releases/2025/09/250916221819.htm,www.sciencedaily.com,,7,0.050129706840121996,46,0.03531742076188162,True,,,Photonics & Quantum Control,TODO,kernels/kernel_18.json,bench_18.json
19,QD,1486675903,https://www.sciencedaily.com/releases/2025/09/250912195124.htm,www.sciencedaily.com,,6,0.0315669881603929,38,0.04372687161153488,True,,,Photonics & Quantum Control,TODO,kernels/kernel_19.json,bench_19.json
20,QD,450325026,https://www.nature.com/articles/s42254-025-00869-7,www.nature.com,,8,0.030958098793221554,41,0.03685883270612638,True,,,Photonics & Quantum Control,DONE,kernels/kernel_20.json,bench_20.json
21,QD,108253868,https://writings.stephenwolfram.com/2025/09/the-ruliology-of-lambdas/,writings.stephenwolfram.com,,6,0.030582427583479413,41,0.032451276309921784,True,,,Photonics & Quantum Control,DONE,kernels/kernel_21.json,bench_21.json
22,QD,1754396910,https://scitechdaily.com/googles-quantum-ai-unlocks-a-strange-new-phase-of-matter/,scitechdaily.com,,6,0.03359108513949488,39,0.04170837200437109,True,,,Photonics & Quantum Control,TODO,kernels/kernel_22.json,bench_22.json
23,QD,1232856041,https://phys.org/news/2025-09-machine-unravels-quantum-atomic-vibrations.html,phys.org,,8,0.043309186860760115,49,0.03361080672069056,True,,,Photonics & Quantum Control,TODO,kernels/kernel_23.json,bench_23.json
24,QD,1728166102,https://unionrayo.com/en/battery-5700-years/,unionrayo.com,,6,0.031088960138304332,49,0.03635602328594657,True,,,Photonics & Quantum Control,TODO,kernels/kernel_24.json,bench_24.json
25,QD,2140372406,https://phys.org/news/2025-09-synthetic-magnetic-fields-chip-faster.html,phys.org,,6,0.03967108600613139,42,0.04266032892661844,True,,,Photonics & Quantum Control,DONE,kernels/kernel_25.json,bench_25.json
26,QD,360326245,https://www.energy-reporters.com/environment/weak-as-human-brain-activity-scientists-discover-early-universe-magnetic-fields-were-0-02-nanogauss-using-250000-computer-simulations/,www.energy-reporters.com,,7,0.034880734263626166,49,0.03523912704944125,True,,,Photonics & Quantum Control,TODO,kernels/kernel_26.json,bench_26.json
27,QD,327398357,https://gizmodo.com/physicists-made-a-time-crystal-we-can-actually-see-2000658239,gizmodo.com,,7,0.03858935912377331,39,0.033761402360010434,True,,,Photonics & Quantum Control,DONE,kernels/kernel_27.json,bench_27.json
28,QD,1360524617,https://www.nature.com/articles/s41586-025-09475-0,www.nature.com,,5,0.04009129546291463,39,0.04590028208717873,True,,,Photonics & Quantum Control,DONE,kernels/kernel_28.json,bench_28.json
29,QD,1668024233,https://www.sciencedaily.com/releases/2025/09/250913232933.htm,www.sciencedaily.com,,6,0.037949242572456646,44,0.032761575571583726,True,,,Photonics & Quantum Control,TODO,kernels/kernel_29.json,bench_29.json
30,QD,1605833696,https://www.openculture.com/2025/09/40000-year-old-symbols-found-in-caves-worldwide-may-be-the-earliest-written-language.html,www.openculture.com,,8,0.031504821407424326,44,0.0328016347140786,True,,,Photonics & Quantum Control,TODO,kernels/kernel_30.json,bench_30.json
31,BIO,1041802939,https://phys.org/news/2025-09-dna-important-cell-function-previously.html,phys.org,,5,0.031179181410310532,47,0.04306048133037766,True,,,Bio/Coherence,TODO,kernels/kernel_31.json,bench_31.json
