overlay_id,parent,attractor,grad,rest_initial,delta_lift_applied,rest_after_delta,rest_after_strict,scope
A1.v8.N1,A1.v8,1,0.569,False,False,False,False,EXO
A1.v8.N2,A1.v8,1,0.672,False,False,False,False,EXO
A1.v8.N3,A1.v8,1,0.721,False,True,False,False,EXO
A1.v8.N4,A1.v8,1,0.618,False,True,False,False,EXO
A1.v8.N5,A1.v8,1,0.651,False,True,False,False,EXO
A1.v8.N6,A1.v8,1,0.625,False,False,False,False,EXO
A1.v8.N7,A1.v8,1,0.715,False,False,False,False,EXO
A1.v8.N8,A1.v8,1,0.736,False,True,False,False,EXO
