{
  "parent": "A1.v8",
  "attractor": 1,
  "hue16": "0x4144",
  "overlays": [
    {
      "overlay_id": "A1.v8.N1",
      "parent": "A1.v8",
      "attractor": 1,
      "hue16": "0x4144",
      "grad": 0.569,
      "binary_pass": false,
      "fail_reason": "no_residue_improvement"
    },
    {
      "overlay_id": "A1.v8.N2",
      "parent": "A1.v8",
      "attractor": 1,
      "hue16": "0x4144",
      "grad": 0.672,
      "binary_pass": false,
      "fail_reason": "mirror_mismatch"
    },
    {
      "overlay_id": "A1.v8.N3",
      "parent": "A1.v8",
      "attractor": 1,
      "hue16": "0x4144",
      "grad": 0.721,
      "binary_pass": false,
      "fail_reason": "collision"
    },
    {
      "overlay_id": "A1.v8.N4",
      "parent": "A1.v8",
      "attractor": 1,
      "hue16": "0x4144",
      "grad": 0.618,
      "binary_pass": false,
      "fail_reason": "mirror_mismatch"
    },
    {
      "overlay_id": "A1.v8.N5",
      "parent": "A1.v8",
      "attractor": 1,
      "hue16": "0x4144",
      "grad": 0.651,
      "binary_pass": false,
      "fail_reason": "no_iso_move"
    },
    {
      "overlay_id": "A1.v8.N6",
      "parent": "A1.v8",
      "attractor": 1,
      "hue16": "0x4144",
      "grad": 0.625,
      "binary_pass": false,
      "fail_reason": "no_iso_move"
    },
    {
      "overlay_id": "A1.v8.N7",
      "parent": "A1.v8",
      "attractor": 1,
      "hue16": "0x4144",
      "grad": 0.715,
      "binary_pass": false,
      "fail_reason": "mirror_mismatch"
    },
    {
      "overlay_id": "A1.v8.N8",
      "parent": "A1.v8",
      "attractor": 1,
      "hue16": "0x4144",
      "grad": 0.736,
      "binary_pass": false,
      "fail_reason": "no_iso_move"
    }
  ]
}