rel_path,ext,lines,words,num_headings,kw_SFBB,kw_superperm,kw_superpermutation,kw_AGRM,kw_MDHG,kw_CMPLX,kw_E8,kw_LSDT,kw_TSP,kw_de bruijn,kw_debruijn,kw_beam,kw_orchestrator,kw_hash,kw_golden,kw_glyph,kw_lattice
ConStruct 6- New Build/ConStruct 6- New Build/Codebase/21725/analysis.txt,.txt,42,159,0,0,15,15,0,0,0,0,0,0,0,0,0,0,0,0,0,0
ConStruct 6- New Build/ConStruct 6- New Build/Codebase/21725/assembly_line.txt,.txt,45,158,0,0,0,0,0,0,0,0,0,0,0,0,0,0,0,0,0,0
ConStruct 6- New Build/ConStruct 6- New Build/Codebase/21725/classification_process.txt,.txt,14,34,0,0,0,0,0,0,0,0,0,0,0,0,0,0,0,0,0,0
ConStruct 6- New Build/ConStruct 6- New Build/Codebase/21725/config.txt,.txt,45,182,0,0,0,0,0,0,0,0,0,0,0,0,0,0,0,0,0,0
ConStruct 6- New Build/ConStruct 6- New Build/Codebase/21725/construct.txt,.txt,156,600,0,0,39,39,0,0,0,0,0,0,0,0,0,0,0,0,0,0
ConStruct 6- New Build/ConStruct 6- New Build/Codebase/21725/core_framework.txt,.txt,28,64,1,0,0,0,0,0,0,0,0,0,0,0,0,0,0,0,0,0
ConStruct 6- New Build/ConStruct 6- New Build/Codebase/21725/data_classification.txt,.txt,26,55,0,0,2,2,0,0,0,0,0,0,0,0,0,0,0,0,0,0
ConStruct 6- New Build/ConStruct 6- New Build/Codebase/21725/data_classifier.txt,.txt,17,36,0,0,0,0,0,0,0,0,0,0,0,0,0,0,0,0,0,0
ConStruct 6- New Build/ConStruct 6- New Build/Codebase/21725/data_manage.txt,.txt,44,173,6,0,12,12,0,0,0,0,0,0,0,0,0,0,0,0,0,0
ConStruct 6- New Build/ConStruct 6- New Build/Codebase/21725/data_monitor.txt,.txt,16,40,0,0,0,0,0,0,0,0,0,0,0,0,0,0,0,0,0,0
ConStruct 6- New Build/ConStruct 6- New Build/Codebase/21725/documentation_tool.txt,.txt,46,148,0,0,0,0,0,0,0,0,0,0,0,0,0,0,0,0,0,0
ConStruct 6- New Build/ConStruct 6- New Build/Codebase/21725/dtt - deploy to test.txt,.txt,41,141,0,0,1,1,0,0,0,0,0,0,0,0,0,0,0,0,0,0
ConStruct 6- New Build/ConStruct 6- New Build/Codebase/21725/error_handler.txt,.txt,23,79,7,0,0,0,0,0,0,0,0,0,0,0,0,0,0,0,0,0
ConStruct 6- New Build/ConStruct 6- New Build/Codebase/21725/formulas.txt,.txt,32,105,0,0,3,3,0,0,0,0,0,0,0,0,0,0,0,0,0,0
ConStruct 6- New Build/ConStruct 6- New Build/Codebase/21725/graph.txt,.txt,18,43,1,0,1,1,0,0,0,0,0,0,0,0,0,0,0,0,0,0
ConStruct 6- New Build/ConStruct 6- New Build/Codebase/21725/knowledge_base_manager.txt,.txt,14,22,0,0,0,0,0,0,0,0,0,0,0,0,0,0,0,0,0,0
ConStruct 6- New Build/ConStruct 6- New Build/Codebase/21725/laminate.txt,.txt,17,35,0,0,0,0,0,0,0,0,0,0,0,0,0,0,0,0,0,0
ConStruct 6- New Build/ConStruct 6- New Build/Codebase/21725/main.txt,.txt,91,312,0,0,13,13,0,0,0,0,0,0,0,0,0,0,0,0,0,0
ConStruct 6- New Build/ConStruct 6- New Build/Codebase/21725/new 1.txt,.txt,27,64,0,0,0,0,0,0,0,0,0,0,0,0,0,0,0,0,0,0
ConStruct 6- New Build/ConStruct 6- New Build/Codebase/21725/prodigal.txt,.txt,16,34,0,0,0,0,0,0,0,0,0,0,0,0,0,0,0,0,0,0
ConStruct 6- New Build/ConStruct 6- New Build/Codebase/21725/security_controls.txt,.txt,19,42,0,0,0,0,0,0,0,0,0,0,0,0,0,0,0,0,0,0
ConStruct 6- New Build/ConStruct 6- New Build/Codebase/21725/snapshots_movies_songs.txt,.txt,19,29,0,0,0,0,0,0,0,0,0,0,0,0,0,0,0,0,0,0
ConStruct 6- New Build/ConStruct 6- New Build/Codebase/21725/test_suite.txt,.txt,66,267,0,0,13,13,0,0,0,0,0,0,0,0,0,0,0,0,0,0
ConStruct 6- New Build/ConStruct 6- New Build/Codebase/21725/think_tank.txt,.txt,53,185,0,0,0,0,0,0,0,0,0,0,0,0,0,0,0,0,0,0
ConStruct 6- New Build/ConStruct 6- New Build/Codebase/21725/training_program.txt,.txt,21,49,0,0,0,0,0,0,0,0,0,0,0,0,0,0,0,0,0,0
ConStruct 6- New Build/ConStruct 6- New Build/Codebase/21725/utility.txt,.txt,14,50,0,0,0,0,0,0,0,0,0,0,0,0,0,0,0,0,0,0
ConStruct 6- New Build/ConStruct 6- New Build/Codebase/New and Updated Code 21625/code as .txt/analysis.txt,.txt,26,94,0,0,6,6,0,0,0,0,0,0,0,0,0,0,0,0,0,0
ConStruct 6- New Build/ConStruct 6- New Build/Codebase/New and Updated Code 21625/code as .txt/config.txt,.txt,27,89,0,0,0,0,0,0,0,0,0,0,0,0,0,0,0,0,0,0
ConStruct 6- New Build/ConStruct 6- New Build/Codebase/New and Updated Code 21625/code as .txt/construct.txt,.txt,30,128,0,0,1,1,0,0,0,0,0,0,0,0,0,0,0,0,0,0
ConStruct 6- New Build/ConStruct 6- New Build/Codebase/New and Updated Code 21625/code as .txt/core_framework.txt,.txt,27,64,0,0,0,0,0,0,0,0,0,0,0,0,0,0,0,0,0,0
ConStruct 6- New Build/ConStruct 6- New Build/Codebase/New and Updated Code 21625/code as .txt/data_manager.txt,.txt,37,139,0,0,8,8,0,0,0,0,0,0,0,0,0,0,0,0,0,0
ConStruct 6- New Build/ConStruct 6- New Build/Codebase/New and Updated Code 21625/code as .txt/documentation_tool.txt,.txt,50,185,1,0,0,0,0,0,0,0,0,0,0,0,0,0,0,0,0,0
ConStruct 6- New Build/ConStruct 6- New Build/Codebase/New and Updated Code 21625/code as .txt/dtt.txt,.txt,41,143,0,0,0,0,0,0,0,0,0,0,0,0,0,0,0,0,0,0
ConStruct 6- New Build/ConStruct 6- New Build/Codebase/New and Updated Code 21625/code as .txt/graph.txt,.txt,33,132,0,0,1,1,0,0,0,0,0,0,0,0,0,0,0,0,0,0
ConStruct 6- New Build/ConStruct 6- New Build/Codebase/New and Updated Code 21625/code as .txt/knowledge_base_manager.txt,.txt,41,118,1,0,0,0,0,0,0,0,0,0,0,0,0,0,0,0,0,0
ConStruct 6- New Build/ConStruct 6- New Build/Codebase/New and Updated Code 21625/code as .txt/main.txt,.txt,62,163,1,0,19,19,0,0,0,0,0,0,0,0,0,0,0,0,0,0
ConStruct 6- New Build/ConStruct 6- New Build/Codebase/New and Updated Code 21625/code as .txt/snapshots_movies_songs.txt,.txt,63,202,1,0,0,0,0,0,0,0,0,0,0,0,0,0,0,0,0,0
ConStruct 6- New Build/ConStruct 6- New Build/Codebase/New and Updated Code 21625/code as .txt/test_suite.txt,.txt,22,66,1,0,5,5,0,0,0,0,0,0,0,0,0,0,0,0,0,0
ConStruct 6- New Build/ConStruct 6- New Build/Codebase/New and Updated Code 21625/code as .txt/think_tank.txt,.txt,43,140,0,0,0,0,0,0,0,0,0,0,0,0,0,0,0,0,0,0
ConStruct 6- New Build/ConStruct 6- New Build/Codebase/New and Updated Code 21625/code as .txt/utility.txt,.txt,24,70,2,0,0,0,0,0,0,0,0,0,0,0,0,0,0,0,0,0
ConStruct 6- New Build/ConStruct 6- New Build/Codebase/base code for backup/best code as it stands/ConstructiveAlgorithm class.txt,.txt,44,193,0,0,2,2,0,0,0,0,0,0,0,0,0,0,0,0,0,0
ConStruct 6- New Build/ConStruct 6- New Build/Codebase/base code for backup/best code as it stands/DocumentationTool class.txt,.txt,16,57,0,0,0,0,0,0,0,0,0,0,0,0,0,0,0,0,0,0
ConStruct 6- New Build/ConStruct 6- New Build/Codebase/base code for backup/best code as it stands/DynamicStrategySelector class.txt,.txt,27,66,0,0,0,0,0,0,0,0,0,0,0,0,0,0,0,0,0,0
ConStruct 6- New Build/ConStruct 6- New Build/Codebase/base code for backup/best code as it stands/FormulaRefiner class.txt,.txt,46,187,0,0,0,0,0,0,0,0,0,0,0,0,0,0,0,0,0,0
ConStruct 6- New Build/ConStruct 6- New Build/Codebase/base code for backup/best code as it stands/Main execution block.txt,.txt,18,63,0,0,6,6,0,0,0,0,0,0,0,0,0,0,0,0,0,0
ConStruct 6- New Build/ConStruct 6- New Build/Codebase/base code for backup/best code as it stands/PerformanceOptimizer class.txt,.txt,27,80,0,0,0,0,0,0,0,0,0,0,0,0,0,0,0,0,0,0
ConStruct 6- New Build/ConStruct 6- New Build/Codebase/base code for backup/best code as it stands/ProgressTracker class.txt,.txt,22,68,0,0,0,0,0,0,0,0,0,0,0,0,0,0,0,0,0,0
ConStruct 6- New Build/ConStruct 6- New Build/Codebase/base code for backup/best code as it stands/SequenceAnalyzer class.txt,.txt,84,408,0,0,1,1,0,0,0,0,0,0,0,0,0,0,0,0,0,0
ConStruct 6- New Build/ConStruct 6- New Build/Codebase/base code for backup/best code as it stands/SequenceMemory class.txt,.txt,36,141,0,0,0,0,0,0,0,0,0,0,0,0,0,0,0,0,0,0
ConStruct 6- New Build/ConStruct 6- New Build/Codebase/base code for backup/best code as it stands/SequenceOptimizer class.txt,.txt,123,554,0,0,7,7,0,0,0,0,0,0,0,0,0,0,0,0,0,0
ConStruct 6- New Build/ConStruct 6- New Build/Codebase/base code for backup/best code as it stands/SuperpermutationGenerator class.txt,.txt,55,180,0,0,3,3,0,0,0,0,0,0,0,0,0,0,0,0,0,0
ConStruct 6- New Build/ConStruct 6- New Build/Codebase/base code for backup/best code as it stands/Utility functions.txt,.txt,14,55,0,0,1,1,0,0,0,0,0,0,0,0,0,0,0,0,0,0
ConStruct 6- New Build/ConStruct 6- New Build/Egan n=7 sequence.docx,.docx,2,1,0,0,0,0,0,0,0,0,0,0,0,0,0,0,0,0,0,0
ConStruct 6- New Build/ConStruct 6- New Build/Egan n=8 sequence.docx,.docx,2,1,0,0,0,0,0,0,0,0,0,0,0,0,0,0,0,0,0,0
ConStruct 6- New Build/ConStruct 6- New Build/~$an n=8 sequence.docx,.docx,1,9,0,0,0,0,0,0,0,0,0,0,0,0,0,0,0,0,0,0
