{
  "id": "SOUND_DEMO_001",
  "version": "1.0",
  "tokens": {
    "sample_rate_hz": 16000,
    "frame_ms": 20,
    "band_hz": [
      300,
      3400
    ],
    "snr_min_db": 18
  },
  "dna10": {
    "timing": "20ms hop",
    "polarity": "mono",
    "scale": "+/-1",
    "pose": "time->freq",
    "domain": "audio",
    "conditioning": "band-limited",
    "units": "SI",
    "precision": "1e-3",
    "cost": "low",
    "seed": 1337
  },
  "octet_views": [
    "time",
    "stft_short",
    "stft_long",
    "cqt",
    "band_plus6",
    "band_minus6",
    "burst_noise",
    "low_snr"
  ],
  "surrounds": {
    "local_8x8": true,
    "neighborhood_4x4x4x4": true,
    "parity_2x2x2x2": true
  },
  "mirror_tests": [
    {
      "view": "stft_short",
      "forward": "stft",
      "inverse": "istft",
      "metric": "l2",
      "limit": 0.001
    },
    {
      "view": "stft_long",
      "forward": "stft",
      "inverse": "istft",
      "metric": "l2",
      "limit": 0.001
    }
  ],
  "tolerances": {
    "residual_l2_max": 0.001
  },
  "allowed_deltas": [
    "window_swap_dpss",
    "median_transient_smoother",
    "bias_repaint"
  ],
  "strict_ratchets": [
    {
      "name": "snr_min_db",
      "from": 18,
      "to": 20,
      "condition": "all_views_pass"
    }
  ],
  "receipts": {
    "publish_redacted": true
  },
  "commit_rules": {
    "bits": 4,
    "pattern": "1011_when_all_mirror_pass_and_strict_met"
  }
}