{
  "$schema": "http://json-schema.org/draft-07/schema#",
  "title": "CQE Workorder Schema",
  "type": "object",
  "properties": {
    "id": {
      "type": "string"
    },
    "version": {
      "type": "string"
    },
    "tokens": {
      "type": "object"
    },
    "dna10": {
      "type": "object"
    },
    "octet_views": {
      "type": "array",
      "items": {
        "type": "string"
      },
      "minItems": 1,
      "maxItems": 8
    },
    "surrounds": {
      "type": "object",
      "properties": {
        "local_8x8": {
          "type": "boolean"
        },
        "neighborhood_4x4x4x4": {
          "type": "boolean"
        },
        "parity_2x2x2x2": {
          "type": "boolean"
        }
      },
      "required": [
        "local_8x8",
        "neighborhood_4x4x4x4",
        "parity_2x2x2x2"
      ]
    },
    "mirror_tests": {
      "type": "array",
      "items": {
        "type": "object"
      }
    },
    "tolerances": {
      "type": "object"
    },
    "allowed_deltas": {
      "type": "array",
      "items": {
        "type": "string"
      }
    },
    "strict_ratchets": {
      "type": "array",
      "items": {
        "type": "object"
      }
    },
    "receipts": {
      "type": "object"
    },
    "commit_rules": {
      "type": "object"
    }
  },
  "required": [
    "id",
    "version",
    "tokens",
    "dna10",
    "octet_views",
    "surrounds",
    "mirror_tests",
    "tolerances",
    "allowed_deltas",
    "strict_ratchets",
    "commit_rules"
  ]
}