{
  "$schema": "https://json-schema.org/draft/2020-12/schema",
  "title": "Snap Envelope v2 (scaffold)",
  "type": "object",
  "required": [
    "snap_id",
    "labels",
    "policy_hash",
    "created_at"
  ],
  "properties": {
    "snap_id": {
      "type": "string"
    },
    "labels": {
      "type": "object",
      "required": [
        "family",
        "type"
      ],
      "properties": {
        "family": {
          "type": "string"
        },
        "type": {
          "type": "string"
        }
      }
    },
    "glyph": {
      "type": "object",
      "properties": {
        "id": {
          "type": "string"
        },
        "triplet": {
          "type": "array",
          "items": {
            "type": "string"
          },
          "minItems": 3,
          "maxItems": 3
        },
        "i_class": {
          "type": "integer",
          "minimum": 1,
          "maximum": 8
        }
      }
    },
    "shell_level": {
      "type": "integer",
      "minimum": 1,
      "maximum": 3
    },
    "policy_hash": {
      "type": "string"
    },
    "created_at": {
      "type": "integer"
    }
  },
  "additionalProperties": true
}