{
  "$schema": "https://json-schema.org/draft/2020-12/schema",
  "title": "LFAI ProofBundle",
  "type": "object",
  "required": [
    "type",
    "ver",
    "anchor_id",
    "frame_hash",
    "rest_scale",
    "latches",
    "pal",
    "bundle_sha256"
  ],
  "properties": {
    "type": {
      "const": "LFAI-ProofBundle"
    },
    "ver": {
      "type": "string"
    },
    "ts": {
      "type": "integer"
    },
    "anchor_id": {
      "type": "string",
      "pattern": "^[0-9a-f]{64}$"
    },
    "frame_hash": {
      "type": "string",
      "pattern": "^[0-9a-f]{64}$"
    },
    "rest_scale": {
      "type": "integer"
    },
    "latches": {
      "type": "array",
      "items": {
        "type": "integer",
        "minimum": 0,
        "maximum": 1
      },
      "minItems": 8,
      "maxItems": 8
    },
    "pal": {
      "type": "object",
      "required": [
        "P4",
        "P8"
      ],
      "properties": {
        "P4": {
          "type": "integer"
        },
        "P8": {
          "type": "integer"
        }
      }
    },
    "extras": {
      "type": "object"
    },
    "bundle_sha256": {
      "type": "string",
      "pattern": "^[0-9a-f]{64}$"
    }
  }
}