rel_path,ext,lines,words,kw_SFBB,kw_superperm,kw_superpermutation,kw_AGRM,kw_MDHG,kw_CMPLX,kw_E8,kw_LSDT,kw_TSP,kw_de bruijn,kw_debruijn,kw_beam,kw_orchestrator,kw_hash,kw_golden,kw_glyph,kw_lattice,py_has_main,py_num_classes,py_num_functions
py/.py/AGRM.py,.py,2559,13005,0,0,0,51,77,0,0,0,4,0,0,0,0,144,12,0,0,True,9,95
py/.py/CMPLX.py,.py,2558,13029,0,0,0,54,77,0,0,0,4,0,0,0,0,144,12,0,0,False,0,0
py/.py/Candidate Generation and Scoring.py,.py,111,473,0,10,10,0,0,0,0,0,0,0,0,0,0,38,0,0,0,False,0,2
py/.py/Experiment_Specific_Script.py,.py,68,209,0,0,0,0,0,0,0,0,0,0,0,0,0,0,0,0,0,False,0,3
py/.py/Hash.py,.py,1727,5955,0,0,0,0,2,0,0,0,0,0,0,0,0,125,14,0,0,False,0,0
py/.py/Hash_testsuite.py,.py,472,1601,0,0,0,0,13,0,0,0,0,0,0,0,0,103,0,0,0,True,1,14
py/.py/Layout Memory and Data Persistence.py,.py,191,686,0,23,23,0,0,0,0,0,0,0,0,0,0,5,0,0,0,False,0,0
py/.py/agrm_adaptive_builder.py,.py,48,174,0,0,0,4,0,0,0,0,0,0,0,0,0,0,0,0,0,False,1,4
py/.py/agrm_cli_allrun (1).py,.py,68,215,0,0,0,14,0,0,0,0,5,0,0,0,0,0,0,0,0,True,0,3
py/.py/agrm_cli_allrun.py,.py,115,366,0,0,0,17,0,0,0,0,12,0,0,0,0,0,0,0,0,True,1,7
py/.py/agrm_cli_launcher (1).py,.py,3,22,0,0,0,0,0,0,0,0,0,0,0,0,0,0,0,0,0,False,0,0
py/.py/agrm_cli_launcher (2).py,.py,130,451,0,0,0,19,0,0,0,0,19,0,0,0,0,0,0,0,0,True,1,7
py/.py/agrm_cli_launcher (3).py,.py,51,177,0,0,0,9,0,0,0,0,4,0,0,0,0,0,0,0,0,True,0,1
py/.py/agrm_cli_launcher.py,.py,3,22,0,0,0,0,0,0,0,0,0,0,0,0,0,0,0,0,0,False,0,0
py/.py/agrm_complexity_modulator.py,.py,42,227,0,0,0,1,0,0,0,0,0,0,0,0,0,0,0,0,0,False,1,9
py/.py/agrm_core_loop.py,.py,56,235,0,0,0,20,0,0,0,0,0,0,0,0,0,0,0,0,0,False,1,4
py/.py/agrm_diagnostics (1).py,.py,70,246,0,0,0,2,0,0,0,0,0,0,0,0,0,0,0,0,0,False,0,0
py/.py/agrm_diagnostics.py,.py,58,199,0,0,0,2,0,0,0,0,0,0,0,0,0,0,0,0,0,False,1,8
py/.py/agrm_distance_cap.py,.py,38,187,0,0,0,1,0,0,0,0,0,0,0,0,0,0,0,0,0,False,1,6
py/.py/agrm_dynamic_midpoint.py,.py,29,137,0,0,0,1,0,0,0,0,0,0,0,0,0,0,0,0,0,False,1,4
py/.py/agrm_feedback_bus.py,.py,32,104,0,0,0,1,0,0,0,0,0,0,0,0,0,0,0,0,0,False,1,7
py/.py/agrm_modulation_and_legalgraph (1).py,.py,70,337,0,0,0,3,0,0,0,0,0,0,0,0,0,0,0,0,0,False,2,14
py/.py/agrm_modulation_and_legalgraph.py,.py,63,311,0,0,0,3,0,0,0,0,0,0,0,0,0,0,0,0,0,False,2,14
py/.py/agrm_modulation_brain (1).py,.py,80,385,0,0,0,1,0,0,0,0,0,0,0,0,0,0,0,0,0,False,0,0
py/.py/agrm_modulation_brain.py,.py,75,356,0,0,0,1,0,0,0,0,0,0,0,0,0,0,0,0,0,False,1,11
py/.py/agrm_path_engine.py,.py,83,331,0,0,0,3,0,0,0,0,0,0,0,0,0,0,0,0,0,False,1,7
py/.py/agrm_pathbuilder_dual (1).py,.py,49,178,0,0,0,4,0,0,0,0,0,0,0,0,0,0,0,0,0,False,1,5
py/.py/agrm_pathbuilder_dual.py,.py,43,159,0,0,0,4,0,0,0,0,0,0,0,0,0,0,0,0,0,False,1,5
py/.py/agrm_phase_reverse_builder.py,.py,59,235,0,0,0,1,0,0,0,0,0,0,0,0,0,0,0,0,0,False,1,5
py/.py/agrm_profiler_diagnostics (1).py,.py,63,174,0,0,0,4,0,0,0,0,0,0,0,0,0,0,0,0,0,False,2,10
py/.py/agrm_profiler_diagnostics.py,.py,62,174,0,0,0,4,0,0,0,0,0,0,0,0,0,0,0,0,0,False,2,10
py/.py/agrm_quadrant_legality.py,.py,33,148,0,0,0,1,0,0,0,0,0,0,0,0,0,0,0,0,0,False,1,4
py/.py/agrm_results_export (1).py,.py,44,219,0,0,0,6,0,0,0,0,0,0,0,0,0,0,0,0,0,False,0,3
py/.py/agrm_results_export.py,.py,43,219,0,0,0,6,0,0,0,0,0,0,0,0,0,0,0,0,0,False,0,3
py/.py/agrm_runtime_controller (1).py,.py,68,208,0,0,0,6,0,0,0,0,0,0,0,0,0,0,0,0,0,False,2,5
py/.py/agrm_runtime_controller (2).py,.py,91,307,0,0,0,30,0,0,0,0,0,0,0,0,0,0,0,0,0,False,1,6
py/.py/agrm_runtime_controller (3).py,.py,92,310,0,0,0,31,0,0,0,0,0,0,0,0,0,0,0,0,0,False,1,6
py/.py/agrm_runtime_controller (4).py,.py,92,316,0,0,0,31,0,0,0,0,0,0,0,0,0,0,0,0,0,False,1,6
py/.py/agrm_runtime_controller.py,.py,81,269,0,0,0,5,0,0,0,0,0,0,0,0,0,0,0,0,0,False,4,12
py/.py/agrm_salesman_patch (1).py,.py,49,196,0,0,0,1,0,0,0,0,0,0,0,0,0,0,0,0,0,False,0,0
py/.py/agrm_salesman_patch.py,.py,35,144,0,0,0,1,0,0,0,0,0,0,0,0,0,0,0,0,0,False,1,4
py/.py/agrm_spiral_reentry.py,.py,27,120,0,0,0,1,0,0,0,0,0,0,0,0,0,0,0,0,0,False,1,4
py/.py/agrm_spiral_retention.py,.py,27,135,0,0,0,1,0,0,0,0,0,0,0,0,0,0,0,0,0,False,1,4
py/.py/agrm_zone_collapse.py,.py,41,199,0,0,0,1,0,0,0,0,0,0,0,0,0,0,0,0,0,False,1,5
py/.py/agrm_zone_density.py,.py,46,218,0,0,0,1,0,0,0,0,0,0,0,0,0,0,0,0,0,False,1,6
py/.py/ai_doc0_state_rebuilder.py,.py,56,194,0,0,0,0,0,0,0,0,0,0,0,0,0,0,0,0,0,True,0,2
py/.py/analysis_scripts.py,.py,568,2797,0,64,56,0,0,0,0,0,0,6,6,0,0,33,3,0,0,False,0,0
py/.py/analysis_scripts_2.0.py,.py,681,3035,0,76,56,0,0,0,0,0,0,8,2,0,0,46,4,0,0,False,0,0
py/.py/analysis_scripts_final.py,.py,657,3014,0,67,59,0,0,0,0,0,0,8,2,0,0,43,4,0,0,False,0,22
py/.py/audit_output.py,.py,16,73,0,0,0,0,0,1,0,0,0,0,0,0,0,0,0,0,0,False,0,1
py/.py/benchmark_suite (1).py,.py,35,123,0,0,0,0,6,0,0,0,0,0,0,0,0,5,0,0,0,True,0,1
py/.py/benchmark_suite.py,.py,9,40,0,0,0,0,1,0,0,0,0,0,0,0,0,2,0,0,0,True,0,0
py/.py/cmplx_adaptive_builder.py,.py,48,174,0,0,0,4,0,0,0,0,0,0,0,0,0,0,0,0,0,False,1,4
py/.py/cmplx_anchor_reset.py,.py,34,141,0,0,0,1,0,0,0,0,0,0,0,0,0,0,0,0,0,False,1,3
py/.py/cmplx_cli_all.py,.py,27,113,0,0,0,2,0,3,0,0,1,0,0,0,0,0,0,0,0,True,0,1
py/.py/cmplx_cli_allrun.py,.py,68,215,0,0,0,14,0,0,0,0,5,0,0,0,0,0,0,0,0,True,0,3
py/.py/cmplx_cli_launcher.py,.py,51,177,0,0,0,9,0,0,0,0,4,0,0,0,0,0,0,0,0,True,0,1
py/.py/cmplx_cli_selective.py,.py,39,149,0,0,0,2,0,3,0,0,5,0,0,0,0,0,0,0,0,True,0,2
py/.py/cmplx_complexity_modulator.py,.py,42,227,0,0,0,1,0,0,0,0,0,0,0,0,0,0,0,0,0,False,1,9
py/.py/cmplx_core.py,.py,51,162,0,0,0,3,0,0,0,0,0,0,0,0,0,0,0,0,0,False,1,5
py/.py/cmplx_core_loop.py,.py,56,235,0,0,0,20,0,0,0,0,0,0,0,0,0,0,0,0,0,False,1,4
py/.py/cmplx_diagnostics.py,.py,72,257,0,0,0,2,0,0,0,0,0,0,0,0,0,0,0,0,0,False,0,0
py/.py/cmplx_distance_cap.py,.py,38,187,0,0,0,1,0,0,0,0,0,0,0,0,0,0,0,0,0,False,1,6
py/.py/cmplx_dynamic_midpoint.py,.py,29,137,0,0,0,1,0,0,0,0,0,0,0,0,0,0,0,0,0,False,1,4
py/.py/cmplx_feedback_bus.py,.py,32,104,0,0,0,1,0,0,0,0,0,0,0,0,0,0,0,0,0,False,1,7
py/.py/cmplx_logger.py,.py,14,50,0,0,0,0,0,1,0,0,0,0,0,0,0,0,0,0,0,False,0,1
py/.py/cmplx_modulation_and_legalgraph.py,.py,70,337,0,0,0,3,0,0,0,0,0,0,0,0,0,0,0,0,0,False,2,14
py/.py/cmplx_modulation_brain.py,.py,80,385,0,0,0,1,0,0,0,0,0,0,0,0,0,0,0,0,0,False,1,12
py/.py/cmplx_path_engine.py,.py,83,331,0,0,0,3,0,0,0,0,0,0,0,0,0,0,0,0,0,False,1,7
py/.py/cmplx_pathbuilder_dual.py,.py,63,219,0,0,0,6,0,0,0,0,0,0,0,0,0,0,0,0,0,False,2,7
py/.py/cmplx_phase_reverse_builder.py,.py,59,235,0,0,0,1,0,0,0,0,0,0,0,0,0,0,0,0,0,False,1,5
py/.py/cmplx_profiler_diagnostics.py,.py,63,174,0,0,0,4,0,0,0,0,0,0,0,0,0,0,0,0,0,False,2,10
py/.py/cmplx_quadrant_legality.py,.py,33,148,0,0,0,1,0,0,0,0,0,0,0,0,0,0,0,0,0,False,1,4
py/.py/cmplx_results_export.py,.py,44,219,0,0,0,6,0,0,0,0,0,0,0,0,0,0,0,0,0,False,0,3
py/.py/cmplx_run.py,.py,46,168,0,0,0,2,0,2,0,0,0,0,0,0,0,0,0,0,0,False,0,1
py/.py/cmplx_run_final (1).py,.py,51,191,0,0,0,2,0,2,0,0,0,0,0,0,0,0,0,0,0,False,0,1
py/.py/cmplx_run_final.py,.py,51,191,0,0,0,2,0,2,0,0,0,0,0,0,0,0,0,0,0,False,0,1
py/.py/cmplx_run_post_teach.py,.py,59,217,0,0,0,2,0,2,0,0,0,0,0,0,0,0,0,0,0,False,0,1
py/.py/cmplx_run_runtime_patched.py,.py,54,202,0,0,0,2,0,2,0,0,0,0,0,0,0,0,0,0,0,False,0,1
py/.py/cmplx_run_safe.py,.py,52,197,0,0,0,2,0,2,0,0,0,0,0,0,0,0,0,0,0,False,0,1
py/.py/cmplx_runtime_controller.py,.py,92,316,0,0,0,31,0,0,0,0,0,0,0,0,0,0,0,0,0,False,1,6
py/.py/cmplx_salesman_patch.py,.py,67,257,0,0,0,4,0,0,0,0,0,0,0,0,0,0,0,0,0,False,0,0
py/.py/cmplx_spiral_reentry.py,.py,27,120,0,0,0,1,0,0,0,0,0,0,0,0,0,0,0,0,0,False,1,4
py/.py/cmplx_spiral_retention.py,.py,27,135,0,0,0,1,0,0,0,0,0,0,0,0,0,0,0,0,0,False,1,4
py/.py/cmplx_sync.py,.py,55,175,0,0,0,0,0,3,0,0,0,0,0,0,0,0,0,0,0,True,0,2
py/.py/cmplx_zone_collapse.py,.py,41,199,0,0,0,1,0,0,0,0,0,0,0,0,0,0,0,0,0,False,1,5
py/.py/cmplx_zone_density.py,.py,46,218,0,0,0,1,0,0,0,0,0,0,0,0,0,0,0,0,0,False,1,6
py/.py/code_library.py,.py,42,108,0,0,0,0,0,0,0,0,0,0,0,0,0,0,0,0,0,False,0,1
py/.py/completion_algorithm_n8.py,.py,250,1214,0,45,44,0,0,0,0,0,0,0,0,0,0,50,7,0,0,False,0,1
py/.py/completion_algorithm_n8_final.py,.py,928,4488,0,98,97,0,0,0,0,0,0,0,0,0,0,114,18,0,0,False,0,0
py/.py/config.py,.py,145,591,0,1,0,0,0,0,0,0,0,0,1,0,0,0,0,0,0,False,1,7
py/.py/config_loader.py,.py,21,107,0,0,0,0,0,1,0,0,0,0,0,0,0,0,0,0,0,False,0,1
py/.py/config_loader_patched.py,.py,44,133,0,0,0,0,0,1,0,0,0,0,0,0,0,0,0,0,0,False,0,1
py/.py/construct_superpermutation.py,.py,195,981,0,15,15,0,0,0,0,0,0,0,0,0,0,26,0,0,0,False,0,3
py/.py/construct_superpermutation.py_superpermutation_generator.py,.py,236,1090,0,36,36,0,0,0,0,0,0,0,0,0,0,52,0,0,0,True,0,4
py/.py/data_manager.py,.py,147,652,0,14,14,0,0,0,0,0,0,0,0,0,0,0,0,0,0,False,0,12
py/.py/fixed_testlab.py,.py,57,210,0,0,0,0,0,4,0,0,0,0,0,0,0,0,0,0,0,False,1,4
py/.py/foreman.py,.py,19,79,0,0,0,0,0,1,0,0,0,0,0,0,0,0,0,0,0,False,1,2
py/.py/formula_evaluator.py,.py,142,605,0,8,6,0,0,0,0,0,0,0,0,0,0,0,0,0,0,True,0,4
py/.py/formulas.py,.py,90,409,0,5,5,0,0,0,0,0,0,0,0,0,0,0,1,0,0,False,0,10
py/.py/generation_code_n7_dynamic.py,.py,869,4251,0,82,82,0,0,0,0,0,0,7,6,0,0,81,16,0,0,True,2,30
py/.py/generation_code_n7_dynamic_2.0.py,.py,741,3488,0,78,78,0,0,0,0,0,0,0,0,0,0,88,17,0,0,True,2,22
py/.py/generation_code_n7_dynamic_final.py,.py,690,3223,0,76,76,0,0,0,0,0,0,1,0,0,0,85,14,0,0,True,2,21
py/.py/generation_code_n8_dynamic._3.0.py,.py,655,3143,0,86,86,0,0,0,0,0,0,1,1,0,0,25,0,0,0,False,0,0
py/.py/generation_code_n8_dynamic.py,.py,712,3545,0,79,79,0,0,0,0,0,0,1,0,0,0,87,17,0,0,True,2,21
py/.py/generation_code_n8_dynamic_3.0.py,.py,1,0,0,0,0,0,0,0,0,0,0,0,0,0,0,0,0,0,0,False,0,0
py/.py/generation_code_n8_dynamic_final.py,.py,1018,4765,0,133,133,0,0,0,0,0,0,1,0,0,0,95,18,0,0,False,0,0
py/.py/graph_utils.py,.py,43,162,0,0,0,0,0,0,0,0,0,4,0,0,0,0,0,0,0,False,0,2
py/.py/grid_utils.py,.py,72,322,0,0,0,0,0,0,0,0,0,0,0,0,0,0,0,0,0,True,1,6
py/.py/idea_tracker.py,.py,119,459,0,10,10,0,0,0,0,0,0,1,0,0,0,0,2,0,0,True,0,2
py/.py/janitor.py,.py,23,85,0,0,0,0,0,1,0,0,0,0,0,0,0,0,0,0,0,False,1,3
py/.py/laminate_utils.py,.py,64,314,0,0,0,0,0,0,0,0,0,0,0,0,0,2,0,0,0,False,0,3
py/.py/layout copilot.py,.py,116,697,0,5,5,0,0,0,0,0,0,0,0,0,0,0,0,0,0,False,1,7
py/.py/layout_memor_finaly.py,.py,116,697,0,5,5,0,0,0,0,0,0,0,0,0,0,0,0,0,0,False,1,7
py/.py/layout_memory.py,.py,66,367,0,3,3,0,0,0,0,0,0,0,0,0,0,0,0,0,0,False,1,5
py/.py/layout_memory.py_analysis_scripts_final.py,.py,100,596,0,4,4,0,0,0,0,0,0,0,0,0,0,0,0,0,0,False,1,9
py/.py/layout_memory_final.py,.py,116,697,0,5,5,0,0,0,0,0,0,0,0,0,0,0,0,0,0,False,1,7
py/.py/mdhg_hash (1).py,.py,65,261,0,0,0,0,2,0,0,0,0,0,0,0,0,9,1,0,0,False,1,8
py/.py/mdhg_hash.py,.py,7,43,0,0,0,1,1,0,0,0,0,0,0,0,0,3,1,0,0,False,0,0
py/.py/meta_evaluator.py,.py,65,286,0,0,0,1,0,0,0,0,0,0,0,0,0,0,0,0,0,False,1,8
py/.py/multiprocessing_example.py,.py,62,252,0,8,8,0,0,0,0,0,0,0,0,0,0,0,0,0,0,True,0,1
py/.py/n6_searcher.py,.py,280,1241,0,22,19,0,0,0,0,0,0,0,0,0,0,6,0,0,0,True,0,9
py/.py/navigator_and_builder.py,.py,57,185,0,0,0,0,0,0,0,0,0,0,0,0,0,0,2,0,0,False,2,10
py/.py/prodigal_manager.py,.py,170,739,0,1,1,0,0,0,0,0,0,0,0,0,0,3,0,0,0,False,1,8
py/.py/reconfigurator.py,.py,179,851,0,69,69,0,0,0,0,0,0,0,0,0,0,6,0,0,0,False,1,8
py/.py/register_agents.py,.py,58,193,0,0,0,0,0,0,0,0,0,0,0,0,0,0,0,0,0,False,1,7
py/.py/register_agents_runtime_patched.py,.py,59,203,0,0,0,0,0,0,0,0,0,0,0,0,0,0,0,0,0,False,1,7
py/.py/result_analyzer.py,.py,71,300,0,0,0,0,0,1,0,0,0,0,0,0,0,0,0,0,0,False,1,6
py/.py/runtime_controller.py,.py,72,222,0,0,0,1,0,1,0,0,0,0,0,0,0,0,0,0,0,False,1,7
py/.py/salesman_and_evaluator.py,.py,56,189,0,0,0,1,0,0,0,0,0,0,0,0,0,0,0,0,0,False,2,9
py/.py/sequence_analysis.py,.py,58,207,0,1,1,0,0,0,0,0,0,0,0,0,0,0,0,0,0,False,0,3
py/.py/sequence_generation.py,.py,198,1041,0,45,45,0,0,0,0,0,0,0,2,0,0,21,0,0,0,False,0,2
py/.py/superpermutation_generator.py,.py,404,1858,0,71,64,0,0,0,0,0,0,0,0,0,0,19,1,0,0,False,0,0
py/.py/sweep_scanner.py,.py,46,223,0,0,0,0,0,0,0,0,0,0,0,0,0,0,1,0,0,False,1,5
py/.py/teacher.py,.py,35,145,0,0,0,0,0,1,0,0,0,0,0,0,0,0,0,0,0,False,1,2
py/.py/teacher_fallback_enabled.py,.py,58,227,0,0,0,0,0,4,0,0,0,0,0,0,0,0,0,0,0,False,1,3
py/.py/teacher_runtime_patched.py,.py,38,154,0,0,0,0,0,1,0,0,0,0,0,0,0,0,0,0,0,False,1,2
py/.py/teacher_safe.py,.py,37,146,0,0,0,0,0,1,0,0,0,0,0,0,0,0,0,0,0,False,1,2
py/.py/testlab.py,.py,45,163,0,0,0,0,0,4,0,0,1,0,0,0,0,0,0,0,0,False,1,4
py/.py/testlab_runtime_patched.py,.py,60,228,0,0,0,0,0,4,0,0,0,0,0,0,0,0,0,0,0,False,1,4
py/.py/testlab_safe.py,.py,58,217,0,0,0,0,0,4,0,0,0,0,0,0,0,0,0,0,0,False,1,4
py/.py/tsp_node_loader (1).py,.py,100,366,0,0,0,0,0,0,0,0,21,0,0,0,0,0,0,0,0,False,1,6
py/.py/tsp_node_loader (2).py,.py,101,391,0,0,0,0,0,0,0,0,22,0,0,0,0,0,0,0,0,False,1,6
py/.py/tsp_node_loader.py,.py,56,201,0,0,0,0,0,0,0,0,3,0,0,0,0,0,0,0,0,False,1,4
py/.py/unpack_tsplib_gz.py,.py,33,122,0,0,0,0,0,0,0,0,3,0,0,0,0,0,0,0,0,True,0,2
py/.py/utility.py,.py,272,1232,0,0,0,0,0,0,0,0,0,0,0,0,0,9,0,0,0,False,0,0
py/.py/utils.py,.py,69,287,0,1,1,0,0,0,0,0,0,0,0,0,0,11,0,0,0,False,0,10
py/.py/utils.py_graph_utils.py,.py,91,593,0,3,3,0,0,0,0,0,0,4,0,0,0,11,0,0,0,False,0,12
py/.py/utils_graph_utils.py,.py,89,366,0,1,1,0,0,0,0,0,0,2,0,0,0,11,0,0,0,False,0,12
py/.py/verification_script_final.py,.py,53,206,0,13,13,0,0,0,0,0,0,0,0,0,0,0,0,0,0,True,0,1
