{
  "title": "Case",
  "type": "object",
  "properties": {
    "case_id": {
      "type": "string"
    },
    "received_at": {
      "type": "string"
    },
    "source": {
      "type": "string",
      "enum": [
        "web",
        "email",
        "api",
        "walkin",
        "phone"
      ]
    },
    "jurisdiction": {
      "type": "string"
    },
    "type": {
      "type": "string"
    },
    "subject": {
      "type": "string"
    },
    "body": {
      "type": "string"
    },
    "attachments": {
      "type": "array",
      "items": {
        "type": "string"
      }
    },
    "customer_priority": {
      "type": "string",
      "enum": [
        "low",
        "normal",
        "high",
        "urgent"
      ]
    },
    "sla_policy": {
      "type": "string"
    },
    "metadata": {
      "type": "object"
    }
  },
  "required": [
    "case_id",
    "received_at",
    "source",
    "type",
    "subject"
  ]
}
