{
  "title": "Octet",
  "type": "object",
  "properties": {
    "V1": {
      "type": "string"
    },
    "V2": {
      "type": "string"
    },
    "V3": {
      "type": "string"
    },
    "V4": {
      "type": "string"
    },
    "V5": {
      "type": "string"
    },
    "V6": {
      "type": "string"
    },
    "V7": {
      "type": "string"
    },
    "V8": {
      "type": "string"
    },
    "status": {
      "type": "string",
      "enum": [
        "WORKING",
        "PROVISIONAL",
        "NONWORKING"
      ]
    },
    "receipt": {
      "type": "string",
      "pattern": "^[01]{4}$"
    }
  },
  "required": [
    "V1",
    "V2",
    "V3",
    "V4",
    "V5",
    "V6",
    "V7",
    "V8",
    "status",
    "receipt"
  ]
}
