{
  "datum_id": "d_math_opt_bad_002",
  "domain": "MATH",
  "receipts": [
    {
      "name": "MATH",
      "identity_err": 4.440892098500626e-16,
      "rails": {
        "identity_ok": true,
        "units_ok": true,
        "interval_ok": true,
        "stability_ok": true
      },
      "fourbit": "1111"
    },
    {
      "name": "OPTICS",
      "theta_res": 671000.0,
      "D_back_err": 0.0,
      "rails": {
        "forward_back_ok": true,
        "theta_bounds_ok": false,
        "units_ok": true,
        "stability_ok": true
      },
      "fourbit": "1011"
    }
  ],
  "sidecars_passed": [
    "MATH"
  ],
  "fourbit_all_1111": false,
  "mlt_binding": null
}