{
  "proposal": {
    "kind": "sector_cpp_then_tsp",
    "n": 240,
    "anchor_cycle_len_proxy": 6.71918882593751,
    "tour": [
      15,
      218,
      230,
      237,
      204,
      230,
      111,
      237,
      204,
      218,
      200,
      63,
      15,
      200,
      218,
      9,
      229,
      235,
      222,
      107,
      235,
      49,
      107,
      222,
      229,
      217,
      75,
      9,
      217,
      229,
      11,
      219,
      194,
      188,
      11,
      194,
      219,
      190,
      207,
      97,
      190,
      51,
      207,
      97,
      219,
      5,
      197,
      109,
      215,
      203,
      197,
      215,
      55,
      197,
      39,
      55,
      5,
      39,
      105,
      109,
      203,
      105,
      180,
      186,
      209,
      211,
      180,
      209,
      186,
      189,
      191,
      195,
      199,
      189,
      195,
      186,
      191,
      7,
      35,
      182,
      183,
      185,
      187,
      182,
      185,
      35,
      102,
      193,
      7,
      102,
      35,
      183,
      1,
      178,
      94,
      90,
      178,
      82,
      181,
      179,
      82,
      31,
      181,
      178,
      179,
      94,
      1,
      90,
      3,
      177,
      66,
      62,
      78,
      176,
      74,
      3,
      78,
      74,
      62,
      177,
      46,
      66,
      62,
      176,
      20,
      143,
      58,
      54,
      143,
      20,
      22,
      100,
      38,
      42,
      22,
      38,
      20,
      58,
      100,
      16,
      18,
      30,
      34,
      80,
      119,
      127,
      92,
      119,
      80,
      127,
      18,
      34,
      16,
      30,
      80,
      12,
      133,
      147,
      121,
      114,
      147,
      108,
      114,
      121,
      133,
      151,
      60,
      12,
      151,
      133,
      10,
      122,
      134,
      72,
      10,
      134,
      122,
      129,
      116,
      104,
      129,
      50,
      116,
      104,
      122,
      14,
      135,
      125,
      123,
      115,
      125,
      88,
      123,
      135,
      64,
      44,
      14,
      64,
      135,
      125,
      115,
      76,
      159,
      126,
      139,
      159,
      76,
      131,
      118,
      126,
      76,
      118,
      117,
      131,
      113,
      117,
      118,
      70,
      96,
      120,
      137,
      141,
      149,
      155,
      137,
      149,
      120,
      112,
      70,
      120,
      149,
      96,
      141,
      26,
      84,
      130,
      145,
      86,
      124,
      130,
      56,
      124,
      40,
      56,
      130,
      86,
      84,
      145,
      26,
      86,
      24,
      146,
      153,
      167,
      150,
      153,
      128,
      146,
      68,
      128,
      24,
      68,
      138,
      150,
      167,
      140,
      142,
      165,
      171,
      140,
      165,
      162,
      160,
      156,
      162,
      152,
      156,
      160,
      165,
      142,
      8,
      132,
      157,
      163,
      8,
      157,
      132,
      161,
      144,
      98,
      161,
      48,
      144,
      98,
      132,
      6,
      154,
      110,
      136,
      154,
      148,
      136,
      52,
      154,
      36,
      52,
      6,
      36,
      106,
      110,
      148,
      106,
      4,
      32,
      169,
      168,
      166,
      169,
      164,
      166,
      32,
      101,
      158,
      4,
      101,
      32,
      168,
      2,
      173,
      93,
      89,
      173,
      81,
      172,
      28,
      170,
      172,
      81,
      28,
      93,
      2,
      89,
      173,
      0,
      174,
      65,
      61,
      77,
      175,
      73,
      0,
      77,
      73,
      61,
      174,
      45,
      65,
      61,
      175,
      21,
      103,
      37,
      41,
      21,
      23,
      208,
      57,
      53,
      208,
      23,
      57,
      37,
      21,
      103,
      17,
      29,
      33,
      83,
      232,
      224,
      95,
      232,
      83,
      224,
      17,
      19,
      33,
      17,
      83,
      29,
      13,
      216,
      226,
      236,
      91,
      216,
      67,
      47,
      13,
      67,
      216,
      226,
      228,
      91,
      226,
      236,
      79,
      212,
      225,
      233,
      238,
      220,
      234,
      238,
      233,
      220,
      79,
      192,
      212,
      225,
      79,
      233,
      69,
      99,
      231,
      239,
      69,
      202,
      210,
      214,
      231,
      69,
      202,
      214,
      196,
      210,
      202,
      99,
      25,
      87,
      221,
      227,
      85,
      87,
      206,
      221,
      59,
      227,
      43,
      59,
      221,
      85,
      206,
      25,
      85,
      27,
      205,
      223,
      198,
      213,
      201,
      198,
      184,
      213,
      201,
      205,
      71,
      223,
      27,
      71
    ],
    "alpha": 0.3
  },
  "valid": false,
  "apply": {
    "before": 2617.3470835988073,
    "after": 2617.3470835988073,
    "delta": 0.0
  },
  "score": {
    "coverage": 1.0,
    "length": 2617.3470835988073,
    "entropy": 4.9037664268032435,
    "drift_violations": 0,
    "window_coverage": 1.0,
    "novelty": 1.0,
    "weighted_total": 5.398100368959456,
    "weights": {
      "coverage": 1.0,
      "entropy": 0.2,
      "window_coverage": 0.5,
      "novelty": 0.3,
      "length": -0.001,
      "drift_violations": -1.0
    }
  },
  "braid": null,
  "config": {
    "seed": 1337,
    "alpha": 0.3,
    "n_sectors": 30,
    "k_nn": 3
  }
}