{
  "name": "id_20",
  "id": 20,
  "rails": "QD",
  "seed": 450325026,
  "url": "https://www.nature.com/articles/s42254-025-00869-7",
  "domain": "www.nature.com",
  "status": "verified",
  "interfaces": {
    "input": {
      "type": "cqe:rest_state",
      "schema": "parity/octet/h16 overlays"
    },
    "output": {
      "type": "cqe:overlay_bundle",
      "schema": "OPE/FCE receipts + overlays"
    }
  },
  "metrics": {
    "OPE_P8_D": 8,
    "OPE_debt": 0.0309580987932215,
    "FCE_Dvotes": 41,
    "FCE_debt": 0.0368588327061263,
    "mirror_primary": 0,
    "mirror_mirror": 0,
    "mirror_debt": 0.0309580987932215
  },
  "artifacts": {
    "ledger": "receipts/ledger_snapshot.csv",
    "wrapper_receipts": "receipts/wrapper_receipts_latest.csv"
  },
  "runner": "sdk.cqe.runner:run_module"
}