{
  "version": "cqe.prr.v2",
  "timestamp": "2025-09-20T05:46:09Z",
  "input_digest": "b81d0403d9f675b47da8919001c0f992525cc8d629da10b1bbbe971de9dd7dc9",
  "rails": [
    "propagation_torus",
    "interference",
    "harmonics",
    "dissipation"
  ],
  "commit_bits": "0001",
  "receipts": {
    "phase_lock": 0.04769540348245871,
    "delta_welch": 2.10470424956125,
    "harmonic_legality": 0.36176966487970025,
    "energy_balance": 0.9245403665546945,
    "ori": 0.7727454837243094
  },
  "proofs": {
    "stationarity": {
      "segment": [
        0,
        24000
      ]
    },
    "peaks": [
      {
        "f": 0.9765625,
        "P": 0.6790197938178439,
        "prom": 0.4317355043609117,
        "pval": 0.047619047619047616
      }
    ],
    "bases": [
      {
        "f0": 0.9765625,
        "members": [
          0.9765625
        ]
      }
    ],
    "pslq_like": [],
    "cartan_hits": {
      "ratio": 0.36176966487970025
    },
    "bicoherence": {
      "max_bico": 0.9787191390071345,
      "hotspots": [
        {
          "f1": 0.06666666666666667,
          "f2": 0.06666666666666667,
          "f3": 0.13333333333333333,
          "b": 0.9787191390071345
        },
        {
          "f1": 0.06666666666666667,
          "f2": 6.466666666666667,
          "f3": 6.533333333333333,
          "b": 0.40046686408835486
        },
        {
          "f1": 0.06666666666666667,
          "f2": 19.333333333333332,
          "f3": 19.4,
          "b": 0.5740860662713213
        },
        {
          "f1": 0.06666666666666667,
          "f2": 22.6,
          "f3": 22.666666666666668,
          "b": 0.5526844508746996
        },
        {
          "f1": 0.06666666666666667,
          "f2": 29.0,
          "f3": 29.066666666666666,
          "b": 0.4057518791975271
        },
        {
          "f1": 0.06666666666666667,
          "f2": 32.266666666666666,
          "f3": 32.333333333333336,
          "b": 0.519566444787325
        },
        {
          "f1": 0.06666666666666667,
          "f2": 35.46666666666667,
          "f3": 35.53333333333333,
          "b": 0.6966469390557732
        },
        {
          "f1": 0.06666666666666667,
          "f2": 38.666666666666664,
          "f3": 38.733333333333334,
          "b": 0.6199982246811224
        },
        {
          "f1": 0.06666666666666667,
          "f2": 41.93333333333333,
          "f3": 42.0,
          "b": 0.42441278131138127
        },
        {
          "f1": 0.06666666666666667,
          "f2": 58.0,
          "f3": 58.06666666666666,
          "b": 0.5733706341495206
        },
        {
          "f1": 0.06666666666666667,
          "f2": 67.66666666666667,
          "f3": 67.73333333333333,
          "b": 0.44353115665349735
        },
        {
          "f1": 0.06666666666666667,
          "f2": 74.13333333333333,
          "f3": 74.2,
          "b": 0.4017082645645024
        },
        {
          "f1": 0.06666666666666667,
          "f2": 83.8,
          "f3": 83.86666666666666,
          "b": 0.41682364968258195
        },
        {
          "f1": 0.06666666666666667,
          "f2": 87.0,
          "f3": 87.06666666666666,
          "b": 0.42183196382948646
        },
        {
          "f1": 0.06666666666666667,
          "f2": 99.93333333333334,
          "f3": 100.0,
          "b": 0.581178632251722
        },
        {
          "f1": 3.2666666666666666,
          "f2": 9.666666666666666,
          "f3": 12.933333333333334,
          "b": 0.44282066972496087
        }
      ]
    },
    "surrogates": {
      "peak_pvals": [
        0.047619047619047616
      ]
    },
    "dissipation": {
      "energy_balance": 0.9245403665546945
    }
  },
  "sidecars": [],
  "env": {
    "fs": 200.0,
    "psd": {
      "method": "welch"
    },
    "tolerances": {
      "rational": 0.01,
      "pslq_tol": 0.001
    }
  },
  "rest_hash": "694c0b9070a64fa27684e9cf05b6c51d73dcd65ecd412eb639f93e9db3e526da",
  "notes": ""
}