{
  "$id": "cqe.cartridge.schema.v1",
  "type": "object",
  "required": [
    "id",
    "title",
    "version",
    "intent",
    "schema",
    "tokens",
    "receipts",
    "microtests"
  ],
  "properties": {
    "id": {
      "type": "string"
    },
    "title": {
      "type": "string"
    },
    "version": {
      "type": "string"
    },
    "intent": {
      "type": "string"
    },
    "schema": {
      "type": "string"
    },
    "tokens": {
      "type": "array"
    },
    "receipts": {
      "type": "object"
    },
    "microtests": {
      "type": "array"
    }
  }
}