overlay_id,attractor,hue16,grad,rest_initial,delta_lift_applied,rest_after_delta,rest_after_strict,scope
A0.v1,0,0x56CB,0.727,False,True,True,False,EXO
A0.v2,0,0x56CB,0.43,False,True,False,False,EXO
A0.v3,0,0x56CB,0.45,False,True,False,False,EXO
A0.v4,0,0x56CB,0.772,False,False,False,False,EXO
A0.v5,0,0x56CB,0.683,True,False,True,False,EXO
A0.v6,0,0x56CB,0.468,False,True,False,False,EXO
A0.v7,0,0x56CB,0.528,False,True,False,False,EXO
A0.v8,0,0x56CB,0.628,False,True,False,False,EXO
A1.v1,1,0xD826,0.712,False,True,False,False,EXO
A1.v2,1,0xD826,0.617,False,True,False,False,EXO
A1.v3,1,0xD826,0.816,False,True,False,False,EXO
A1.v4,1,0xD826,0.652,False,True,False,False,EXO
A1.v5,1,0xD826,0.705,False,False,False,False,EXO
A1.v6,1,0xD826,0.674,False,True,False,False,EXO
A1.v7,1,0xD826,0.839,False,False,False,False,EXO
A1.v8,1,0xD826,0.659,False,True,True,True,LOCAL
A2.v1,2,0xDD22,0.433,False,True,False,False,EXO
A2.v2,2,0xDD22,0.518,False,True,False,False,EXO
A2.v3,2,0xDD22,0.629,False,True,False,False,EXO
A2.v4,2,0xDD22,0.549,False,True,False,False,EXO
A2.v5,2,0xDD22,0.848,False,True,False,False,EXO
A2.v6,2,0xDD22,0.884,False,True,False,False,EXO
A2.v7,2,0xDD22,0.688,False,True,False,False,EXO
A2.v8,2,0xDD22,0.624,False,True,False,False,EXO
A3.v1,3,0x53C1,1.0,False,False,False,False,EXO
A3.v2,3,0x53C1,0.889,False,True,False,False,EXO
A3.v3,3,0x53C1,0.614,False,True,False,False,EXO
A3.v4,3,0x53C1,0.464,False,True,False,False,EXO
A3.v5,3,0x53C1,0.724,False,False,False,False,EXO
A3.v6,3,0x53C1,0.686,False,True,False,False,EXO
A3.v7,3,0x53C1,0.506,False,True,False,False,EXO
A3.v8,3,0x53C1,0.563,False,True,False,False,EXO
A4.v1,4,0x86A3,0.617,False,True,False,False,EXO
A4.v2,4,0x86A3,1.0,False,True,False,False,EXO
A4.v3,4,0x86A3,0.87,False,True,False,False,EXO
A4.v4,4,0x86A3,0.564,False,True,True,False,EXO
A4.v5,4,0x86A3,0.609,False,True,False,False,EXO
A4.v6,4,0x86A3,0.933,False,True,False,False,EXO
A4.v7,4,0x86A3,0.865,False,True,False,False,EXO
A4.v8,4,0x86A3,0.392,False,True,False,False,EXO
A5.v1,5,0x28D4,0.591,False,True,False,False,EXO
A5.v2,5,0x28D4,0.526,False,True,False,False,EXO
A5.v3,5,0x28D4,0.958,False,True,True,False,EXO
A5.v4,5,0x28D4,0.916,False,True,False,False,EXO
A5.v5,5,0x28D4,0.565,False,False,False,False,EXO
A5.v6,5,0x28D4,0.623,False,True,False,False,EXO
A5.v7,5,0x28D4,0.762,False,True,False,False,EXO
A5.v8,5,0x28D4,0.629,False,True,False,False,EXO
A6.v1,6,0x9505,0.526,False,True,False,False,EXO
A6.v2,6,0x9505,0.3,False,True,False,False,EXO
A6.v3,6,0x9505,0.565,False,True,False,False,EXO
A6.v4,6,0x9505,0.747,False,True,False,False,EXO
A6.v5,6,0x9505,0.763,False,True,False,False,EXO
A6.v6,6,0x9505,0.741,False,True,False,False,EXO
A6.v7,6,0x9505,0.751,False,True,False,False,EXO
A6.v8,6,0x9505,0.576,False,True,False,False,EXO
A7.v1,7,0xCEEE,0.631,False,True,False,False,EXO
A7.v2,7,0xCEEE,0.917,False,True,False,False,EXO
A7.v3,7,0xCEEE,0.953,False,False,False,False,EXO
A7.v4,7,0xCEEE,1.0,False,True,False,False,EXO
A7.v5,7,0xCEEE,0.541,False,False,False,False,EXO
A7.v6,7,0xCEEE,0.96,False,True,False,False,EXO
A7.v7,7,0xCEEE,0.901,False,False,False,False,EXO
A7.v8,7,0xCEEE,0.917,False,False,False,False,EXO
