overlay_id,attractor,residue_count,bucket,note
A0.v1,0,4,micro_residue,failed subviews before Δ‑lift
A0.v1,0,3,strict_fail,failed under strict ratchet
A0.v2,0,8,micro_residue,failed subviews before Δ‑lift
A0.v2,0,8,strict_fail,failed under strict ratchet
A0.v3,0,7,micro_residue,failed subviews before Δ‑lift
A0.v3,0,5,strict_fail,failed under strict ratchet
A0.v4,0,5,micro_residue,failed subviews before Δ‑lift
A0.v4,0,5,strict_fail,failed under strict ratchet
A0.v5,0,2,micro_residue,failed subviews before Δ‑lift
A0.v5,0,4,strict_fail,failed under strict ratchet
A0.v6,0,8,micro_residue,failed subviews before Δ‑lift
A0.v6,0,7,strict_fail,failed under strict ratchet
A0.v7,0,7,micro_residue,failed subviews before Δ‑lift
A0.v7,0,6,strict_fail,failed under strict ratchet
A0.v8,0,7,micro_residue,failed subviews before Δ‑lift
A0.v8,0,6,strict_fail,failed under strict ratchet
A1.v1,1,5,micro_residue,failed subviews before Δ‑lift
A1.v1,1,6,strict_fail,failed under strict ratchet
A1.v2,1,5,micro_residue,failed subviews before Δ‑lift
A1.v2,1,4,strict_fail,failed under strict ratchet
A1.v3,1,6,micro_residue,failed subviews before Δ‑lift
A1.v3,1,6,strict_fail,failed under strict ratchet
A1.v4,1,6,micro_residue,failed subviews before Δ‑lift
A1.v4,1,6,strict_fail,failed under strict ratchet
A1.v5,1,5,micro_residue,failed subviews before Δ‑lift
A1.v5,1,5,strict_fail,failed under strict ratchet
A1.v6,1,7,micro_residue,failed subviews before Δ‑lift
A1.v6,1,7,strict_fail,failed under strict ratchet
A1.v7,1,5,micro_residue,failed subviews before Δ‑lift
A1.v7,1,5,strict_fail,failed under strict ratchet
A1.v8,1,3,micro_residue,failed subviews before Δ‑lift
A2.v1,2,6,micro_residue,failed subviews before Δ‑lift
A2.v1,2,4,strict_fail,failed under strict ratchet
A2.v2,2,6,micro_residue,failed subviews before Δ‑lift
A2.v2,2,6,strict_fail,failed under strict ratchet
A2.v3,2,7,micro_residue,failed subviews before Δ‑lift
A2.v3,2,6,strict_fail,failed under strict ratchet
A2.v4,2,4,micro_residue,failed subviews before Δ‑lift
A2.v4,2,4,strict_fail,failed under strict ratchet
A2.v5,2,5,micro_residue,failed subviews before Δ‑lift
A2.v5,2,4,strict_fail,failed under strict ratchet
A2.v6,2,7,micro_residue,failed subviews before Δ‑lift
A2.v6,2,7,strict_fail,failed under strict ratchet
A2.v7,2,6,micro_residue,failed subviews before Δ‑lift
A2.v7,2,5,strict_fail,failed under strict ratchet
A2.v8,2,8,micro_residue,failed subviews before Δ‑lift
A2.v8,2,6,strict_fail,failed under strict ratchet
A3.v1,3,5,micro_residue,failed subviews before Δ‑lift
A3.v1,3,5,strict_fail,failed under strict ratchet
A3.v2,3,4,micro_residue,failed subviews before Δ‑lift
A3.v2,3,3,strict_fail,failed under strict ratchet
A3.v3,3,7,micro_residue,failed subviews before Δ‑lift
A3.v3,3,6,strict_fail,failed under strict ratchet
A3.v4,3,5,micro_residue,failed subviews before Δ‑lift
A3.v4,3,4,strict_fail,failed under strict ratchet
A3.v5,3,4,micro_residue,failed subviews before Δ‑lift
A3.v5,3,4,strict_fail,failed under strict ratchet
A3.v6,3,6,micro_residue,failed subviews before Δ‑lift
A3.v6,3,5,strict_fail,failed under strict ratchet
A3.v7,3,8,micro_residue,failed subviews before Δ‑lift
A3.v7,3,7,strict_fail,failed under strict ratchet
A3.v8,3,5,micro_residue,failed subviews before Δ‑lift
A3.v8,3,5,strict_fail,failed under strict ratchet
A4.v1,4,5,micro_residue,failed subviews before Δ‑lift
A4.v1,4,4,strict_fail,failed under strict ratchet
A4.v2,4,6,micro_residue,failed subviews before Δ‑lift
A4.v2,4,5,strict_fail,failed under strict ratchet
A4.v3,4,6,micro_residue,failed subviews before Δ‑lift
A4.v3,4,6,strict_fail,failed under strict ratchet
A4.v4,4,4,micro_residue,failed subviews before Δ‑lift
A4.v4,4,3,strict_fail,failed under strict ratchet
A4.v5,4,7,micro_residue,failed subviews before Δ‑lift
A4.v5,4,5,strict_fail,failed under strict ratchet
A4.v6,4,5,micro_residue,failed subviews before Δ‑lift
A4.v6,4,5,strict_fail,failed under strict ratchet
A4.v7,4,5,micro_residue,failed subviews before Δ‑lift
A4.v7,4,6,strict_fail,failed under strict ratchet
A4.v8,4,7,micro_residue,failed subviews before Δ‑lift
A4.v8,4,6,strict_fail,failed under strict ratchet
A5.v1,5,7,micro_residue,failed subviews before Δ‑lift
A5.v1,5,6,strict_fail,failed under strict ratchet
A5.v2,5,6,micro_residue,failed subviews before Δ‑lift
A5.v2,5,5,strict_fail,failed under strict ratchet
A5.v3,5,4,micro_residue,failed subviews before Δ‑lift
A5.v3,5,3,strict_fail,failed under strict ratchet
A5.v4,5,6,micro_residue,failed subviews before Δ‑lift
A5.v4,5,6,strict_fail,failed under strict ratchet
A5.v5,5,5,micro_residue,failed subviews before Δ‑lift
A5.v5,5,5,strict_fail,failed under strict ratchet
A5.v6,5,7,micro_residue,failed subviews before Δ‑lift
A5.v6,5,5,strict_fail,failed under strict ratchet
A5.v7,5,6,micro_residue,failed subviews before Δ‑lift
A5.v7,5,5,strict_fail,failed under strict ratchet
A5.v8,5,7,micro_residue,failed subviews before Δ‑lift
A5.v8,5,7,strict_fail,failed under strict ratchet
A6.v1,6,7,micro_residue,failed subviews before Δ‑lift
A6.v1,6,5,strict_fail,failed under strict ratchet
A6.v2,6,7,micro_residue,failed subviews before Δ‑lift
A6.v2,6,6,strict_fail,failed under strict ratchet
A6.v3,6,8,micro_residue,failed subviews before Δ‑lift
A6.v3,6,7,strict_fail,failed under strict ratchet
A6.v4,6,7,micro_residue,failed subviews before Δ‑lift
A6.v4,6,6,strict_fail,failed under strict ratchet
A6.v5,6,5,micro_residue,failed subviews before Δ‑lift
A6.v5,6,4,strict_fail,failed under strict ratchet
A6.v6,6,7,micro_residue,failed subviews before Δ‑lift
A6.v6,6,6,strict_fail,failed under strict ratchet
A6.v7,6,6,micro_residue,failed subviews before Δ‑lift
A6.v7,6,6,strict_fail,failed under strict ratchet
A6.v8,6,7,micro_residue,failed subviews before Δ‑lift
A6.v8,6,6,strict_fail,failed under strict ratchet
A7.v1,7,6,micro_residue,failed subviews before Δ‑lift
A7.v1,7,5,strict_fail,failed under strict ratchet
A7.v2,7,6,micro_residue,failed subviews before Δ‑lift
A7.v2,7,6,strict_fail,failed under strict ratchet
A7.v3,7,5,micro_residue,failed subviews before Δ‑lift
A7.v3,7,6,strict_fail,failed under strict ratchet
A7.v4,7,5,micro_residue,failed subviews before Δ‑lift
A7.v4,7,5,strict_fail,failed under strict ratchet
A7.v5,7,6,micro_residue,failed subviews before Δ‑lift
A7.v5,7,6,strict_fail,failed under strict ratchet
A7.v6,7,4,micro_residue,failed subviews before Δ‑lift
A7.v6,7,5,strict_fail,failed under strict ratchet
A7.v7,7,4,micro_residue,failed subviews before Δ‑lift
A7.v7,7,4,strict_fail,failed under strict ratchet
A7.v8,7,3,micro_residue,failed subviews before Δ‑lift
A7.v8,7,3,strict_fail,failed under strict ratchet
