{
  "versions": [
    {
      "version": "0.2.2",
      "file": "snaplat_v0.2.2_full.zip",
      "date": "2025-08-16",
      "notes": "Coxeter (SymPy path) + plotter + FastLane rationale + docs + tests"
    },
    {
      "version": "0.2.3",
      "file": "snaplat_v0.2.3_full.zip",
      "date": "2025-08-16",
      "notes": "Makefile+CI, determinism tests, MORSR manifest, shells count API, protocols, dev docs"
    },
    {
      "version": "0.2.4",
      "file": "snaplat_v0.2.4_full.zip",
      "date": "2025-08-16",
      "notes": "Shell enumeration m=1..3; MDHG heat feedback; docs module index; release provenance event"
    },
    {
      "version": "0.2.5",
      "file": "snaplat_v0.2.5_full.zip",
      "date": "2025-08-16",
      "notes": "TSP + Chinese Postman integration; superperm\u2192TSP navigator; AGRM wiring; tests"
    },
    {
      "version": "0.2.6",
      "file": "snaplat_v0.2.6_full.zip",
      "date": "2025-08-16",
      "notes": "Weighted TSP metric; sector kNN+CPP; Salesman splice; MDHG decay; acceptance reporter"
    },
    {
      "version": "0.2.7",
      "file": "snaplat_v0.2.7_full.zip",
      "date": "2025-08-16",
      "notes": "Default weighted routing + real splice integration; MORSR metric logging"
    },
    {
      "version": "0.2.8",
      "file": "snaplat_v0.2.8_full.zip",
      "date": "2025-08-16",
      "notes": "Main Systems \u03b1: engine neighbors, nav facade, planner, SAP, config, CLI"
    }
  ]
}