{
  "type": "object",
  "required": [
    "baseline_id",
    "schema_ver",
    "source_url",
    "url_hash",
    "rail",
    "meaning_pack",
    "commit",
    "status"
  ],
  "properties": {
    "baseline_id": {
      "type": "string"
    },
    "schema_ver": {
      "type": "string"
    },
    "source_url": {
      "type": "string"
    },
    "url_hash": {
      "type": "string"
    },
    "domain": {
      "type": "string"
    },
    "rail": {
      "type": "string"
    },
    "meaning_pack": {
      "type": "string"
    },
    "dna10_axes": {
      "type": "array"
    },
    "octet_template": {
      "type": "array"
    },
    "palindromic_rest": {
      "type": "object"
    },
    "commit": {
      "type": "object"
    },
    "status": {
      "type": "string"
    }
  }
}