id,rails,url,domain,title_guess,seed,status,metrics
2,QD,https://www.nature.com/articles/s41467-025-62707-9,www.nature.com,,507435455,verified,"{'OPE_P8_D': 8, 'OPE_debt': 0.030968424413277, 'FCE_Dvotes': 42, 'FCE_debt': 0.0353987006534519, 'mirror_primary': 7, 'mirror_mirror': 7, 'mirror_debt': 0.030968424413277}"
3,QD,https://www.nature.com/articles/s41557-025-01936-3,www.nature.com,,117322673,verified,"{'OPE_P8_D': 8, 'OPE_debt': 0.031265053424862, 'FCE_Dvotes': 49, 'FCE_debt': 0.0313833200483822, 'mirror_primary': 7, 'mirror_mirror': 7, 'mirror_debt': 0.031265053424862}"
5,QD,https://www.nature.com/articles/s41598-025-18685-5,www.nature.com,,170591974,verified,"{'OPE_P8_D': 7, 'OPE_debt': 0.0377305155399596, 'FCE_Dvotes': 42, 'FCE_debt': 0.0346918505754146, 'mirror_primary': 6, 'mirror_mirror': 6, 'mirror_debt': 0.0377305155399596}"
8,QD,https://www.nature.com/articles/s41583-025-00971-w,www.nature.com,,1839612991,verified,"{'OPE_P8_D': 6, 'OPE_debt': 0.0313685753401985, 'FCE_Dvotes': 42, 'FCE_debt': 0.0370070652383995, 'mirror_primary': 5, 'mirror_mirror': 5, 'mirror_debt': 0.0313685753401985}"
11,QD,https://phys.org/news/2025-09-device-amplifies-shielding-qubits-unwanted.html,phys.org,,180038607,verified,"{'OPE_P8_D': 8, 'OPE_debt': 0.0391474586259311, 'FCE_Dvotes': 42, 'FCE_debt': 0.0339404893575637, 'mirror_primary': 7, 'mirror_mirror': 7, 'mirror_debt': 0.0391474586259311}"
14,BIO,https://phys.org/news/2025-09-genetic-code-early-protein.html,phys.org,,187168127,verified,"{'OPE_P8_D': 7, 'OPE_debt': 0.0353838874278864, 'FCE_Dvotes': 46, 'FCE_debt': 0.0362300616336915, 'mirror_primary': 6, 'mirror_mirror': 6, 'mirror_debt': 0.0353838874278864}"
17,QD,https://www.chemistryworld.com/news/porphyrin-ring-pushes-the-size-limit-for-fully-aromatic-molecules/4022158.article,www.chemistryworld.com,,1360874096,verified,"{'OPE_P8_D': 8, 'OPE_debt': 0.0374506626609321, 'FCE_Dvotes': 41, 'FCE_debt': 0.0314690140857319, 'mirror_primary': 7, 'mirror_mirror': 7, 'mirror_debt': 0.0374506626609321}"
20,QD,https://www.nature.com/articles/s42254-025-00869-7,www.nature.com,,450325026,verified,"{'OPE_P8_D': 8, 'OPE_debt': 0.0309580987932215, 'FCE_Dvotes': 41, 'FCE_debt': 0.0368588327061263, 'mirror_primary': 7, 'mirror_mirror': 7, 'mirror_debt': 0.0309580987932215}"
21,QD,https://writings.stephenwolfram.com/2025/09/the-ruliology-of-lambdas/,writings.stephenwolfram.com,,108253868,verified,"{'OPE_P8_D': 6, 'OPE_debt': 0.0305824275834794, 'FCE_Dvotes': 41, 'FCE_debt': 0.0324512763099217, 'mirror_primary': 5, 'mirror_mirror': 5, 'mirror_debt': 0.0305824275834794}"
24,QD,https://unionrayo.com/en/battery-5700-years/,unionrayo.com,,1728166102,verified,"{'OPE_P8_D': 6, 'OPE_debt': 0.0310889601383043, 'FCE_Dvotes': 49, 'FCE_debt': 0.0363560232859465, 'mirror_primary': 5, 'mirror_mirror': 5, 'mirror_debt': 0.0310889601383043}"
26,QD,https://www.energy-reporters.com/environment/weak-as-human-brain-activity-scientists-discover-early-universe-magnetic-fields-were-0-02-nanogauss-using-250000-computer-simulations/,www.energy-reporters.com,,360326245,verified,"{'OPE_P8_D': 7, 'OPE_debt': 0.0348807342636261, 'FCE_Dvotes': 49, 'FCE_debt': 0.0352391270494412, 'mirror_primary': 6, 'mirror_mirror': 6, 'mirror_debt': 0.0348807342636261}"
29,QD,https://www.sciencedaily.com/releases/2025/09/250913232933.htm,www.sciencedaily.com,,1668024233,verified,"{'OPE_P8_D': 6, 'OPE_debt': 0.0379492425724566, 'FCE_Dvotes': 44, 'FCE_debt': 0.0327615755715837, 'mirror_primary': 5, 'mirror_mirror': 5, 'mirror_debt': 0.0379492425724566}"
30,QD,https://www.openculture.com/2025/09/40000-year-old-symbols-found-in-caves-worldwide-may-be-the-earliest-written-language.html,www.openculture.com,,1605833696,verified,"{'OPE_P8_D': 8, 'OPE_debt': 0.0315048214074243, 'FCE_Dvotes': 44, 'FCE_debt': 0.0328016347140786, 'mirror_primary': 7, 'mirror_mirror': 7, 'mirror_debt': 0.0315048214074243}"
