[
  {
    "id":2,
    "rails":"QD",
    "url":"https:\/\/www.nature.com\/articles\/s41467-025-62707-9",
    "domain":"www.nature.com",
    "title_guess":null,
    "seed":507435455,
    "status":"verified",
    "metrics":{
      "OPE_P8_D":8,
      "OPE_debt":0.0309684244,
      "FCE_Dvotes":42,
      "FCE_debt":0.0353987007,
      "mirror_primary":7,
      "mirror_mirror":7,
      "mirror_debt":0.0309684244
    }
  },
  {
    "id":3,
    "rails":"QD",
    "url":"https:\/\/www.nature.com\/articles\/s41557-025-01936-3",
    "domain":"www.nature.com",
    "title_guess":null,
    "seed":117322673,
    "status":"verified",
    "metrics":{
      "OPE_P8_D":8,
      "OPE_debt":0.0312650534,
      "FCE_Dvotes":49,
      "FCE_debt":0.03138332,
      "mirror_primary":7,
      "mirror_mirror":7,
      "mirror_debt":0.0312650534
    }
  },
  {
    "id":5,
    "rails":"QD",
    "url":"https:\/\/www.nature.com\/articles\/s41598-025-18685-5",
    "domain":"www.nature.com",
    "title_guess":null,
    "seed":170591974,
    "status":"verified",
    "metrics":{
      "OPE_P8_D":7,
      "OPE_debt":0.0377305155,
      "FCE_Dvotes":42,
      "FCE_debt":0.0346918506,
      "mirror_primary":6,
      "mirror_mirror":6,
      "mirror_debt":0.0377305155
    }
  },
  {
    "id":8,
    "rails":"QD",
    "url":"https:\/\/www.nature.com\/articles\/s41583-025-00971-w",
    "domain":"www.nature.com",
    "title_guess":null,
    "seed":1839612991,
    "status":"verified",
    "metrics":{
      "OPE_P8_D":6,
      "OPE_debt":0.0313685753,
      "FCE_Dvotes":42,
      "FCE_debt":0.0370070652,
      "mirror_primary":5,
      "mirror_mirror":5,
      "mirror_debt":0.0313685753
    }
  },
  {
    "id":11,
    "rails":"QD",
    "url":"https:\/\/phys.org\/news\/2025-09-device-amplifies-shielding-qubits-unwanted.html",
    "domain":"phys.org",
    "title_guess":null,
    "seed":180038607,
    "status":"verified",
    "metrics":{
      "OPE_P8_D":8,
      "OPE_debt":0.0391474586,
      "FCE_Dvotes":42,
      "FCE_debt":0.0339404894,
      "mirror_primary":7,
      "mirror_mirror":7,
      "mirror_debt":0.0391474586
    }
  },
  {
    "id":14,
    "rails":"BIO",
    "url":"https:\/\/phys.org\/news\/2025-09-genetic-code-early-protein.html",
    "domain":"phys.org",
    "title_guess":null,
    "seed":187168127,
    "status":"verified",
    "metrics":{
      "OPE_P8_D":7,
      "OPE_debt":0.0353838874,
      "FCE_Dvotes":46,
      "FCE_debt":0.0362300616,
      "mirror_primary":6,
      "mirror_mirror":6,
      "mirror_debt":0.0353838874
    }
  },
  {
    "id":17,
    "rails":"QD",
    "url":"https:\/\/www.chemistryworld.com\/news\/porphyrin-ring-pushes-the-size-limit-for-fully-aromatic-molecules\/4022158.article",
    "domain":"www.chemistryworld.com",
    "title_guess":null,
    "seed":1360874096,
    "status":"verified",
    "metrics":{
      "OPE_P8_D":8,
      "OPE_debt":0.0374506627,
      "FCE_Dvotes":41,
      "FCE_debt":0.0314690141,
      "mirror_primary":7,
      "mirror_mirror":7,
      "mirror_debt":0.0374506627
    }
  },
  {
    "id":20,
    "rails":"QD",
    "url":"https:\/\/www.nature.com\/articles\/s42254-025-00869-7",
    "domain":"www.nature.com",
    "title_guess":null,
    "seed":450325026,
    "status":"verified",
    "metrics":{
      "OPE_P8_D":8,
      "OPE_debt":0.0309580988,
      "FCE_Dvotes":41,
      "FCE_debt":0.0368588327,
      "mirror_primary":7,
      "mirror_mirror":7,
      "mirror_debt":0.0309580988
    }
  },
  {
    "id":21,
    "rails":"QD",
    "url":"https:\/\/writings.stephenwolfram.com\/2025\/09\/the-ruliology-of-lambdas\/",
    "domain":"writings.stephenwolfram.com",
    "title_guess":null,
    "seed":108253868,
    "status":"verified",
    "metrics":{
      "OPE_P8_D":6,
      "OPE_debt":0.0305824276,
      "FCE_Dvotes":41,
      "FCE_debt":0.0324512763,
      "mirror_primary":5,
      "mirror_mirror":5,
      "mirror_debt":0.0305824276
    }
  },
  {
    "id":24,
    "rails":"QD",
    "url":"https:\/\/unionrayo.com\/en\/battery-5700-years\/",
    "domain":"unionrayo.com",
    "title_guess":null,
    "seed":1728166102,
    "status":"verified",
    "metrics":{
      "OPE_P8_D":6,
      "OPE_debt":0.0310889601,
      "FCE_Dvotes":49,
      "FCE_debt":0.0363560233,
      "mirror_primary":5,
      "mirror_mirror":5,
      "mirror_debt":0.0310889601
    }
  },
  {
    "id":26,
    "rails":"QD",
    "url":"https:\/\/www.energy-reporters.com\/environment\/weak-as-human-brain-activity-scientists-discover-early-universe-magnetic-fields-were-0-02-nanogauss-using-250000-computer-simulations\/",
    "domain":"www.energy-reporters.com",
    "title_guess":null,
    "seed":360326245,
    "status":"verified",
    "metrics":{
      "OPE_P8_D":7,
      "OPE_debt":0.0348807343,
      "FCE_Dvotes":49,
      "FCE_debt":0.035239127,
      "mirror_primary":6,
      "mirror_mirror":6,
      "mirror_debt":0.0348807343
    }
  },
  {
    "id":29,
    "rails":"QD",
    "url":"https:\/\/www.sciencedaily.com\/releases\/2025\/09\/250913232933.htm",
    "domain":"www.sciencedaily.com",
    "title_guess":null,
    "seed":1668024233,
    "status":"verified",
    "metrics":{
      "OPE_P8_D":6,
      "OPE_debt":0.0379492426,
      "FCE_Dvotes":44,
      "FCE_debt":0.0327615756,
      "mirror_primary":5,
      "mirror_mirror":5,
      "mirror_debt":0.0379492426
    }
  },
  {
    "id":30,
    "rails":"QD",
    "url":"https:\/\/www.openculture.com\/2025\/09\/40000-year-old-symbols-found-in-caves-worldwide-may-be-the-earliest-written-language.html",
    "domain":"www.openculture.com",
    "title_guess":null,
    "seed":1605833696,
    "status":"verified",
    "metrics":{
      "OPE_P8_D":8,
      "OPE_debt":0.0315048214,
      "FCE_Dvotes":44,
      "FCE_debt":0.0328016347,
      "mirror_primary":7,
      "mirror_mirror":7,
      "mirror_debt":0.0315048214
    }
  }
]