{
  "type": "object",
  "required": [
    "rest_hash",
    "fourbit",
    "hue16",
    "schema_ver",
    "receipts_hash",
    "seed",
    "provenance"
  ],
  "properties": {
    "rest_hash": {
      "type": "string"
    },
    "fourbit": {
      "type": "string",
      "pattern": "^[01]{4}$"
    },
    "hue16": {
      "type": "string"
    },
    "schema_ver": {
      "type": "string"
    },
    "receipts_hash": {
      "type": "string"
    },
    "seed": {
      "type": "integer"
    },
    "provenance": {
      "type": "object"
    },
    "signature": {
      "type": "string"
    }
  }
}