[
  {
    "slice": "SACNUM",
    "state": "activated",
    "stage": "active"
  },
  {
    "slice": "LATT",
    "state": "activated",
    "stage": "active"
  },
  {
    "slice": "FRAC",
    "state": "activated",
    "stage": "active"
  },
  {
    "slice": "RAMANUJAN",
    "state": "activated",
    "stage": "active"
  },
  {
    "slice": "GAUSS",
    "state": "activated",
    "stage": "active"
  },
  {
    "slice": "NOETHER",
    "state": "activated",
    "stage": "active"
  },
  {
    "slice": "SHANNON",
    "state": "activated",
    "stage": "active"
  },
  {
    "slice": "HODGE",
    "state": "activated",
    "stage": "active"
  },
  {
    "slice": "E8_LEECH",
    "state": "activated",
    "stage": "active"
  },
  {
    "slice": "TRANSLATE_RT",
    "state": "activated",
    "stage": "active"
  },
  {
    "slice": "OPS_CSV",
    "state": "activated",
    "stage": "active"
  },
  {
    "slice": "OPS_JSON",
    "state": "activated",
    "stage": "active"
  },
  {
    "slice": "META_LEX",
    "state": "activated",
    "stage": "active"
  },
  {
    "slice": "GOLDEN",
    "state": "activated",
    "stage": "active"
  },
  {
    "slice": "FUZZER",
    "state": "activated",
    "stage": "active"
  },
  {
    "slice": "ARC360",
    "state": "activated",
    "stage": "active"
  },
  {
    "slice": "PRIME_COPRIME",
    "state": "activated",
    "stage": "active"
  },
  {
    "slice": "SLICE_CALCULUS",
    "state": "activated",
    "stage": "active"
  },
  {
    "slice": "CQE_CONTROLLER",
    "state": "activated",
    "stage": "active"
  },
  {
    "slice": "TORUS",
    "state": "activated",
    "stage": "active"
  }
]