,0
the,2436
and,2327
to,1526
for,1119
with,903
in,844
is,694
you,641
as,625
of,624
can,561
that,505
it,498
we,487
SNAP,435
on,433
or,395
this,359
into,347
MDHG,345
your,344
said,341
all,331
are,301
by,295
from,277
You,277
if,260
If,239
so,238
at,235
What,235
Thought,228
ll,227
not,216
now,213
be,212
run,207
when,198
per,196
next,196
only,183
what,180
new,180
AGRM,179
but,170
ChatGPT,169
an,168
full,168
universe,167
any,167
promotion,165
policy,163
path,160
no,159
This,156
want,152
work,150
e.g.,150
keep,149
SNAPs,145
vs,142
data,141
each,140
The,138
add,138
SnapLat,132
system,131
tests,130
use,129
across,127
via,124
coverage,122
then,120
test,120
how,118
small,116
best,114
just,113
runs,112
universes,110
do,107
step,104
Ops,103
have,102
controller,102
without,101
A/B,100
W5H,100
one,97
same,97
every,96
context,95
our,95
where,94
E8,92
report,90
repo,90
still,89
see,89
up,89
SAP,89
me,88
re,87
Add,87
more,86
these,85
both,85
How,85
set,85
glyph,85
family,84
idea,83
bridge,82
steps,81
...,81
them,80
like,79
also,79
already,79
Archivist,79
metrics,77
start,77
gate,77
pass,76
gates,76
sweeps,76
thresholds,75
before,75
state,75
seed,75
length,75
It,74
lattice,74
ve,74
elevator,74
checks,73
make,73
cost,73
good,72
those,72
Use,71
candidate,71
overlap,71
first,71
will,70
elevators,70
staged,70
code,69
build,69
right,69
constraints,68
must,68
baseline,68
current,68
sweep,68
its,67
added,67
Universe,67
We,67
No,66
candidates,66
Center,66
graph,65
local,65
seeding,65
under,65
search,65
fast,65
everything,64
seeds,64
tiny,64
perfect,64
True,64
TPG,64
points,63
results,63
order,63
need,62
minimal,62
used,61
should,61
loop,61
files,61
level,61
rules,61
inverse,61
slice,61
envelope,61
VWS,61
single,60
allow,60
snap,60
over,60
rooms,60
inline,60
Governance,59
Next,59
two,58
exact,58
