{
  "$schema": "https://json-schema.org/draft/2020-12/schema",
  "title": "CQE Ledger Row v1",
  "type": "object",
  "required": [
    "form_id",
    "constructionA",
    "automorphism",
    "octet_map",
    "dna10",
    "thresholds",
    "receipts",
    "status"
  ],
  "properties": {
    "form_id": {
      "type": "string"
    },
    "parent": {
      "type": [
        "string",
        "null"
      ]
    },
    "constructionA": {
      "type": "object",
      "required": [
        "p",
        "code",
        "glue"
      ],
      "properties": {
        "p": {
          "type": "integer"
        },
        "code": {
          "type": "string"
        },
        "glue": {
          "type": "string"
        }
      }
    },
    "automorphism": {
      "type": "object",
      "required": [
        "group",
        "element"
      ],
      "properties": {
        "group": {
          "type": "string"
        },
        "element": {
          "type": "string"
        }
      }
    },
    "octet_map": {
      "type": "object",
      "additionalProperties": true
    },
    "dna10": {
      "type": "array",
      "minItems": 10,
      "maxItems": 10
    },
    "thresholds": {
      "type": "object",
      "properties": {
        "normal": {
          "type": "object"
        },
        "strict": {
          "type": "object"
        }
      }
    },
    "receipts": {
      "type": "object",
      "required": [
        "fourbit",
        "page_hash"
      ],
      "properties": {
        "fourbit": {
          "type": "string",
          "pattern": "^[01]{4}$"
        },
        "votes": {
          "type": "object"
        },
        "page_hash": {
          "type": "string"
        }
      }
    },
    "meaning_pack": {
      "type": [
        "string",
        "null"
      ]
    },
    "status": {
      "type": "string",
      "enum": [
        "ANCHOR",
        "PROVISIONAL",
        "WORKING",
        "NONWORKING"
      ]
    }
  }
}