session,n_files,jsonl,csv,md
CQE-Unified_Repo,33,/mnt/data/derived/all_sessions_rag/CQE-Unified_Repo/rag_cards.jsonl,/mnt/data/derived/all_sessions_rag/CQE-Unified_Repo/rag_cards.csv,/mnt/data/derived/all_sessions_rag/CQE-Unified_Repo/RAG_Cards.md
CQE_Card_Kit_v1_2_Sheets,14,/mnt/data/derived/all_sessions_rag/CQE_Card_Kit_v1_2_Sheets/rag_cards.jsonl,/mnt/data/derived/all_sessions_rag/CQE_Card_Kit_v1_2_Sheets/rag_cards.csv,/mnt/data/derived/all_sessions_rag/CQE_Card_Kit_v1_2_Sheets/RAG_Cards.md
CQE_Roleplay_Scenes_v1_0_Sheets,22,/mnt/data/derived/all_sessions_rag/CQE_Roleplay_Scenes_v1_0_Sheets/rag_cards.jsonl,/mnt/data/derived/all_sessions_rag/CQE_Roleplay_Scenes_v1_0_Sheets/rag_cards.csv,/mnt/data/derived/all_sessions_rag/CQE_Roleplay_Scenes_v1_0_Sheets/RAG_Cards.md
root_uploads,76,/mnt/data/derived/all_sessions_rag/root_uploads/rag_cards.jsonl,/mnt/data/derived/all_sessions_rag/root_uploads/rag_cards.csv,/mnt/data/derived/all_sessions_rag/root_uploads/RAG_Cards.md
