timestamp_utc,action,id,rails,promoted_to,strict,url,domain,title_guess
2025-09-19T02:12:27.378716,PROMOTED,4,QD,Reference,False,https://thequantuminsider.com/2025/09/17/infleqtion-unveils-new-architecture-to-accelerate-its-quantum-computing-roadmap-to-achieve-1000-logical-qubits-by-2030/,thequantuminsider.com,
2025-09-19T02:12:27.378716,PROMOTED,9,QD,Reference,False,https://phys.org/news/2025-09-nanoscale-optical-device-enables-independent.html,phys.org,
2025-09-19T02:12:27.378716,PROMOTED,12,QD,Reference,False,https://www.popularmechanics.com/science/a66391744/first-law-thermodynamics-rewritten-physics/,www.popularmechanics.com,
2025-09-19T02:12:27.378716,PROMOTED,15,QD,Reference,False,https://www.nature.com/articles/s41586-025-09528-4,www.nature.com,
2025-09-19T02:12:27.378716,PROMOTED,20,QD,Reference,False,https://www.nature.com/articles/s42254-025-00869-7,www.nature.com,
2025-09-19T02:12:27.378716,PROMOTED,21,QD,Reference,False,https://writings.stephenwolfram.com/2025/09/the-ruliology-of-lambdas/,writings.stephenwolfram.com,
2025-09-19T02:12:27.378716,PROMOTED,25,QD,Reference,False,https://phys.org/news/2025-09-synthetic-magnetic-fields-chip-faster.html,phys.org,
2025-09-19T02:12:27.378716,PROMOTED,27,QD,Reference,False,https://gizmodo.com/physicists-made-a-time-crystal-we-can-actually-see-2000658239,gizmodo.com,
2025-09-19T02:12:27.378716,PROMOTED,28,QD,Reference,False,https://www.nature.com/articles/s41586-025-09475-0,www.nature.com,
