{
  "t": 3,
  "count": 256,
  "deferred": 976,
  "occ_top": [
    [
      "I:7,1,0,0,1,1,0,0",
      1
    ],
    [
      "I:10,3,0,0,1,3,1,0",
      1
    ],
    [
      "I:8,2,1,1,-2,-2,-1,-1",
      1
    ],
    [
      "H:13,-1,-1,1,-1,1,1,-1",
      1
    ],
    [
      "I:6,0,0,0,0,0,0,0",
      1
    ],
    [
      "I:7,0,1,0,0,-1,0,-1",
      1
    ],
    [
      "I:8,-1,-1,-1,1,1,1,-2",
      1
    ],
    [
      "I:8,-1,1,1,1,-2,-1,-1",
      1
    ],
    [
      "I:7,-1,0,0,0,0,1,-1",
      1
    ],
    [
      "I:7,0,0,-1,0,1,-1,0",
      1
    ],
    [
      "I:8,1,1,-1,1,-1,-1,-2",
      1
    ],
    [
      "I:8,-1,1,1,-1,-1,1,-2",
      1
    ],
    [
      "H:19,5,-1,1,7,5,-1,1",
      1
    ],
    [
      "H:19,5,1,-1,1,5,1,5",
      1
    ],
    [
      "I:8,-2,-1,1,1,-1,-2,2",
      1
    ],
    [
      "H:17,-3,3,3,-5,3,1,-3",
      1
    ],
    [
      "I:10,4,-4,-4,1,1,-1,-1",
      1
    ],
    [
      "I:8,-1,1,-2,-1,-1,1,1",
      1
    ],
    [
      "I:8,-1,-1,-1,1,1,-2,1",
      1
    ],
    [
      "H:19,-1,-5,5,-5,5,7,-1",
      1
    ]
  ],
  "distortion": {
    "n": 149,
    "mean": 0.379777,
    "max": 0.812022
  },
  "kurtosis": {
    "pre": 7.997962745319709,
    "post": 1.8983619506834488
  },
  "scale": 2.0,
  "neighbor_hit": 0.55,
  "timing": {
    "encode_ms": 10.604,
    "cas_ms": 174.558,
    "per_vec_ms": 0.7233
  },
  "entropy": 5.003946305796472,
  "scale_eval": {
    "0.5": 3.796875,
    "0.75": 1.8975694444444446,
    "1.0": 0.578125,
    "1.5": 0.3767361111111109,
    "2.0": 0.0,
    "3.0": 0.06423611111111112
  }
}