{
  "name": "id_4",
  "id": 4,
  "rails": "QD",
  "seed": 1984616653,
  "url": "https://thequantuminsider.com/2025/09/17/infleqtion-unveils-new-architecture-to-accelerate-its-quantum-computing-roadmap-to-achieve-1000-logical-qubits-by-2030/",
  "domain": "thequantuminsider.com",
  "status": "verified",
  "interfaces": {
    "input": {
      "type": "cqe:rest_state",
      "schema": "parity/octet/h16 overlays"
    },
    "output": {
      "type": "cqe:overlay_bundle",
      "schema": "OPE/FCE receipts + overlays"
    }
  },
  "metrics": {
    "OPE_P8_D": 7,
    "OPE_debt": 0.0442895259795177,
    "FCE_Dvotes": 45,
    "FCE_debt": 0.045618852640142,
    "mirror_primary": 0,
    "mirror_mirror": 0,
    "mirror_debt": 0.0442895259795177
  },
  "artifacts": {
    "ledger": "receipts/ledger_snapshot.csv",
    "wrapper_receipts": "receipts/wrapper_receipts_latest.csv"
  },
  "runner": "sdk.cqe.runner:run_module"
}