doc,k,edges,redundancy,neg_conflict_proxy,coverage_gate_triggered
ComplexityTransitionsMappedtoDimensionalThresholds_extracted.txt,82,397,1.0,0.7317687464224385,True
todo.md,145,1042,1.0,0.02172338884866039,True
E8 Framework Clarity Enhancement Package.md,203,2228,1.0,0.0,True
Integration Analysis_ Universal Superpermutation Principle and Glyph Systems.md,230,3421,1.0,0.1852600321689281,True
integration_analysis.md,230,3421,1.0,0.1852600321689281,True
E8 Framework Tier 1 Components_ Comprehensive Deep Breakdown Analysis.md,234,2480,1.0,0.6908848664008911,True
README.md,243,2780,1.0,0.0,True
E8 Framework Master Review Analysis Package.md,243,2780,1.0,0.0,True
superpermutationlink_extracted.txt,258,2151,1.0,0.18564243255601282,True
master_playbook_quick_reference_index.md,263,3581,1.0,0.6893149635211291,True
E8 Framework Master Playbook - Quick Reference Index.md,263,3581,1.0,0.6893149635211291,True
Complete Shelling Guide - Final Delivery Summary.md,272,2878,1.0,0.0,True
README.md,280,2729,1.0,0.00966086343966992,True
E8 Framework Knowledge Base Package.md,280,2729,1.0,0.00966086343966992,True
E8 Framework Knowledge Base Package.md,280,2729,1.0,0.00966086343966992,True
E8 Framework Knowledge Base Package.md,280,2729,1.0,0.00966086343966992,True
executive_summary.md,333,4719,1.0,0.33086168119201576,True
Executive Summary_ Instruction-Data Distinction Protocol.md,333,4719,1.0,0.33086168119201576,True
advanced_concepts.md,333,2846,1.0,0.06931079323797139,True
E8 Framework Tier 2 Components_ Complete Deep Breakdown Analysis Package.md,340,4419,1.0,0.03065836081592769,True
framework_integration.md,342,5325,1.0,0.17582085035557574,True
E8 Framework.md,342,5325,1.0,0.17582085035557574,True
master_playbook_architecture.md,347,3212,1.0,0.0,True
master_playbook_complete_guide.md,347,4069,1.0,0.0,True
master_playbook_architecture.md,347,3212,1.0,0.0,True
E8 Framework Master Playbook.md,347,4069,1.0,0.0,True
E8 Framework Master Playbook - Final Delivery Summary.md,350,3644,1.0,0.0,True
Instruction-Data Distinction Protocol Package.md,360,4621,1.0,0.12385804638088545,True
E8 Framework_ Complete Analysis Package.md,375,4660,1.0,0.04619042800768997,True
E8 Framework Critical Analysis_ Complete Deliverable Package.md,379,4053,1.0,0.08228894091722903,True
E8 Framework Knowledge Base Validation Report.md,380,4172,1.0,0.1401308287823321,True
E8 Framework Knowledge Base Validation Report.md,380,4172,1.0,0.1401308287823321,True
validation_report.md,380,4172,1.0,0.1401308287823321,True
validation_report.md,380,4172,1.0,0.1401308287823321,True
E8 Framework Knowledge Base Validation Report.md,380,4172,1.0,0.1401308287823321,True
The Complete Shelling Guide.md,381,5191,1.0,0.0,True
instruction_data_distinction_protocol.md,388,6298,1.0,0.2523385574792812,True
Instruction-Data Distinction Protocol for LLM Systems.md,388,6298,1.0,0.2523385574792812,True
implementation_framework.md,396,7043,1.0,0.17749632892804698,True
Implementation Framework for Instruction-Data Distinction.md,396,7043,1.0,0.17749632892804698,True
E8 Framework Knowledge Base - Executive Summary.md,400,4382,1.0,0.04054669703872437,True
E8 Framework Knowledge Base - Executive Summary.md,400,4382,1.0,0.04054669703872437,True
executive_summary.md,400,4382,1.0,0.04054669703872437,True
E8 Framework Knowledge Base - Executive Summary.md,400,4382,1.0,0.04054669703872437,True
advanced_shelling_operations_integration.md,400,6400,1.0,0.03451046921737578,True
compression_techniques_protocols.md,401,5529,1.0,0.0,True
glossary.md,405,3821,1.0,0.0,True
PACKAGE_SUMMARY.md,419,5073,1.0,0.0,True
Master Review Analysis Package Summary.md,419,5073,1.0,0.0,True
core_shelling_methodology.md,427,5771,1.0,0.0,True
initial_analysis.md,461,3893,1.0,0.0,True
expansion_methodologies_implementation.md,466,7168,1.0,0.0,True
E8 Framework Analysis.md,466,7112,1.0,0.0,True
lsdt_e8_quick_reference.md,484,4315,1.0,0.0,True
lsdt_e8_quick_reference.md,484,4315,1.0,0.0,True
E8 Framework Quick Reference Guide.md,484,4315,1.0,0.0,True
E8 Framework Quick Reference Guide.md,484,4315,1.0,0.0,True
E8 Framework Quick Reference Guide.md,484,4315,1.0,0.0,True
E8 Framework.md,488,7409,1.0,0.0,True
E8 Framework Analysis.md,503,8091,1.0,0.0,True
clarity_enhancement_analysis.md,503,8091,1.0,0.0,True
glyph_systems_analysis.md,531,10662,1.0,0.0,True
ten_step_idea_actualization_analysis.md,531,7574,1.0,0.0,True
10-Step Idea Actualization Process_ Comprehensive Deep Breakdown Analysis.md,531,7574,1.0,0.0,True
Glyph Systems & n=-1 Glyphic Index Lattice_ Comprehensive Deep Breakdown Analysis.md,531,10662,1.0,0.0,True
tier2_integration_analysis.md,538,9423,1.0,0.0,True
Tier 2 Components Integration Analysis_ Comprehensive Framework Synthesis.md,538,9423,1.0,0.0,True
E8 Framework.md,541,8290,1.0,0.0,True
dimensional_architecture_navigation_guide.md,541,8290,1.0,0.0,True
E8 Enhancement Strategy.md,593,9451,1.0,0.0,True
practical_implementation.md,601,9500,1.0,0.0,True
LLM-Optimized Implementation Guide.md,602,9324,1.0,0.0,True
irl_methods_analysis.md,605,8682,1.0,0.0,True
integration_strategy.md,607,8575,1.0,0.0,True
E8 Framework.md,607,8575,1.0,0.0,True
volume_4_advanced_operations_optimization.md,614,14214,1.0,0.0,True
volume_4_advanced_operations_optimization.md,614,14214,1.0,0.0,True
critical_analysis_phase1.md,625,8010,1.0,0.0,True
01_critical_analysis_phase1.md,625,8010,1.0,0.0,True
E8 Framework Misalignment with LLM Operational Realities.md,625,8010,1.0,0.0,True
MORSR Scanning System_ Comprehensive Deep Breakdown Analysis.md,642,9534,1.0,0.0,True
morsr_scanning_system_analysis.md,642,9534,1.0,0.0,True
framework_visualization_conceptual_mapping.md,645,11220,1.0,0.0,True
E8 Framework.md,645,11220,1.0,0.0,True
wavepool_system_analysis.md,671,11098,1.0,0.0,True
WavePool System_ Comprehensive Deep Breakdown Analysis.md,671,11098,1.0,0.0,True
Critical Tools and Methods Requiring Deep Breakdown Analysis.md,679,13642,1.0,0.0,True
E8 Framework Analysis and LLM Optimization.md,686,9911,1.0,0.0,True
final_critical_assessment.md,686,9911,1.0,0.0,True
practical_implementation_guide_examples.md,719,8334,1.0,0.0,True
Universal Superpermutation Principle_ Comprehensive Deep Breakdown Analysis.md,739,14471,1.0,0.0,True
universal_superpermutation_principle_analysis.md,739,14471,1.0,0.0,True
implementation_strategy.md,779,12646,1.0,0.0,True
Implementation Strategy for LLM-Native Methods_ Practical Protocols and Testing Procedures.md,779,12646,1.0,0.0,True
volume_1_foundations_core_principles.md,790,17624,1.0,0.0,True
volume_1_foundations_core_principles.md,790,17624,1.0,0.0,True
volume_2_component_systems_tools.md,794,19241,1.0,0.0,True
volume_2_component_systems_tools.md,794,19241,1.0,0.0,True
E8 Framework Applied to LLMs.md,820,11504,1.0,0.0,True
02_gap_analysis_phase2.md,820,11504,1.0,0.0,True
gap_analysis_phase2.md,820,11504,1.0,0.0,True
volume_3_implementation_integration.md,840,18152,1.0,0.0,True
volume_3_implementation_integration.md,840,18152,1.0,0.0,True
E8 for Transformer Realities.md,846,12801,1.0,0.0,True
llm_optimized_recommendations.md,846,12801,1.0,0.0,True
lsdtpaper_extracted.txt,850,10076,1.0,0.0,True
framework_methodology_analysis.md,950,12452,1.0,0.0,True
E8 Framework Methodology Analysis.md,950,12452,1.0,0.0,True
framework_methodology_analysis.md,950,12452,1.0,0.0,True
E8 Framework Methodology Analysis.md,950,12452,1.0,0.0,True
E8 Framework Methodology Analysis.md,950,12452,1.0,0.0,True
eganswork_extracted.txt,1218,19218,1.0,0.0,True
E8 Framework Implementation Guide for AI Systems.md,1277,21691,1.0,0.0,True
E8 Framework Implementation Guide for AI Systems.md,1277,21691,1.0,0.0,True
lsdt_e8_implementation_guide.md,1277,21691,1.0,0.0,True
E8 Framework Implementation Guide for AI Systems.md,1277,21691,1.0,0.0,True
lsdt_e8_implementation_guide.md,1277,21691,1.0,0.0,True
lsdtnewest_extracted.txt,2019,38607,1.0,0.0,False
fullspmlog_extracted.txt,3067,78545,1.0,0.0,False
extracted_content.txt,7998,359600,1.0,0.0,False
