{
  "timestamp": "2025-09-20T00:46:04.131604Z",
  "exo_count": 5,
  "plans": [
    {
      "zip": "CQE_Control_Plane_OneShot_v0_1_1",
      "plan_path": "remediation/DELTA_LIFT_PLAN__CQE_Control_Plane_OneShot_v0_1_1.md"
    },
    {
      "zip": "CQE_Modular_Atomic_Pilot_v0_3",
      "plan_path": "remediation/DELTA_LIFT_PLAN__CQE_Modular_Atomic_Pilot_v0_3.md"
    },
    {
      "zip": "CQE_Reference_Pack_20250919T025314Z",
      "plan_path": "remediation/DELTA_LIFT_PLAN__CQE_Reference_Pack_20250919T025314Z.md"
    },
    {
      "zip": "cqe_forms_registry",
      "plan_path": "remediation/DELTA_LIFT_PLAN__cqe_forms_registry.md"
    },
    {
      "zip": "cqe_golden_20250919T171400Z",
      "plan_path": "remediation/DELTA_LIFT_PLAN__cqe_golden_20250919T171400Z.md"
    }
  ],
  "created_stubs": [
    "spec/DSL.md",
    "spec/ledger.schema.json",
    "receipts/wb.json",
    "receipts/oc.json",
    "receipts/arc.json"
  ],
  "notes": "Run \u0394-lift on EXO bundles per plans; attach real data via adapters to flip WB/OC to DIGEST on truth."
}