device,platform,group,ref,data_rate_gbps,IL_dB,ber_target,span_octaves,min_nm,max_um,threshold_fJ,metric,bound_value,bound_label,cite,meets_bound,rest_scale,strict,delta_admissible,status,decision,evidence_four_bit,evidence_hash,ber_cap,rate_floor_gbps,ultratight_pass
Topological VPC Waveguide,Si PhC (telecom),gauge,PRJ-2022-VPC-11Gbps,10.29533105933265,1.8016983478490038,<1e-9,,,,,data_rate_gbps,11.0,error-free ≥11 Gbps (review),Tan2021;Yang2019,False,8,HARD,True,PROVISIONAL,YES,1110,ea9fa81348fcdb220e676b660b79e04eb807d88ae1fbe6048931b4e7536327bc,<=1e-12,10.0,False
Amorphous Topo THz Link,THz PhC,gauge,SciAdv-2025-72Gbps,73.4621481495181,2.1448725733350855,<1e-6,,,,,data_rate_gbps,72.0,on-chip THz comm ≥72 Gbps,SciAdv2025,True,78,HARD,True,WORKING,YES,0101,5a3772c495719375b405d551d410ea1bf04e9365f36ec903118a5e20bda8fe6b,as-reported,72.0,True
Topological THz Diplexer,Si THz,gauge,AdvMat-2024-150Gbps,144.114690193801,3.4142222922814636,<2e-3 (QAM),,,,,data_rate_gbps,150.0,aggregate ≥150 Gbps (QAM diplexer),AdvMater2024,False,21,HARD,True,PROVISIONAL,YES,0001,1315faa0586c7afc61759ff59ca11170285acaf0797722385b35f345fdf886fe,<=3.2e-3 (FEC),150.0,False
Coupled Topo Waveguides,SiN/Si,gauge,Coupling-2025,8.69598709729648,2.0148714663788407,<1e-9,,,,,data_rate_gbps,10.0,≥10 Gbps (topo link),generic,False,12,HARD,True,PROVISIONAL,YES,1100,cda1cac49b9acd39ed537c939f25b0221b29c41f111af33148e663f0d607467b,<=1e-9,10.0,False
LN OPO Comb (tunable),TFLN OPO,comb,NatComm-2023-LN-OPO-Octave,,,,1.014998263376794,786.7291367324772,2.469855423574619,118.0347600078988,span_octaves,1.0,>=1 octave span (LN OPO),Nat Commun 2023,True,34,HARD,True,WORKING,YES,1111,f3b3471df3e9963442fd5c7abed58ffcb9afb818c89c77b88dddbbde63ce6945,<=1e-9,10.0,True
LN OPO Comb (vis→mid-IR),TFLN OPO,comb,Caltech-2025-visible→midIR,,,,1.3698076756570057,656.7130311680095,3.247603922299291,52.415403275332764,span_octaves,1.2,visible→mid-IR span; fJ thresholds,Nat Photon 2025 / Caltech 2025,True,85,HARD,True,WORKING,YES,1101,de26c792ba5eb8e352d98010dcf80acc49e08979f8a0b15049778f52b1956e9d,<=1e-9,10.0,True
LN Harmonic Combs (vis/UV),TFLN WG χ(2),comb,NIST-2024-vis→UV,,,,0.9509732889622358,415.2938048211305,1.0308411794469994,457.01242718570217,min_nm,350.0,UV line ≤350 nm present,NIST 2024,False,87,HARD,True,PROVISIONAL,YES,0010,244b24e652f2b5711649349b73434a67777e642864b4b82dfef9b5875ecb58c4,<=1e-9,10.0,False
