device,platform,group,ref,data_rate_gbps,IL_dB,ber_target,span_octaves,min_nm,max_um,threshold_fJ,metric,bound_value,bound_label,cite,meets_bound
Topological VPC Waveguide,Si PhC (telecom),gauge,PRJ-2022-VPC-11Gbps,10.29533105933265,1.8016983478490038,<1e-9,,,,,data_rate_gbps,11.0,error-free ≥11 Gbps (review),Tan2021;Yang2019,False
Amorphous Topo THz Link,THz PhC,gauge,SciAdv-2025-72Gbps,73.4621481495181,2.1448725733350855,<1e-6,,,,,data_rate_gbps,72.0,on-chip THz comm ≥72 Gbps,SciAdv2025,True
Topological THz Diplexer,Si THz,gauge,AdvMat-2024-150Gbps,144.114690193801,3.4142222922814636,<2e-3 (QAM),,,,,data_rate_gbps,150.0,aggregate ≥150 Gbps (QAM diplexer),AdvMater2024,False
Coupled Topo Waveguides,SiN/Si,gauge,Coupling-2025,8.69598709729648,2.0148714663788407,<1e-9,,,,,data_rate_gbps,10.0,≥10 Gbps (topo link),generic,False
LN OPO Comb (tunable),TFLN OPO,comb,NatComm-2023-LN-OPO-Octave,,,,1.014998263376794,786.7291367324772,2.469855423574619,118.0347600078988,span_octaves,1.0,>=1 octave span (LN OPO),Nat Commun 2023,True
LN OPO Comb (vis→mid-IR),TFLN OPO,comb,Caltech-2025-visible→midIR,,,,1.3698076756570057,656.7130311680095,3.247603922299291,52.415403275332764,span_octaves,1.2,visible→mid-IR span; fJ thresholds,Nat Photon 2025 / Caltech 2025,True
LN Harmonic Combs (vis/UV),TFLN WG χ(2),comb,NIST-2024-vis→UV,,,,0.9509732889622358,415.2938048211305,1.0308411794469994,457.01242718570217,min_nm,350.0,UV line ≤350 nm present,NIST 2024,False
