baseline_id,pack,url_hash,domain,commit_ready
paper_0001,PACK_GENERIC,a27ec6bd0e37189eb7b62e6599ca999b68aa26f463d7588c1ce765ec64175fb2,phys.org,False
paper_0002,PACK_GENERIC,a4ac2e33870475c52e50d094256c4a89e767633cd4a9b4e55e5bcfe41b9205a4,www.nature.com,False
paper_0003,PACK_GENERIC,aa2fc1fd5db83cd5e728f0559ec66aef5ca3ea7df7df3437ac057a8012e22b66,www.nature.com,False
paper_0004,PACK_GENERIC,b8034b55c856ae92368b17059bfaa162c9cb46e59a534cec43f2b9460e5fb45a,thequantuminsider.com,False
paper_0005,PACK_GENERIC,39612b08ea501fda918993f345c35297c7451a25a9da29f931eb4770f2bddbba,www.nature.com,False
paper_0006,PACK_GENERIC,e0d698fcd863746f01820bed0c9ca44d111e180766b403164030ff9bc60c50b0,www.newscientist.com,False
paper_0007,PACK_GENERIC,a159a8a9aa09dcbfe44b275d89e15cb343f79ada75f4ff8b71db1fab0616973b,phys.org,False
paper_0008,PACK_GENERIC,926f040d5d1ddc03f460d6cdcb574b8ead40d00881fc9a92a29ef09ef5e6dd91,www.nature.com,False
paper_0009,PACK_GENERIC,52456e9567d6b5a010b2fa28aeb4d7db815176de808be18c298aefb459ecb32d,phys.org,False
paper_0010,PACK_GENERIC,fb6f636c735bc535537eace65ae675eda3ed5599e98f308b1ed2a8c49931d805,www.nature.com,False
paper_0011,PACK_GENERIC,c3016f2076bdf27234781119c58e61a6e3332d9569657ec10034d905b305a6e2,phys.org,False
paper_0012,PACK_GENERIC,99ee1af996d336a97197a99cb9501ed6690c74b770a546f0e7b0bc6bbb476875,www.popularmechanics.com,False
paper_0013,PACK_GENERIC,71a9d4fb289f370820f9aabae2d5eacef84be3a042bacad6047a96f1acbe31cf,phys.org,False
paper_0014,PACK_BIO_SGE,8047c77aee4ea5130220946cee3a159d4ab8bed665844c67d411990897ecb0f1,phys.org,True
paper_0015,PACK_GENERIC,051b3bb3cd535d477330a425c5099a00c2e4a3a0015ea15a459cd32cd2af3f3f,www.nature.com,False
paper_0016,PACK_GENERIC,fbc2582380402602a6bff7ee13a2fc40f9cb2bdd55ecd3f6f9de73058d50a091,www.sciencedaily.com,False
paper_0017,PACK_GENERIC,768c9d29d526c34230056d4b2e942dd07de611a4c80c61df18b23e779666cc84,www.chemistryworld.com,False
paper_0018,PACK_GENERIC,442fc070732a49cf4b9ef5bb4dc7e1aef9e029c84ee6d7a293d288050fb9f577,www.sciencedaily.com,False
paper_0019,PACK_GENERIC,c379013bf12fd0128e8d7bb9f7c5c4f62057b51d288b6690567c0e9d3039155a,www.sciencedaily.com,False
paper_0020,PACK_GENERIC,1d1cb1857dfd07a7d48c504309ba657e48631b040122988956b1243e6b06da49,www.nature.com,False
paper_0021,PACK_GENERIC,18cdaccb7e3e3ab41dc85cf317d07a6b993fcebae5e0bbc11c203feb403995fe,writings.stephenwolfram.com,False
paper_0022,PACK_GENERIC,fa2c8b4d970e1908ff1c712d340a5738cfd2b57fff9ae5960a59bc35d8ddbaf2,scitechdaily.com,False
paper_0023,PACK_GENERIC,e0be0484fc9dcc5579ae9afd6449f5b68fe7109ba46460363618c1e44b984698,phys.org,False
paper_0024,PACK_GENERIC,bbb3273c1469d6b7cbb9c363bb0861874e7cdc6885ecf4e93d5ee89fc4e15f09,unionrayo.com,False
paper_0025,PACK_GENERIC,720e87a89cb1e87834ed6d777c782b337437808f95507bd7dcf9d799b5b385b3,phys.org,False
paper_0026,PACK_GENERIC,c1cbaf13f6b6f391bd554a13882f79ce9e3f2c0c2eeba46ccf80656b079c18f3,www.energy-reporters.com,False
paper_0027,PACK_GENERIC,7c2ec33a4140b89ed546fa5f583e96d70d796259ccd2dee838523ced6f702cdd,gizmodo.com,False
paper_0028,PACK_GENERIC,3424091dea5bf2bb02060e974b8e0b33f866c2b049dc5d4d6fba571fe457f83f,www.nature.com,False
paper_0029,PACK_GENERIC,8b240e3a2fb6d6605f96389987fa8e69467204d0896123a517ab46d3e8d41569,www.sciencedaily.com,False
paper_0030,PACK_GENERIC,27287a87c887404df62acfb6028b052d27ae1bead67f1111afce1bbd449617ad,www.openculture.com,False
paper_0031,PACK_GENERIC,28036f0c2d42212f3edf75b8e8a81d470f9f6cb5fd40fb0393f6a0caeb7bb5cb,phys.org,False
paper_GHIST_2025,PACK_BIO_SGE,7eb49a395f41d7675d54e6d326efbfb166632661b4a6ff305e8492bb70a61845,www.nature.com,True
paper_TOPO_SC_2025,PACK_CM_TOPO_SC,78ea2afb6c4031750b03140b40511d1acb44d947e843a96d0a4c8c42eee7e4d8,www.nature.com,True
paper_PRL_ENTAN_2025,PACK_QD_ENTAN_VERIFY,70d2e561d64047d516a7b99fbc1eca237c9af1cd8e4de3a026295f86a4b0fb8b,phys.org,True
paper_NCOMMS_METHYL_2025,PACK_CHEM_METHYL_XFER,e13018843fcc7e3ed514eadab4d0fb791698c3bf5ebd79725fe62c6cb75788a5,www.nature.com,True
paper_LSA_PNN_2025,PACK_PHOT_PNN,61949211d6718f1b60e8745515a8c90941c043146ddb6640c3a5eab89c2b8606,www.nature.com,True
