{
  "trail_id": "uuid4",
  "ts": "iso8601",
  "event": "begin|append|finalize",
  "op": "string (e.g., 'promotion', 'to_graph', 'neg_beacon_eval')",
  "module": "package.module",
  "level": "INFO|WARN|ERROR",
  "policy_hash": "hex",
  "safe_cube": {
    "allowed": "bool",
    "reason": "string"
  },
  "porter": {
    "to": "str",
    "from": "str"
  },
  "lattice": {
    "universe": "str",
    "shell": "int",
    "weyl_point": "0..7",
    "n_level": "0..5"
  },
  "mdhg": {
    "building": "str",
    "room": "str",
    "elevator": "str"
  },
  "w5h": {
    "who": "str",
    "what": "str",
    "when": "str",
    "where": "str",
    "why": "str",
    "how": "str"
  },
  "payload": "object (event-specific details)"
}