{
  "n_tokens": 247,
  "passes": {
    "baseline": {
      "ticks": [
        30.0,
        6.0,
        6.0
      ],
      "tolerance_deg": [
        1.0,
        1.0,
        1.0
      ],
      "closure": {
        "hour": 0.12955465587044535,
        "minute": 0.4939271255060729,
        "second": 0.4939271255060729
      }
    },
    "pass1_snap_base": {
      "ticks": [
        30.0,
        6.0,
        6.0
      ],
      "tolerance_deg": [
        1.0,
        1.0,
        1.0
      ],
      "closure": {
        "hour": 0.12955465587044535,
        "minute": 0.4939271255060729,
        "second": 0.4939271255060729
      }
    },
    "pass2_cascade_x2": {
      "ticks": [
        15.0,
        3.0,
        3.0
      ],
      "tolerance_deg": [
        0.5,
        0.5,
        0.5
      ],
      "closure": {
        "hour": 0.1700404858299595,
        "minute": 0.6639676113360324,
        "second": 0.6396761133603239
      }
    },
    "pass3_cascade_x10": {
      "ticks": [
        3.0,
        0.6,
        0.6
      ],
      "tolerance_deg": [
        0.1,
        0.1,
        0.1
      ],
      "closure": {
        "hour": 0.41700404858299595,
        "minute": 0.6639676113360324,
        "second": 0.6396761133603239
      }
    }
  },
  "moved_counts": {
    "pass1": 145,
    "pass2": 0,
    "pass3": 0
  }
}