[
  {
    "topic": "Safe Cube",
    "corpus_queries": [
      "axes",
      "invariants",
      "boundaries",
      "intersection policy",
      "gate",
      "The",
      "safe",
      "cube",
      "concept",
      "represents",
      "fundamental",
      "innovation",
      "analytical",
      "architecture",
      "that",
      "successfully",
      "bridges",
      "the",
      "traditional",
      "gap"
    ],
    "where": "Search within Manus ZIP text/markdown (full-text) and idea-packages",
    "goal": "Find definitions, algorithms, worked examples, or acceptance criteria that close the gaps."
  },
  {
    "topic": "Glyph Systems & n=-1",
    "corpus_queries": [
      "BNF",
      "grammar",
      "type system",
      "reversibility",
      "n=-1 semantics",
      "3-word compression",
      "The",
      "Word",
      "Base",
      "Idea",
      "Test",
      "crucial",
      "heuristic",
      "was",
      "introduced",
      "the",
      "user",
      "determine",
      "concept",
      "has"
    ],
    "where": "Search within Manus ZIP text/markdown (full-text) and idea-packages",
    "goal": "Find definitions, algorithms, worked examples, or acceptance criteria that close the gaps."
  },
  {
    "topic": "Universal Superpermutation",
    "corpus_queries": [
      "n=4 example",
      "n=5 example",
      "n=6 example",
      "approximation",
      "error bound",
      "Algorithm",
      "Limitations",
      "The",
      "method",
      "used",
      "might",
      "not",
      "cover",
      "all",
      "possible",
      "cases",
      "Enhancing",
      "the",
      "algorithm",
      "adjusting"
    ],
    "where": "Search within Manus ZIP text/markdown (full-text) and idea-packages",
    "goal": "Find definitions, algorithms, worked examples, or acceptance criteria that close the gaps."
  },
  {
    "topic": "MORSR / WavePool",
    "corpus_queries": [
      "scan rank route",
      "RAG",
      "scout arm",
      "priority queues",
      "coverage feedback",
      "The",
      "Word",
      "Base",
      "Idea",
      "Test",
      "crucial",
      "heuristic",
      "was",
      "introduced",
      "the",
      "user",
      "determine",
      "concept",
      "has",
      "been"
    ],
    "where": "Search within Manus ZIP text/markdown (full-text) and idea-packages",
    "goal": "Find definitions, algorithms, worked examples, or acceptance criteria that close the gaps."
  },
  {
    "topic": "Instruction\u2013Data Distinction",
    "corpus_queries": [
      "porter",
      "mannequin",
      "isolation",
      "provenance",
      "policy"
    ],
    "where": "Search within Manus ZIP text/markdown (full-text) and idea-packages",
    "goal": "Find definitions, algorithms, worked examples, or acceptance criteria that close the gaps."
  }
]