{
  "token_id": "mtok_f201f6f827d05de6",
  "created_at": "2025-09-18T05:46:30Z",
  "weyl_id": 7,
  "chamber_id": 217,
  "gsl": {
    "base": 24,
    "octave_k": 2,
    "riser": 7
  },
  "phi_mode": {
    "enabled": true,
    "gradient": true,
    "window": [
      13,
      21,
      34
    ]
  },
  "edge_fence": "end_of_window",
  "input_digest": "1fab52b9839054d87f00e097cf113ec8168114454eca738ecdf7fbb73e2e6789",
  "output_digest": "b307957e4f4ed78e724fc16ce9c329a1bd616a615c33197673424bfafbd74b00",
  "user_comparator": {
    "order_key": [
      "ts",
      "id"
    ],
    "metrics": [
      "exact"
    ],
    "tolerances": {
      "exact": 1.0
    }
  },
  "braid_receipt": {
    "all8_closure": true,
    "dual": true,
    "compose": true,
    "winner_hash": "f8226aa379ea8cef344ccf5cd2360083d200c1df638f440983398fd660d500d9",
    "runnerup_margin_min": 0.0,
    "zero_event_index": 104
  },
  "caps": [
    "FS.WRITE"
  ],
  "ledger_refs": {
    "macrocycle_seal": "232cc656314291c21189d679441c52c83d3e128a87200c07378a8b2441fe32da",
    "pack_ids": [
      "31709995cf1b2d67aa6a2542a8c8529945b044b4380d42e4f5440faecabc6ffa"
    ]
  },
  "sidecar": {}
}