{
  "answer": "[CQE] One-shot sealed answer for: SAR multi\u2011pass coastline change detection; fuse ascending/descending; corner reflectors as anchors.",
  "token_path": "/mnt/data/CQE_Modular_Atomic_Pilot/nuggets/mtok_f201f6f827d05de6.json",
  "receipts": {
    "all8_closure": true,
    "dual": true,
    "compose": true,
    "seal": "232cc656314291c21189d679441c52c83d3e128a87200c07378a8b2441fe32da"
  },
  "braid": {
    "winner_min_margin": 0.0,
    "winners_hash": "f8226aa379ea8cef344ccf5cd2360083d200c1df638f440983398fd660d500d9",
    "chambers": 4096
  },
  "schedule_visits": {
    "0": 3,
    "1": 2,
    "2": 3,
    "3": 2,
    "4": 3,
    "5": 3,
    "6": 2,
    "7": 3
  }
}