{
  "answer": "[CQE] One-shot sealed answer for: 8\u2011arm interferometric imaging; \u03c6 bursts at zero\u2011events; baseline braid.",
  "token_path": "/mnt/data/CQE_Modular_Atomic_Pilot/nuggets/mtok_f3fed305fe70460f.json",
  "receipts": {
    "all8_closure": true,
    "dual": true,
    "compose": true,
    "seal": "532b106000ec16d72b5e1c54a30f7f7e2c60d2c14d402d0301d714906edb419b"
  },
  "braid": {
    "winner_min_margin": 0.0,
    "winners_hash": "943d2c6341f5fcb637d69482affa226de600669d10db79b12f3670dcb7dffc44",
    "chambers": 4096
  },
  "schedule_visits": {
    "0": 3,
    "1": 2,
    "2": 3,
    "3": 2,
    "4": 3,
    "5": 3,
    "6": 2,
    "7": 3
  }
}