{
  "snaphash_id": "router\u2192shells",
  "src": {
    "system": "router",
    "corridor": "bits=16|mod=257|alpha=1.0|beta=0.25"
  },
  "dst": {
    "system": "shells",
    "policy": "default"
  },
  "replay": {
    "seed": 99,
    "K": 10
  },
  "expect": {
    "recall@1_nonzero_min": 0.3,
    "gdist_max": 0.8
  },
  "metrics": {
    "actual": {
      "recall@1_nonzero": 0.125,
      "avg_cand": 2.75,
      "gdist_max": 0.5479160757267124,
      "coherence_mean": 0.3785578329116106
    }
  },
  "artifact_ref": null,
  "version": "0.1.0",
  "signature": "b2-128:e1be8bf68e5fd9e988655c9932f34196"
}