{
  "snaphash_id": "router\u2192shells|b24m257a0.8b0.4",
  "src": {
    "system": "router",
    "corridor": "bits=24|mod=257|alpha=0.8|beta=0.4"
  },
  "dst": {
    "system": "shells",
    "policy": "default"
  },
  "replay": {
    "seed": 99,
    "K": 10
  },
  "expect": {
    "recall@1_nonzero_min": 0.3,
    "gdist_max": 0.8
  },
  "metrics": {
    "actual": {
      "recall@1_nonzero": 0.375,
      "avg_cand": 3.125,
      "gdist_max": 0.56754640438012,
      "coherence_mean": 0.5029873102903366
    }
  },
  "artifact_ref": null,
  "version": "0.1.0",
  "signature": "b2-128:1848362c4b225a2de44c5a6a28b537b3"
}