{
  "snaphash_id": "router\u2192shells|b32m521a0.8b0.4",
  "src": {
    "system": "router",
    "corridor": "bits=32|mod=521|alpha=0.8|beta=0.4"
  },
  "dst": {
    "system": "shells",
    "policy": "default"
  },
  "replay": {
    "seed": 99,
    "K": 10
  },
  "expect": {
    "recall@1_nonzero_min": 0.3,
    "gdist_max": 0.8
  },
  "metrics": {
    "actual": {
      "recall@1_nonzero": 0.0,
      "avg_cand": 2.125,
      "gdist_max": 0.555182004521268,
      "coherence_mean": 0.5351840617659036
    }
  },
  "artifact_ref": null,
  "version": "0.1.0",
  "signature": "b2-128:cc9facf8ade59d3c356744e4fa378b53"
}