{
  "snaphash_id": "router\u2192shells|b32m1021a1.0b0.2",
  "src": {
    "system": "router",
    "corridor": "bits=32|mod=1021|alpha=1.0|beta=0.2"
  },
  "dst": {
    "system": "shells",
    "policy": "default"
  },
  "replay": {
    "seed": 99,
    "K": 10
  },
  "expect": {
    "recall@1_nonzero_min": 0.3,
    "gdist_max": 0.8
  },
  "metrics": {
    "actual": {
      "recall@1_nonzero": 0.0,
      "avg_cand": 1.625,
      "gdist_max": 0.5567650812354508,
      "coherence_mean": 0.7645917385816574
    }
  },
  "artifact_ref": null,
  "version": "0.1.0",
  "signature": "b2-128:7537782ac8180b46f05d6be900b61bc4"
}