{
  "$schema": "http://json-schema.org/draft-07/schema#",
  "title": "ContributionProof",
  "type": "object",
  "required": [
    "actor_id",
    "timestamp",
    "summary",
    "domain_claims",
    "evidence"
  ],
  "properties": {
    "actor_id": {
      "type": "string"
    },
    "timestamp": {
      "type": "string"
    },
    "summary": {
      "type": "string"
    },
    "details": {
      "type": "string"
    },
    "domain_claims": {
      "type": "array",
      "items": {
        "type": "string",
        "enum": [
          "MERIT",
          "CARETAKER",
          "AEGIS",
          "INFRA",
          "GAIA",
          "VANGOGH",
          "MYTHOS",
          "DAVINCI",
          "THETA",
          "ORBIT"
        ]
      },
      "minItems": 1
    },
    "evidence": {
      "type": "object",
      "required": [
        "endorsements",
        "lineage_refs",
        "deployments",
        "safety"
      ],
      "properties": {
        "endorsements": {
          "type": "array",
          "items": {
            "type": "object",
            "properties": {
              "witness_id": {
                "type": "string"
              },
              "statement": {
                "type": "string"
              },
              "confidence": {
                "type": "number",
                "minimum": 0,
                "maximum": 1
              }
            },
            "required": [
              "witness_id",
              "statement",
              "confidence"
            ]
          }
        },
        "lineage_refs": {
          "type": "array",
          "items": {
            "type": "object",
            "properties": {
              "source_id": {
                "type": "string"
              },
              "score": {
                "type": "number",
                "minimum": 0,
                "maximum": 1
              },
              "kind": {
                "type": "string",
                "enum": [
                  "paper",
                  "protocol",
                  "mythos",
                  "artifact",
                  "dataset"
                ]
              }
            },
            "required": [
              "source_id",
              "score",
              "kind"
            ]
          }
        },
        "deployments": {
          "type": "integer",
          "minimum": 0
        },
        "safety": {
          "type": "object",
          "properties": {
            "non_coercive": {
              "type": "boolean"
            },
            "non_weaponizable": {
              "type": "boolean"
            },
            "harm_reduction_pass": {
              "type": "boolean"
            }
          },
          "required": [
            "non_coercive",
            "non_weaponizable",
            "harm_reduction_pass"
          ]
        }
      }
    },
    "sensitivity": {
      "type": "object",
      "properties": {
        "contains_phi": {
          "type": "boolean"
        },
        "private_notes": {
          "type": "string"
        }
      }
    },
    "royalty_terms": {
      "type": "object",
      "properties": {
        "commons_publish": {
          "type": "boolean"
        },
        "creator_share": {
          "type": "number",
          "minimum": 0,
          "maximum": 1
        },
        "allow_specifics_requests": {
          "type": "boolean"
        }
      }
    }
  }
}