{
  "t": 2,
  "count": 512,
  "deferred": 4464,
  "occ_top": [
    [
      "I:8,2,2,2,1,1,1,1",
      1
    ],
    [
      "I:7,0,-1,0,0,-1,0,1",
      1
    ],
    [
      "I:8,-2,1,-1,1,-1,-1,1",
      1
    ],
    [
      "I:8,2,2,2,-1,-1,-1,-1",
      1
    ],
    [
      "I:8,-1,-1,0,1,0,0,-1",
      1
    ],
    [
      "H:17,3,3,3,1,-3,-3,-5",
      1
    ],
    [
      "I:10,-4,-1,1,3,-3,0,0",
      1
    ],
    [
      "H:19,1,1,1,5,5,5,-1",
      1
    ],
    [
      "I:8,1,-1,1,-1,-2,-1,1",
      1
    ],
    [
      "H:23,3,3,1,-3,5,-5,-3",
      1
    ],
    [
      "I:8,-1,-1,-1,1,-2,1,1",
      1
    ],
    [
      "I:10,-3,3,-1,1,-3,0,-1",
      1
    ],
    [
      "H:17,1,1,5,5,1,1,5",
      1
    ],
    [
      "H:17,3,5,3,1,-3,1,-3",
      1
    ],
    [
      "I:8,-1,1,-2,1,1,-1,-1",
      1
    ],
    [
      "I:7,-1,-1,1,0,0,0,0",
      1
    ],
    [
      "I:8,0,-1,-1,-1,1,0,0",
      1
    ],
    [
      "I:7,0,0,1,-1,0,0,-1",
      1
    ],
    [
      "I:8,-2,1,-1,-1,1,1,-1",
      1
    ],
    [
      "H:17,1,5,1,5,1,5,1",
      1
    ]
  ],
  "distortion": {
    "n": 250,
    "mean": 0.411064,
    "max": 0.812022
  },
  "kurtosis": {
    "pre": 10.433172819283483,
    "post": 2.1742197843675113
  },
  "scale": 2.0,
  "neighbor_hit": 0.6,
  "timing": {
    "encode_ms": 55.849,
    "cas_ms": 234.485,
    "per_vec_ms": 0.5671
  },
  "entropy": 5.521460917612248,
  "scale_eval": {
    "0.5": 4.6875,
    "0.75": 1.7118055555555556,
    "1.0": 0.46875,
    "1.5": 0.40277777777777757,
    "2.0": 0.0,
    "3.0": 0.05208333333333335
  }
}