{
  "t": 0,
  "count": 256,
  "deferred": 1744,
  "occ_top": [
    [
      "I:15,4,-5,1,6,1,-8,-2",
      1
    ],
    [
      "I:8,1,-2,-1,-1,-2,1,2",
      1
    ],
    [
      "H:17,3,-3,-5,3,5,-5,-3",
      1
    ],
    [
      "I:7,-1,0,0,1,-1,0,0",
      1
    ],
    [
      "I:7,1,0,0,1,1,0,0",
      1
    ],
    [
      "H:19,-5,1,1,1,1,-5,7",
      1
    ],
    [
      "I:11,1,-4,0,4,0,-3,1",
      1
    ],
    [
      "H:23,-9,3,-5,-5,3,-9,11",
      1
    ],
    [
      "H:15,-3,3,-3,-3,3,-3,3",
      1
    ],
    [
      "H:25,-7,5,-9,5,-9,7,-1",
      1
    ],
    [
      "I:8,1,-1,-2,1,-1,1,-1",
      1
    ],
    [
      "H:21,1,-7,1,9,1,-7,1",
      1
    ],
    [
      "I:8,-1,1,0,0,-1,-1,0",
      1
    ],
    [
      "H:13,1,1,1,1,1,1,1",
      1
    ],
    [
      "I:7,0,0,1,1,0,0,1",
      1
    ],
    [
      "I:8,-1,-1,2,-1,2,2,-1",
      1
    ],
    [
      "H:13,1,-1,-1,1,1,-1,-1",
      1
    ],
    [
      "H:27,-7,-15,7,-13,5,13,-5",
      1
    ],
    [
      "I:8,2,-1,-1,1,1,-2,-2",
      1
    ],
    [
      "H:13,-1,1,-1,-1,1,-1,1",
      1
    ]
  ],
  "distortion": {
    "n": 147,
    "mean": 0.391746,
    "max": 0.812022
  },
  "kurtosis": {
    "pre": 13.768587036072297,
    "post": 2.316248626929535
  },
  "scale": 2.0,
  "neighbor_hit": 0.35,
  "timing": {
    "encode_ms": 10.276,
    "cas_ms": 189.969,
    "per_vec_ms": 0.7822
  },
  "entropy": 4.990432586631741,
  "scale_eval": {
    "0.5": 4.5,
    "0.75": 1.6979166666666667,
    "1.0": 0.5,
    "1.5": 0.40972222222222204,
    "2.0": 0.0,
    "3.0": 0.05555555555555557
  }
}