zip,path,ext,size_bytes,is_text,sha256_firstMB,has_cqe_keywords,num_kw_matches,fourbit_hits
CQE_Control_Plane_OneShot_v0_1_1,cqe_control_plane/README.md,.md,152,True,8f6a0d63761b36cc4d13cb21483c2c51ed8e980a5fbbb95dd04d9ee9cce36d30,False,0,0
CQE_Control_Plane_OneShot_v0_1_1,cqe_control_plane/compliance/policies.yaml,.yaml,71,True,5e71543f1e25bda228c65369e96692d699f7febe4662fd3b690b90d47c71ebb5,False,0,0
CQE_Control_Plane_OneShot_v0_1_1,cqe_control_plane/dashboards/closure.png,.png,44906,False,82debaab352ad6bebb73fe979a9c759c80f6b1efeb3bf7e2ea42a4c974368d74,False,0,0
CQE_Control_Plane_OneShot_v0_1_1,cqe_control_plane/dashboards/metrics.csv,.csv,41,True,d2dee7223bbc863cfe04436f35db4653f2179cb8d5b0519be513608e9f1ea1b2,False,0,0
CQE_Control_Plane_OneShot_v0_1_1,cqe_control_plane/docs/CQE_for_Humans.md,.md,31,True,576e96331d61d8b0cbebb852001df9d66b771bef5c82877afb674c10b2dee3db,False,0,0
CQE_Control_Plane_OneShot_v0_1_1,cqe_control_plane/nuggets/example_token.json,.json,67,True,a8fc398c70ab2fafe0bf2bef7a54ce9ef12138498ef2f2656ad03a98f6be14e6,False,0,0
CQE_Control_Plane_OneShot_v0_1_1,cqe_control_plane/nuggets/index.json,.json,108,True,473e835de40551eaf0f81cb7ed9ed6e45b9caefd02e0292c759cd262b68e5aad,False,0,0
CQE_Control_Plane_OneShot_v0_1_1,cqe_control_plane/nuggets/master_token.schema.json,.json,28,True,5751525f507f3095edcae1d29a17276dd239e2b308fcfe35c93a45f042ce5ae2,False,0,0
CQE_Control_Plane_OneShot_v0_1_1,cqe_control_plane/proofs/notes.md,.md,24,True,c76d8e92a1b2bad6d0ca6651ca08094eec88e9face4d5520832e80cd0d680203,False,0,0
CQE_Control_Plane_OneShot_v0_1_1,cqe_control_plane/registry/anchor_registry.json,.json,70,True,87853723b5556eaa2d4f0fe8609d7f533cc4f9141a0ad4c7f74acebfd4577cee,False,0,0
CQE_Control_Plane_OneShot_v0_1_1,cqe_control_plane/registry/anchor_schema.json,.json,38,True,1e5f764cd8bd989ee836264b1becb293e4acc801f69c306f3c283e72be4b9aba,False,0,0
CQE_Control_Plane_OneShot_v0_1_1,cqe_control_plane/runtime/alpha_optimizer.py,.py,37,True,c364814074c867093b51c438d4aeaa0a484f25ae3e14d2b6088bb5459c9cb1b6,False,0,0
CQE_Control_Plane_OneShot_v0_1_1,cqe_control_plane/runtime/config.yaml,.yaml,77,True,ba3306a8ea9a06b57d23e2e15d1e7dea627b3cc43f573f28cda33d62502366f3,False,0,0
CQE_Control_Plane_OneShot_v0_1_1,cqe_control_plane/stitches/earth_fusion_stitch.md,.md,20,True,90423c54959fc8292e8be3a8467c81f93e48b0d8b4c148d820435426390302c1,False,0,0
CQE_Control_Plane_OneShot_v0_1_1,cqe_control_plane/stitches/interferometer_stitch.md,.md,22,True,bac5d1b45c09a2704e2e5cdf715a2fc0f5cb61848e8eb0262b28cf3f70aea0b6,False,0,0
CQE_Control_Plane_OneShot_v0_1_1,cqe_control_plane/stitches/sar_stitch.md,.md,11,True,02542c7bd0e09a815abe94401d74ed00a1df5739dce6d4ec8930bc6b952f09e8,False,0,0
CQE_Control_Plane_OneShot_v0_1_1,cqe_control_plane/stitches/zip_io_stitch.md,.md,15,True,56c61afe86a16648d732f6ef435686e6c926f735e19f50a98a580264213777e2,False,0,0
CQE_Control_Plane_OneShot_v0_1_1,cqe_control_plane/ui/octad_braid.html,.html,51,True,9bbd1071faf474f1bbb1aadb93f4b9e3604fcd507af032034a12a12f6840bec6,False,0,0
CQE_Framework_0_1_0,CHANGELOG.md,.md,217,True,a14bde2b5ed4e0c6828de9eb277bae837aa7ef8b78f6ccbbf1107f6b9b13cbc1,True,3,0
CQE_Framework_0_1_0,LICENSE,(none),763,False,df353a34f83ec39e1220195c5cda7faa4b22015c6bdb95ea401a012a6de7c677,False,0,0
CQE_Framework_0_1_0,README.md,.md,1058,True,62e95426ce72568e6bd7d08fda6c0037a18ffaa7a4f75262d70872d31119a31a,True,7,0
CQE_Framework_0_1_0,VERSION,(none),6,False,e9dd8507f4bf0c6f42458e41aea833ad0bd3f6127272335eee9bf4d58541ed67,False,0,0
CQE_Framework_0_1_0,modules/QD/id_12/module.json,.json,859,True,e78d86f2d6ebfea787ac0e167c516d44ec33790b54cb126f5eb8e911d9d7d46e,True,6,0
CQE_Framework_0_1_0,modules/QD/id_12/stub.py,.py,1085,True,cb481237b1ef90e5ea2ed98147964c94ef79e05f2ec671c581e617034fb6f833,True,7,0
CQE_Framework_0_1_0,modules/QD/id_15/module.json,.json,804,True,1fb81064af67076030125b1d90e9c5953f3a991af0c2075178920c0c0db5f4ed,True,6,0
CQE_Framework_0_1_0,modules/QD/id_15/stub.py,.py,1085,True,ae7bfba9097e9e93b9d8967ca7b628d08a1aaa66603d13d93d3cf4ff6a5a6730,True,7,0
CQE_Framework_0_1_0,modules/QD/id_20/module.json,.json,805,True,4c8a2b381747302e5437d010a70fbeb5ee1344ff2e6fba0aee8145da8435b57f,True,6,0
CQE_Framework_0_1_0,modules/QD/id_20/stub.py,.py,1085,True,6fef3a35de1630d0ac9ee3fb450bd10c15c129db29179954b61b02cc1c6f0d74,True,7,0
CQE_Framework_0_1_0,modules/QD/id_21/module.json,.json,837,True,c761bed3d612bf19f119854000db4f13640ad1f39921a6a7be6e868db8b67717,True,6,0
CQE_Framework_0_1_0,modules/QD/id_21/stub.py,.py,1085,True,654a0b6fbfb5f3351bd4485de5bc5b4750b2e5839dabe7d1e93fdf7aed882908,True,7,0
CQE_Framework_0_1_0,modules/QD/id_25/module.json,.json,822,True,1e9b420f71fc23cc41a8f730957d80afa059c27ed1f74eef767e94aab91c9b79,True,6,0
CQE_Framework_0_1_0,modules/QD/id_25/stub.py,.py,1085,True,09d164e67f55139a0f869e8deb3f8267c12783faeabc87e660a98b12f4df1983,True,7,0
CQE_Framework_0_1_0,modules/QD/id_27/module.json,.json,833,True,0731ec9a8af79c38fa74b952bbe855851a6d7edb9b3bee20995bb2e92aac36bf,True,6,0
CQE_Framework_0_1_0,modules/QD/id_27/stub.py,.py,1085,True,950aa438573c7edd479c7a6f5e1057193ed8d48b8547aa718338c13c566a0d63,True,7,0
CQE_Framework_0_1_0,modules/QD/id_28/module.json,.json,806,True,41a35c05b385ddb7ef7ef0b51e9d590864fd400e364d6a28ea7b09e974992b4b,True,6,0
CQE_Framework_0_1_0,modules/QD/id_28/stub.py,.py,1085,True,d9d2195e4d78b442017827d5a2ffccee221b16c36eb571e8975a261cb365e13f,True,7,0
CQE_Framework_0_1_0,modules/QD/id_4/module.json,.json,920,True,43d47f472798324088196a88fcf147151fc3806e9e037d4ae941c26350b150ee,True,6,0
CQE_Framework_0_1_0,modules/QD/id_4/stub.py,.py,1080,True,12b8153dc187d6838011e38f03d6afce4a06dfbe3072e8e3ef54a88a1fde320b,True,7,0
CQE_Framework_0_1_0,modules/QD/id_9/module.json,.json,827,True,b3411b5f611cbbb8d56de95f200b5b6b465a15588cf233c893d6eb904cd21267,True,6,0
CQE_Framework_0_1_0,modules/QD/id_9/stub.py,.py,1080,True,74c0a40d28c445613087c75f82c4c441540187407ea70faf7f6816d24009eb46,True,7,0
CQE_Framework_0_1_0,receipts/ledger_snapshot.csv,.csv,1465,True,903f72c23d8c38d7db09574d7891bddfd39744bbe294d215227da21e9263f8c7,True,1,0
CQE_Framework_0_1_0,receipts/plan_snapshot.csv,.csv,7324,True,bc09cb06950ae61971058de798881cb7458f428e1dfa13dd4daa5f41bab50daf,True,2,0
CQE_Framework_0_1_0,registry/verified_index.csv,.csv,2827,True,6b706c7e94fc15a4564590ee0985b7c0ab058f2b091d3429d35b1f7863e6805a,True,1,0
CQE_Framework_0_1_0,registry/verified_index.json,.json,4333,True,a81ccf49e5ef7ea6314bd2ca34eb0baa9ba4a69ee2b78cfd005f96c85e8a6908,True,9,0
CQE_Framework_0_1_0,sdk/cqe/__init__.py,.py,58,True,bdfc67e0b1e95d383f1f141a5a47fd7fbb6b297a4a20f00f56367cf28a5b565c,False,0,0
CQE_Framework_0_1_0,sdk/cqe/registry.py,.py,942,True,5b8dff40715b08d240cb75f0411eeda0079b18783040aeeee053c8e85f3b59a9,True,6,0
CQE_Framework_0_1_0,sdk/cqe/runner.py,.py,661,True,474a235b92e2ce862f8e95d9f26c4d93d4390e4beff6b3bb92bf8848ed858295,True,2,0
CQE_Framework_0_1_0,tests/test_registry.py,.py,256,True,3ae567b69eab8faae8cc1426d0cdc8816773bd3f7d390a93f2f3a52b2bf9d878,False,0,0
CQE_Framework_0_1_0,tests/test_runner.py,.py,348,True,111503f8f063d5aed67ae58656bbeef3f69458372532500a443bb2ada05f84d4,True,1,0
CQE_Modular_Atomic_Pilot_v0_3,CQE_Modular_Atomic_Pilot/configs/pipeline.yaml,.yaml,51,True,d3b9a14eefc93329aeaa0c9013a12465ab198a7081fbefc81d316cad96aaf17e,False,0,0
CQE_Modular_Atomic_Pilot_v0_3,CQE_Modular_Atomic_Pilot/docs/ARCHITECTURE.md,.md,402,True,c49f1847e70f043582bf8183d2cf0d9099c2353ccd53b5704febce39ccf8fbd7,True,2,0
CQE_Modular_Atomic_Pilot_v0_3,CQE_Modular_Atomic_Pilot/modules/examples/echo_overlay.py,.py,290,True,30b41dfea58daaf0d94601c5f4415058c51e1b09c6d65c87ec3dad08d90587ef,True,1,0
CQE_Modular_Atomic_Pilot_v0_3,CQE_Modular_Atomic_Pilot/nuggets/mtok_9e009cbfa7414c9e.json,.json,1167,True,56706a5b3f299acc993a11d3ffd0049a194ba8b8d0692c52b5d8f89cf2b4dc10,False,0,0
CQE_Modular_Atomic_Pilot_v0_3,CQE_Modular_Atomic_Pilot/nuggets/mtok_dbd9b12dd9942926.json,.json,1179,True,4e70536d3d142ccf410f59bdbc22f283eec3f4293ad009e5c3c82d6502f50b25,False,0,0
CQE_Modular_Atomic_Pilot_v0_3,CQE_Modular_Atomic_Pilot/nuggets/mtok_f201f6f827d05de6.json,.json,1164,True,3fb0fc34fac56192b6c75f0dcff5502bff67b767eccfce8d320c395f106a0c95,False,0,0
CQE_Modular_Atomic_Pilot_v0_3,CQE_Modular_Atomic_Pilot/nuggets/mtok_f3fed305fe70460f.json,.json,1179,True,d26193226da7ffc11e53f07eb7e0f60a0fe496130b07ea4c2d098a6ed5a4204d,False,0,0
CQE_Modular_Atomic_Pilot_v0_3,CQE_Modular_Atomic_Pilot/nuggets/pilot_report.json,.json,674,True,50d376cb72df7da1f85d62e17a58c96476c2c0bb3f76beda3f7787d080680dbe,True,1,0
CQE_Modular_Atomic_Pilot_v0_3,CQE_Modular_Atomic_Pilot/nuggets/pilot_report_earth.json,.json,675,True,e5a1f2ce3c353d9f0b74521ccc59aec8ed8cc36b0d2b658d3bbc8283a1799b64,True,1,0
CQE_Modular_Atomic_Pilot_v0_3,CQE_Modular_Atomic_Pilot/nuggets/pilot_report_interferometer.json,.json,672,True,c7e0c74c86f050ef145413757d71a165ba151f89d466734f52f981a69ae13f89,True,1,0
CQE_Modular_Atomic_Pilot_v0_3,CQE_Modular_Atomic_Pilot/nuggets/pilot_report_sar.json,.json,690,True,46ef242aa3bc84475fb965fd1b5ff04f6db8cf60bac895a1dfd572cd0bd96978,True,1,0
CQE_Modular_Atomic_Pilot_v0_3,CQE_Modular_Atomic_Pilot/orchestrator/__pycache__/engine.cpython-311.pyc,.pyc,4542,False,246e704a4ca44e916783f9852c205539d8098a69db9442e2309a39618b14cddd,False,0,0
CQE_Modular_Atomic_Pilot_v0_3,CQE_Modular_Atomic_Pilot/orchestrator/engine.py,.py,2503,True,5b0f7675681bdfccedd54c9d5a0889e133732b6f263a40aaf84a1d8af1eb5f6d,True,3,0
CQE_Modular_Atomic_Pilot_v0_3,CQE_Modular_Atomic_Pilot/sdk/python/__pycache__/cqe_sdk.cpython-311.pyc,.pyc,17482,False,34536d308671175401dc6034776f21f66bf1b5956e55663639659fc076d28b0a,False,0,0
CQE_Modular_Atomic_Pilot_v0_3,CQE_Modular_Atomic_Pilot/sdk/python/cqe_sdk.py,.py,8544,True,87f0a1922138ab0ff77d85f1679bbae53ef4fd797a187742117b46ec7ab02c66,True,8,0
CQE_Modular_Atomic_Pilot_v0_3,CQE_Modular_Atomic_Pilot/sdk/typescript/index.ts,.ts,371,False,f6337efa0e962882d4dc2893d4010e5ec39d210f71ac0d43508a02144b110fb1,False,0,0
CQE_Modular_Atomic_Pilot_v0_3,CQE_Modular_Atomic_Pilot/spec/master_token.schema.json,.json,743,True,cc66b72ea07c728356d3d4e8454512f7dd1ade71ff6060113029711a3db4afc5,False,0,0
CQE_Modular_Atomic_Pilot_v0_3,CQE_Modular_Atomic_Pilot/spec/module_contract.schema.json,.json,1102,True,6211233da66dd0a67023875441af407a3cd4d04b3d2e18b2d7e2c823faa10039,True,2,0
CQE_Modular_Atomic_Pilot_v0_3,CQE_Modular_Atomic_Pilot/spec/openapi.yaml,.yaml,697,True,38b3ebf5930558c6791c306507a2256683b6c8d7de01805b3ff5bee8106609ef,True,2,0
CQE_Modular_Atomic_Pilot_v0_3,CQE_Modular_Atomic_Pilot/spec/pack.schema.json,.json,1491,True,0ad3e3e5ae8819f07b79e1148cd601849a4f8735de8c3a5af72789a96cbce6e5,False,0,0
CQE_Reference_Pack_20250919T025314Z,HOWTO.md,.md,409,True,9878b4e427ef235dd0b4e2811f2273ec7cec9137038d200fbc93d71dd92541de,False,0,0
CQE_Reference_Pack_20250919T025314Z,verified_index.csv,.csv,3897,True,dce54ca8fcbcd2d84d77c55fd4e74c7496f0bd299d8b429de1edd40560b07c2d,True,1,0
CQE_Reference_Pack_20250919T025314Z,verified_index.json,.json,5845,True,181a68c4567b6df1048538aa05113a6e89123cc5349dfb340f462fd29b326a85,True,13,0
CQE_Reference_Pack_20250919T025314Z,wrapper_receipts_latest.csv,.csv,2801,True,a256a5347bd4def5a286ed1e501db8d8b0fec4bb2039734f67a744034dd21475,True,1,0
CQE_Stack_Package,CQE_Stack_Package/01_cqe_check_report.md,.md,1128,True,5be21c8f95503be618c91ad80f85b930330447d60538a575be76db543b637406,True,5,0
CQE_Stack_Package,CQE_Stack_Package/02_language/CQE-L.md,.md,1880,True,3f2e8ade1cd166e806cf5f732aa46a711e58f642c86ec75f6310d2ab67b4213b,True,10,0
CQE_Stack_Package,CQE_Stack_Package/03_os/CQE-OS.md,.md,1044,True,96c88f2954d4ec2966301b4346eb8c885b8e64f1cfc2c0f43e809d6d41da9c68,True,11,0
CQE_Stack_Package,CQE_Stack_Package/04_ai/CQE-AI.md,.md,678,True,da2a200ba8c9c8abba4aa975ea392d960b8087327e8a49aee23cadf5688daf59,True,4,0
CQE_Stack_Package,CQE_Stack_Package/05_api/CQE-API.md,.md,929,True,c09471955402ea96133520e049be842194b931a1c51ea4ce641500999574bf22,True,6,1
CQE_Stack_Package,CQE_Stack_Package/07_sidecars/astro_sidecars.md,.md,515,True,9e42a92fedac85284fa9bdee310aab8df44db8f21a575ab8eda798aa9f3eec4c,False,0,0
CQE_Stack_Package,CQE_Stack_Package/07_sidecars/biology_sidecars.md,.md,546,True,9a5904f9f8ea7f8e6e9436cf7e95321af70ac30c740c5111db0da4a9f348f6cc,False,0,0
CQE_Stack_Package,CQE_Stack_Package/07_sidecars/chem_sidecars.md,.md,494,True,effc8edf50c9096ab9fe22078fba7bb9330ea31be89a4df953cf13f878ca1d53,False,0,0
CQE_Stack_Package,CQE_Stack_Package/07_sidecars/materials_sidecars.md,.md,514,True,9b17e3fa55734c697b1196e408727cbaa57c3535d8f40f33f66f50831f1ca131,False,0,0
CQE_Stack_Package,CQE_Stack_Package/07_sidecars/physics_sidecars.md,.md,564,True,007d78577e4f87e931e58130feb59e933207671db79c67e9af1350d732f3df1e,True,2,0
CQE_Stack_Package,CQE_Stack_Package/07_sidecars/robotics_sidecars.md,.md,518,True,fffb60e083d767009842fa4d78eaada057b251797f674c6a2ae29ed883068728,False,0,0
CQE_Stack_Package,CQE_Stack_Package/08_human_kit/Human_Kit.md,.md,415,True,813ac39aa2cd0557e58a9d2735dc9e8f26145c80329cad34b8d5e6711510bd6d,True,9,0
CQE_Stack_Package,CQE_Stack_Package/09_guidebook/Guidebook.md,.md,936,True,f372886e31eaf3e5f677b21f72b1efed10dd07986ae7ac1b29839ceaaa5a8360,True,12,0
CQE_Stack_Package,CQE_Stack_Package/10_pitch/PitchDeck.md,.md,1010,True,49711b2126c59141e0d04ca6020802b9db9dac6a45121f3a0fb34a7ce97eb429,True,9,0
CQE_Stack_Package,CQE_Stack_Package/11_patent/Patent_Strategy.md,.md,1516,True,0b692a5ba4c3b9c67378defe3bc2a2bbdfe9a492c747168bcd01737d61d8100f,True,11,0
CQE_Stack_Package,CQE_Stack_Package/12_schemas/commit_envelope.json,.json,596,True,695946805cb876a34f43d9c64f9a59a400919e7bdeb236abb6b2822e0a8e0777,True,2,0
CQE_Stack_Package,CQE_Stack_Package/12_schemas/meaning_pack.json,.json,360,True,16ee90d4d8e9bd9dd8a61774ac853c38d1184e0d692e2dd346031dcd9e615dbb,False,0,0
CQE_Stack_Package,CQE_Stack_Package/12_schemas/registry_schema.json,.json,234,True,ee34e5137dd4b6cea655b8855b89c3f3baab61ae5ea6c380a304a596ef3c805e,False,0,0
CQE_Stack_Package,CQE_Stack_Package/13_examples/example_workflow.md,.md,273,True,5956731fa53c582dae9cf73b424c4e8ae5d92adb85f92878032f4543f7d96d74,True,5,0
CQE_Stack_Package,CQE_Stack_Package/README.md,.md,754,True,694ef56ca93e2988445d1071278543250a262a32beffada3b2fb4b3f056a8390,True,3,0
cqe_field_kit,cqe_field_kit/README.md,.md,579,True,c7251f7b73d5a980f933580f4c863713be7ba8b6d7067d23a3d1fa3c981c6ed6,True,5,0
cqe_field_kit,cqe_field_kit/examples/toroid_telescope_run.md,.md,521,True,a89233aa745da46cf25a3ce422ce12131dcaebedb1edf4f50d74cc0efbbaa337,True,6,0
cqe_field_kit,cqe_field_kit/run_checklist.md,.md,406,True,2f881bf8dfc497ba366924a736f94f5a6ab1c49b84c5fd739e32d1c767810f28,True,2,0
cqe_field_kit,cqe_field_kit/templates/commit_strip_sheet.md,.md,312,True,49b9ab17e4d1d90dd6f19cd434bd8735ce28480ac924bd043faff417dc83d00a,True,1,0
cqe_field_kit,cqe_field_kit/templates/dna10_sheet.md,.md,818,True,952b67ce734199a127470c1a10e12154a8d22e0876cd3635c742cf6b167771c8,True,2,0
cqe_field_kit,cqe_field_kit/templates/master_ledger.md,.md,576,True,a538a00c4fa4cc7ba5932b2c9d658c1753f3247b2e7917ca9d0a31b3f5beb4d3,True,2,0
cqe_field_kit,cqe_field_kit/templates/nonworking_slip.md,.md,383,True,f501852101272057a89adceb4bd63c152fab8365ced8be3a78e947aae9759e24,True,1,0
cqe_field_kit,cqe_field_kit/templates/octet_overlay_sheet.md,.md,632,True,268e5407d5d8cab03b0053aedcd236edfea50ec138ec2a62ba24e1d19374cf46,True,8,0
cqe_field_kit,cqe_field_kit/templates/parity_loom_guide.md,.md,796,True,4cd18374ca79457bb95f5b9873ffc1c7ad12799362f7f691ce75c7dfdb909890,True,11,0
cqe_field_kit,cqe_field_kit/templates/sidecar_template.yaml,.yaml,632,True,d1a8e5a779444ea8b2df435429bc200e2391d03455b47ca5ec3898294bd3e599,True,1,0
cqe_field_kit,cqe_field_kit/templates/standin_card.md,.md,767,True,97d1153f927eefeda479c14af42ace723742d739f1730a0255fdb051b1113b3a,True,1,0
cqe_field_kit,cqe_field_kit/templates/working_slip.md,.md,400,True,928c82f0256e91bce0b73577e63e5aa23abaed79781320fb0fc95f0fa8e12202,True,2,0
cqe_forms_registry,cqe_forms_registry/README.md,.md,110,True,6818f73cd923ecf65661255697d719c23cf8e00305f4a276a0809d2db6780b21,True,1,0
cqe_forms_registry,cqe_forms_registry/compression_report.md,.md,117,True,68fefe7bcb6a9738ebee17388e4449919da73deea3dd643a6993e71b05096a05,False,0,0
cqe_forms_registry,cqe_forms_registry/meaning_packs.json,.json,1322,True,bf31e7f66a78c35129c3b04784b1834db9d37e03138b82216b4258b6fd8241c3,False,0,0
cqe_forms_registry,cqe_forms_registry/registry.json,.json,21114,True,e8abe04f65f0572ed4c416fca67d3a18932430ad186d4fa2007e4e9030b7d930,True,52,1
cqe_forms_registry,cqe_forms_registry/schema.json,.json,992,True,afa0eb40ca77d46cd3b929d063fef8405c23f79a3e77ce83c60233345d87befd,True,4,1
cqe_golden_20250919T171400Z,cqe_golden_20250919T171400Z/LICENSE,(none),1055,False,3bed3331b7048bac17cf50e249d560ccc9508c970da8d7b9283bf4f2e633a91d,False,0,0
cqe_golden_20250919T171400Z,cqe_golden_20250919T171400Z/README.md,.md,1148,True,7f212ba6355bfd114965c90c2e9daeb3ad6910bf31566fa707133038e7f9c30b,True,4,0
cqe_golden_20250919T171400Z,cqe_golden_20250919T171400Z/examples/baseline/PACK_CHEM_ATRO.yaml,.yaml,356,True,04225f41f6bd50a95768cfcebdb3cc69cabb72a9d1fa0c98e8da6de4258d8057,True,2,1
cqe_golden_20250919T171400Z,cqe_golden_20250919T171400Z/examples/baseline/PACK_CHEM_RELAY.yaml,.yaml,365,True,d37ff705468bc6be588fb5278d3759bbecae41ff72e5a4f239e23eabfa6acd44,True,2,1
cqe_golden_20250919T171400Z,cqe_golden_20250919T171400Z/examples/baseline/PACK_EM_NH.yaml,.yaml,438,True,a440ad681c2cac53d04b47d3b7014eeb13b3f39f470fae2e5fdb9278e10e7fec,True,2,1
cqe_golden_20250919T171400Z,cqe_golden_20250919T171400Z/examples/baseline/PACK_MAT_GRO.yaml,.yaml,379,True,74d58243a00a654aa80f20ba4ffe760b0ee92b2a9627094b7f38a4f875ece157,True,2,1
cqe_golden_20250919T171400Z,cqe_golden_20250919T171400Z/examples/baseline/PACK_NEURO_RIPPLE.yaml,.yaml,383,True,e0eca3d9ff6fd714299426602c6e38b468b45d5adfa7be8e77aebd21080a0768,True,2,1
cqe_golden_20250919T171400Z,cqe_golden_20250919T171400Z/examples/baseline/PACK_PHOT_GAUGE.yaml,.yaml,370,True,a0ce8b7da984021b02dcbb63ff803980bff32516bc89e6382a6ce5148f19ed7c,True,2,1
cqe_golden_20250919T171400Z,cqe_golden_20250919T171400Z/examples/golden/PACK_CHEM_ATRO.yaml,.yaml,371,True,c8bd87f6b7344ca2c55f40f4991142c4fd8a55d11b30e6bc1cd4bd8bde3c9980,True,2,1
cqe_golden_20250919T171400Z,cqe_golden_20250919T171400Z/examples/golden/PACK_CHEM_RELAY.yaml,.yaml,375,True,3d381b9cf7cbcf8a77e398c4a693a7b9acb106a0749ddd247c17364ff2155c16,True,2,1
cqe_golden_20250919T171400Z,cqe_golden_20250919T171400Z/examples/golden/PACK_EM_NH.yaml,.yaml,437,True,e4d40220049e660e0110ffe5e0938ff4a3491bfd858911499ea2e7ef2029cb93,True,2,1
cqe_golden_20250919T171400Z,cqe_golden_20250919T171400Z/examples/golden/PACK_MAT_GRO.yaml,.yaml,375,True,6f772fde3e1c6a078b3a78903a56846312763f7cd69432d33add942cdf63c2d3,True,2,1
cqe_golden_20250919T171400Z,cqe_golden_20250919T171400Z/examples/golden/PACK_NEURO_RIPPLE.yaml,.yaml,384,True,69d61481d882f054fe30db95f50e6b503c3f50cf2da387b85fffd6e04e52c275,True,2,1
cqe_golden_20250919T171400Z,cqe_golden_20250919T171400Z/examples/golden/PACK_PHOT_GAUGE.yaml,.yaml,367,True,0178617cdaab6d6294b3b842e0b162b441ca13441046e1bfde635c24c30a996b,True,2,1
cqe_golden_20250919T171400Z,cqe_golden_20250919T171400Z/harness/run_cqe.py,.py,4660,True,b795544fca91889a062ba2dccd0294b0db39251e44dc0e3ef38e4d1f6122e000,True,3,0
cqe_golden_20250919T171400Z,cqe_golden_20250919T171400Z/helpers/scale_scope.py,.py,659,True,b85ea4b3e12a07fdeea6738fd22fa88c29d476c471d2d5a8d8c2a695fb5306ce,False,0,0
cqe_golden_20250919T171400Z,cqe_golden_20250919T171400Z/packs/PACK_CHEM_ATRO.yaml,.yaml,584,True,c8930167bd248af3c7633d0d4b94330ee53f136c17515e5d84176159b33e8246,True,2,0
cqe_golden_20250919T171400Z,cqe_golden_20250919T171400Z/packs/PACK_CHEM_RELAY.yaml,.yaml,583,True,d2daa921a14fa0c7a9491f495d7578ed41da0455b853e066c006e00b871bb0a0,True,2,0
cqe_golden_20250919T171400Z,cqe_golden_20250919T171400Z/packs/PACK_EM_NH.yaml,.yaml,681,True,fd1c2b8ad34d597b315e7ffe52ad8bb84abe82749f22eaa92fef6a583c2e20c6,True,2,0
cqe_golden_20250919T171400Z,cqe_golden_20250919T171400Z/packs/PACK_MAT_GRO.yaml,.yaml,593,True,49fc8d9bda73054a8c532cd9f2087bd9bc7bff14dbd7c51a0628f42c146a8614,True,2,0
cqe_golden_20250919T171400Z,cqe_golden_20250919T171400Z/packs/PACK_NEURO_RIPPLE.yaml,.yaml,584,True,d664bd57a743809ab3e806f34c7371bde5b14af40ad43c6ed0081b6902d7e865,True,2,0
cqe_golden_20250919T171400Z,cqe_golden_20250919T171400Z/packs/PACK_PHOT_GAUGE.yaml,.yaml,618,True,37521b4f1cb6a9e690ebd0244157b016515f2adf4b5b683ad78a649414dac3da,True,2,0
cqe_golden_20250919T171400Z,cqe_golden_20250919T171400Z/reports/summary.csv,.csv,1106,True,eeb8bdd270e529788e7953093c5d77cfad22e4518fe97390a7d5dd18a6dc07e4,True,1,0
cqe_release_20250919T170735Z,cqe_release_20250919T170735Z/LICENSE,(none),1055,False,3bed3331b7048bac17cf50e249d560ccc9508c970da8d7b9283bf4f2e633a91d,False,0,0
cqe_release_20250919T170735Z,cqe_release_20250919T170735Z/README.md,.md,1317,True,b7c81fbfa14b2ef8bfbbd0995f84c3994676b9485208c1bfc5d3fef18388bebb,True,7,0
cqe_release_20250919T170735Z,cqe_release_20250919T170735Z/baselines/paper_0001.yaml,.yaml,537,True,879d8dbe77020bc4b3afc898df3a7d2698ec0e86f3c46a6aeda686b7480f00be,True,1,0
cqe_release_20250919T170735Z,cqe_release_20250919T170735Z/baselines/paper_0002.yaml,.yaml,540,True,75b9b5d015dd9837cc96be5c69f96425c8af02adecf2a578b507a22cc6bef086,True,1,0
cqe_release_20250919T170735Z,cqe_release_20250919T170735Z/baselines/paper_0003.yaml,.yaml,540,True,d5fad7582b5f5668f3ef9bf2d2cd1a14feecf017e7127ab058af0acce18e9fe1,True,1,0
cqe_release_20250919T170735Z,cqe_release_20250919T170735Z/baselines/paper_0004.yaml,.yaml,657,True,e78ed571ec2ddd19804dee931612b4c13091662c2d0a5d0f0898ca7d897f14d6,True,1,0
cqe_release_20250919T170735Z,cqe_release_20250919T170735Z/baselines/paper_0005.yaml,.yaml,540,True,faa0e62bb0a92c7dce38347f1bde2afc8d64a483d5506a7b3b917c2b4984ccdb,True,1,0
cqe_release_20250919T170735Z,cqe_release_20250919T170735Z/baselines/paper_0006.yaml,.yaml,604,True,00769411016442c4b7c2fcfa3c454d4d07ff8e6c06021ac141d371b9e8effa5d,True,1,0
cqe_release_20250919T170735Z,cqe_release_20250919T170735Z/baselines/paper_0007.yaml,.yaml,555,True,10c01cb60816e6a2596b3833e03ba916d21fbb9b77323a030ba0f4fd249805f8,True,1,0
cqe_release_20250919T170735Z,cqe_release_20250919T170735Z/baselines/paper_0008.yaml,.yaml,540,True,39487fddcb5f34f34d49bf0e677a3492cffcc73190102c553bf1ed29127ccbfd,True,1,0
cqe_release_20250919T170735Z,cqe_release_20250919T170735Z/baselines/paper_0009.yaml,.yaml,563,True,33c1fb6ef8b51d15b55acc9727cdd1ca89d1184f80c51dc78abcdf3d246ba601,True,1,0
cqe_release_20250919T170735Z,cqe_release_20250919T170735Z/baselines/paper_0010.yaml,.yaml,540,True,b228052e9d05df119e509971d0c5695028fb4269fc0168073079eba619c75bfc,True,1,0
cqe_release_20250919T170735Z,cqe_release_20250919T170735Z/baselines/paper_0011.yaml,.yaml,561,True,0541de40e500e2f1d1b13c4c1f47a59c2d136bdd75a2f11fb31de6cd4c25647a,True,1,0
cqe_release_20250919T170735Z,cqe_release_20250919T170735Z/baselines/paper_0012.yaml,.yaml,594,True,89224694adc521a6775624575fbe8d7955aeb9a803fc8c8352718af092c6e9d7,True,1,0
cqe_release_20250919T170735Z,cqe_release_20250919T170735Z/baselines/paper_0013.yaml,.yaml,564,True,cdb2265c4d3254dd0cda23880a723c5b8d6fb011540b4faa54b11dafdd43b132,True,1,0
cqe_release_20250919T170735Z,cqe_release_20250919T170735Z/baselines/paper_0014.yaml,.yaml,546,True,b919109c5944cd4cd028c75e6c5fc4d499684258cbed76c4aa3726d6f72dc710,True,1,0
cqe_release_20250919T170735Z,cqe_release_20250919T170735Z/baselines/paper_0015.yaml,.yaml,540,True,a59c766b29c64da63cc0e32031bad59556d1d34472561aafd08d4f5be8042f15,True,1,0
cqe_release_20250919T170735Z,cqe_release_20250919T170735Z/baselines/paper_0016.yaml,.yaml,558,True,83fd640a36891be386c7296a5bf8abd9d0cef1d42e0eed04c30f9b296152a3ed,True,1,0
cqe_release_20250919T170735Z,cqe_release_20250919T170735Z/baselines/paper_0017.yaml,.yaml,617,True,6f52b335b6c6a672900f7665ed24eaa42814f4c4970b7b80744a8262e28802f6,True,1,0
cqe_release_20250919T170735Z,cqe_release_20250919T170735Z/baselines/paper_0018.yaml,.yaml,558,True,45cbb40dab3396167d0e3e1f1b642911d411f7a42ad98af0909b22558f779d92,True,1,0
cqe_release_20250919T170735Z,cqe_release_20250919T170735Z/baselines/paper_0019.yaml,.yaml,558,True,8ef86070e35b87ab4c5ac7634da4b8533283de9f38e9eeaa5a2ad0253967ac7e,True,1,0
cqe_release_20250919T170735Z,cqe_release_20250919T170735Z/baselines/paper_0020.yaml,.yaml,540,True,f169c95201da69cbd273025e6f2333db0d957b55d438af32919fe5f2e51221bc,True,1,0
cqe_release_20250919T170735Z,cqe_release_20250919T170735Z/baselines/paper_0021.yaml,.yaml,572,True,25b422b133208872fd0224ad91a0dbd8ca91dc6d5b7710efe3fb3d33e36b7888,True,1,0
cqe_release_20250919T170735Z,cqe_release_20250919T170735Z/baselines/paper_0022.yaml,.yaml,574,True,046077007fb67d9ba7bd38f0a39b6cabf468931b50a86ddc511b31c9aa5d331f,True,1,0
cqe_release_20250919T170735Z,cqe_release_20250919T170735Z/baselines/paper_0023.yaml,.yaml,561,True,4c8372daf5fd91b40cb24e44216842581b16a7f2d65a5500aa255422a0978d5c,True,1,0
cqe_release_20250919T170735Z,cqe_release_20250919T170735Z/baselines/paper_0024.yaml,.yaml,533,True,aa466134409d159e07d26807776742992444fa36d3b3f23ed7099f89eebddb57,True,1,0
cqe_release_20250919T170735Z,cqe_release_20250919T170735Z/baselines/paper_0025.yaml,.yaml,556,True,909d70d7ac8011ed0b4e4ab31f8db42c60613bf9750c017be8a7fbd3f92a5498,True,1,0
cqe_release_20250919T170735Z,cqe_release_20250919T170735Z/baselines/paper_0026.yaml,.yaml,679,True,37150855423c0687bf872e2c6da20af9aeef6ded53fd13c9a705c7169d2f7725,True,1,0
cqe_release_20250919T170735Z,cqe_release_20250919T170735Z/baselines/paper_0027.yaml,.yaml,568,True,8a560fda7950889c117a0f772b5e01abd236ffa2e6b01c484567245510e34e57,True,1,0
cqe_release_20250919T170735Z,cqe_release_20250919T170735Z/baselines/paper_0028.yaml,.yaml,540,True,ec65ddf59ca80e54c757cf96ae9a105783bb59eca688e271f358d1d60c03a37f,True,1,0
cqe_release_20250919T170735Z,cqe_release_20250919T170735Z/baselines/paper_0029.yaml,.yaml,558,True,e455163765aebb57a8079696b1e2b87bd05d04ad6f757a0a1745c89b06f712fa,True,1,0
cqe_release_20250919T170735Z,cqe_release_20250919T170735Z/baselines/paper_0030.yaml,.yaml,620,True,7176f35dead24b603df25752461cb1de7bcb9da0e68fa69f1a681f01c6ea069d,True,1,0
cqe_release_20250919T170735Z,cqe_release_20250919T170735Z/baselines/paper_0031.yaml,.yaml,558,True,1a2d0f3c99247b0a7c67347c263b4920c20667f32e1a67aa8f95d43d85ac7c85,True,2,0
cqe_release_20250919T170735Z,cqe_release_20250919T170735Z/docs/USAGE.md,.md,599,True,2e6cc82210e2a139faf963c841e7e1ac7f850062b1d060a4479efd60cde3a6bb,True,4,0
cqe_release_20250919T170735Z,cqe_release_20250919T170735Z/ledgers/baseline_index.csv,.csv,3750,True,48e94f44bfe5769771c64c364e29ba8dc0d8d1b866b931896493a73f11b2a6a5,True,1,0
cqe_release_20250919T170735Z,cqe_release_20250919T170735Z/packs/PACK_CHEM_ATRO.yaml,.yaml,391,True,1f52079fd4cea6952d715b79149eb54c3f05d03ec84c73e4f8377abb1a7eb5db,True,2,0
cqe_release_20250919T170735Z,cqe_release_20250919T170735Z/packs/PACK_CHEM_RELAY.yaml,.yaml,362,True,c4ca6d47af951bd2f726467c9f8441e29af220754b73d362144f0ef9b6a4021b,True,2,0
cqe_release_20250919T170735Z,cqe_release_20250919T170735Z/packs/PACK_EM_NH.yaml,.yaml,434,True,2612017693ad88aeeb741138902bdfa36a0564bc80a2c8ca3f499d9050f36457,True,2,0
cqe_release_20250919T170735Z,cqe_release_20250919T170735Z/packs/PACK_GENERIC.yaml,.yaml,207,True,d5f01826e5142b01946e7a01feae27c129b61f0e5d4e0f053f8947e036ce439f,True,2,0
cqe_release_20250919T170735Z,cqe_release_20250919T170735Z/packs/PACK_MAT_GRO.yaml,.yaml,385,True,137731a1913409206bb4917be298c62cf78ff639e54d753a3e5d8df0fd195dac,True,2,0
cqe_release_20250919T170735Z,cqe_release_20250919T170735Z/packs/PACK_NEURO_RIPPLE.yaml,.yaml,380,True,8ed6f2d59b1aa2cfc9aa8ebe6afff356c3a7f454f82ce92c617ab147c2786ac2,True,2,0
cqe_release_20250919T170735Z,cqe_release_20250919T170735Z/packs/PACK_PHOT_GAUGE.yaml,.yaml,379,True,d557fe142d21855c7b30dd5085a9737e11d0eb4b3525e6e5b0d3c03a30e69355,True,2,0
cqe_release_20250919T170735Z,cqe_release_20250919T170735Z/schemas/baseline.schema.json,.json,786,True,bb41415f0c961e457adee1566a27ef5302a8650d7c890d26987ef2c714c1bd9c,True,2,0
