{
  "wrapper_id": "CQE_UPLOADED_KITS",
  "zips": [
    {
      "zip": "CQE_Control_Plane_OneShot_v0_1_1",
      "files": 18,
      "text_files": 17,
      "total_size": 45769,
      "cqe_files": 0,
      "fourbit_snippets": 0
    },
    {
      "zip": "CQE_Framework_0_1_0",
      "files": 31,
      "text_files": 29,
      "total_size": 37526,
      "cqe_files": 27,
      "fourbit_snippets": 0
    },
    {
      "zip": "CQE_Modular_Atomic_Pilot_v0_3",
      "files": 20,
      "text_files": 17,
      "total_size": 45618,
      "cqe_files": 10,
      "fourbit_snippets": 0
    },
    {
      "zip": "CQE_Reference_Pack_20250919T025314Z",
      "files": 4,
      "text_files": 4,
      "total_size": 12952,
      "cqe_files": 3,
      "fourbit_snippets": 0
    },
    {
      "zip": "CQE_Stack_Package",
      "files": 20,
      "text_files": 20,
      "total_size": 14904,
      "cqe_files": 13,
      "fourbit_snippets": 1
    },
    {
      "zip": "cqe_field_kit",
      "files": 12,
      "text_files": 12,
      "total_size": 6822,
      "cqe_files": 12,
      "fourbit_snippets": 0
    },
    {
      "zip": "cqe_forms_registry",
      "files": 5,
      "text_files": 5,
      "total_size": 23655,
      "cqe_files": 3,
      "fourbit_snippets": 2
    },
    {
      "zip": "cqe_golden_20250919T171400Z",
      "files": 23,
      "text_files": 22,
      "total_size": 16871,
      "cqe_files": 21,
      "fourbit_snippets": 12
    },
    {
      "zip": "cqe_release_20250919T170735Z",
      "files": 43,
      "text_files": 42,
      "total_size": 27616,
      "cqe_files": 42,
      "fourbit_snippets": 0
    }
  ]
}