{
  "version": "v0_2_2025_08_13",
  "generated_ts": 1755106763.5042028,
  "priorities": [
    "P0",
    "P1",
    "P2"
  ],
  "tasks": [
    {
      "id": "T001",
      "title": "Integrate Dual-Write Journal into Controller",
      "priority": "P0",
      "category": "AGRM",
      "description": "Append inline heat/edges to journal every tick; replay journal on startup and on auto-escalation before seeding VWS. Emit SNAP_journal_flush.",
      "dependencies": [],
      "owner": "core",
      "version_target": "v0_2_2025_08_13",
      "status": "todo",
      "acceptance_criteria": [
        "After simulated crash, replay restores MDHG heat/edges to within 1e-9 of pre-crash.",
        "Journal rotates at max_bytes and continues appending without loss.",
        "SNAP_journal_flush emitted with file/offset info."
      ],
      "deliverables": [
        "core/agrm/controller_<ver>.py (hooks)",
        "experiments/journal_replay_demo_<ver>.py",
        "snapshots/snaps/SNAP_journal_flush_*.json"
      ]
    },
    {
      "id": "T002",
      "title": "MDHG Floor/Room Adjacency & Elevators",
      "priority": "P0",
      "category": "AGRM",
      "description": "Introduce adjacency weights between floors/rooms and explicit elevator shortcuts; bias VWS seeding accordingly.",
      "dependencies": [
        "T001"
      ],
      "owner": "core",
      "version_target": "v0_2_2025_08_13",
      "status": "todo",
      "acceptance_criteria": [
        "Adjacency improves coverage_rate by >=10% on synthetic multi-floor datasets.",
        "Elevator utilization metric > 0 for test graphs; gates open more consistently."
      ],
      "deliverables": [
        "core/agrm/mdhg_adjacency_<ver>.py",
        "core/agrm/vws_bridge_<ver>.py (adjacency bias)",
        "experiments/adjacency_bench_<ver>.py"
      ]
    },
    {
      "id": "T003",
      "title": "Safe Cube Gate (Gov) + Controller Pre-flight",
      "priority": "P0",
      "category": "Governance",
      "description": "Implement Safe Cube (N\u22480.5\u20131) minimal-context assertions across universes; controller fails closed with SNAP if violated.",
      "dependencies": [],
      "owner": "core",
      "version_target": "v0_2_2025_08_13",
      "status": "todo",
      "acceptance_criteria": [
        "Requests missing required universe context produce SNAP_safe_cube_violation.",
        "Passing requests proceed; failing ones quarantine staged outputs."
      ],
      "deliverables": [
        "core/gov/safe_cube_<ver>.py",
        "core/gov/policies_<ver>.py",
        "experiments/safe_cube_demo_<ver>.py"
      ]
    },
    {
      "id": "T004",
      "title": "ThinkTank Portfolio Selection via SNAPDNA",
      "priority": "P0",
      "category": "TT",
      "description": "Use SNAPDNA profiles to choose AGRM portfolio params (2-opt vs 3-opt budgets) based on entropy_proxy and constraints; emit SNAP_plan_choice.",
      "dependencies": [],
      "owner": "core",
      "version_target": "v0_2_2025_08_13",
      "status": "todo",
      "acceptance_criteria": [
        "On low entropy_proxy, picks 2-opt; on higher, picks 3-opt; measurable tour improvement vs fixed policy.",
        "SNAP_plan_choice recorded with reasons and chosen budgets."
      ],
      "deliverables": [
        "core/tt/thinktank_<ver>.py (expanded)",
        "core/agrm/salesman_portfolio_<ver>.py (hook)",
        "experiments/portfolio_choice_demo_<ver>.py"
      ]
    },
    {
      "id": "T005",
      "title": "SNAPDNA: Expert Profile Mint & Gradients",
      "priority": "P0",
      "category": "SNAP",
      "description": "Extend SNAPDNA to mint expert profiles (capabilities, tags, thresholds) and simple gradients for selection.",
      "dependencies": [],
      "owner": "core",
      "version_target": "v0_2_2025_08_13",
      "status": "todo",
      "acceptance_criteria": [
        "Can mint at least 2 expert profiles and route tasks to them by hot_tags.",
        "Profiles snapshotted and reloaded reproducibly."
      ],
      "deliverables": [
        "core/snap/sap_snapdna_<ver>.py (expanded)",
        "snapshots/snaps/SNAP_expert_profile_*.json"
      ]
    },
    {
      "id": "T006",
      "title": "Promotion Report Renderer (JSONL\u2192HTML)",
      "priority": "P1",
      "category": "Observability",
      "description": "Render promotion decisions and metrics deltas into a human-readable HTML report.",
      "dependencies": [],
      "owner": "core",
      "version_target": "v0_2_2025_08_13",
      "status": "todo",
      "acceptance_criteria": [
        "HTML includes counts by decision, metric distributions, and links to SNAP ids."
      ],
      "deliverables": [
        "tools/reports/promotion_report_<ver>.py",
        "experiments/promotion_report_demo_<ver>.py"
      ]
    },
    {
      "id": "T007",
      "title": "Shell/Glyph-aware RAG Parser",
      "priority": "P1",
      "category": "RAG",
      "description": "Doc parser that builds shells, applies glyph compression at n=5, and indexes via Inline/MDHG.",
      "dependencies": [],
      "owner": "core",
      "version_target": "v0_2_2025_08_13",
      "status": "todo",
      "acceptance_criteria": [
        "Parser produces shells and glyphs for mixed-format docs; RAG returns better chunk relevance vs baseline by >=10%."
      ],
      "deliverables": [
        "core/rag/parser_<ver>.py",
        "core/rag/index_<ver>.py",
        "experiments/rag_eval_<ver>.py"
      ]
    },
    {
      "id": "T008",
      "title": "MORSR & WavePool Tools + Integration",
      "priority": "P1",
      "category": "Tools",
      "description": "Implement middle-out ripple and counter-wave context; expose hooks in controller or ThinkTank.",
      "dependencies": [],
      "owner": "core",
      "version_target": "v0_2_2025_08_13",
      "status": "todo",
      "acceptance_criteria": [
        "MORSR increases sector coverage on sparse graphs; WavePool improves alignment on context blending tests."
      ],
      "deliverables": [
        "core/tools/morsr_<ver>.py",
        "core/tools/wavepool_<ver>.py",
        "experiments/tools_eval_<ver>.py"
      ]
    },
    {
      "id": "T009",
      "title": "Agent Center \u2194 Orchestrator Wiring",
      "priority": "P1",
      "category": "Agents",
      "description": "Route via Agent Center adapters; produce budget SNAPs; add health-checks.",
      "dependencies": [],
      "owner": "core",
      "version_target": "v0_2_2025_08_13",
      "status": "todo",
      "acceptance_criteria": [
        "External HTTP/subproc agents can plan/act; sandbox budgets enforced; budget SNAPs emitted on violations."
      ],
      "deliverables": [
        "core/agents/orchestrator_<ver>.py (hooks)",
        "core/agents/center_<ver>.py (expanded)",
        "experiments/agents_adapter_demo_<ver>.py"
      ]
    },
    {
      "id": "T010",
      "title": "SFBB Superpermutation Harness",
      "priority": "P2",
      "category": "SFBB",
      "description": "n=5\u20138 seed/prodigal exploration; golden-ratio bridge checks; SNAP seeds by performance.",
      "dependencies": [],
      "owner": "core",
      "version_target": "v0_2_2025_08_13",
      "status": "todo",
      "acceptance_criteria": [
        "Can reproduce known n=7/8 sequence behaviors and record bridge locations; seeds ranked by performance."
      ],
      "deliverables": [
        "core/sfbb/tests_<ver>.py",
        "experiments/sfbb_bench_<ver>.py",
        "snapshots/snaps/SNAP_sfbb_seed_*.json"
      ]
    },
    {
      "id": "T011",
      "title": "8DoF Vector Field Integration",
      "priority": "P2",
      "category": "AGRM",
      "description": "Integrate 6DoF/8DoF vectoring to bias arm sweeps; add inverse/alternate path detection hooks.",
      "dependencies": [],
      "owner": "core",
      "version_target": "v0_2_2025_08_13",
      "status": "todo",
      "acceptance_criteria": [
        "Vector bias reduces stalls on benchmark mazes by >=15%; inverse probes correctly flag counter sectors."
      ],
      "deliverables": [
        "core/agrm/vector_bias_<ver>.py",
        "experiments/vector_bias_demo_<ver>.py"
      ]
    },
    {
      "id": "T012",
      "title": "SAP Governance Flows (High/Mid/Base)",
      "priority": "P2",
      "category": "Governance",
      "description": "Sentinel/Arbiter/Porter escalations; quarantine workflows; audit trails.",
      "dependencies": [],
      "owner": "core",
      "version_target": "v0_2_2025_08_13",
      "status": "todo",
      "acceptance_criteria": [
        "Non-compliant outputs are stopped and deferred; SNAP escalation chain documented."
      ],
      "deliverables": [
        "core/sap/flows_<ver>.py",
        "experiments/sap_flow_demo_<ver>.py"
      ]
    },
    {
      "id": "T013",
      "title": "CI + Packaging + Docs Site",
      "priority": "P2",
      "category": "DevEx",
      "description": "Unit/integration tests in CI; pip package; minimal docs site.",
      "dependencies": [],
      "owner": "core",
      "version_target": "v0_2_2025_08_13",
      "status": "todo",
      "acceptance_criteria": [
        "CI runs tests on push; wheel builds; docs site renders API and guides."
      ],
      "deliverables": [
        ".github/workflows/ci_<ver>.yml",
        "setup.cfg/pyproject_<ver>.toml",
        "docs/site_<ver>/"
      ]
    },
    {
      "id": "T014",
      "title": "SNAP Ops: Profile Library & Persistence",
      "priority": "P1",
      "category": "SNAP/Ops",
      "description": "Persist evaluated profiles with performance metrics; retrieve top-K per task tag; ensure reproducible reloads.",
      "dependencies": [],
      "owner": "core/snap",
      "version_target": "v0_2_2025_08_13",
      "status": "todo",
      "acceptance_criteria": [
        "Profiles stored with scores and provenance; reload yields identical selections.",
        "Top-K retrieval by tag works and is stable across runs."
      ],
      "deliverables": [
        "core/snap/ops_store_<ver>.py",
        "experiments/ops_store_demo_<ver>.py"
      ]
    },
    {
      "id": "T015",
      "title": "SNAP Ops: Hybrids-on-Demand",
      "priority": "P1",
      "category": "SNAP/Ops",
      "description": "Generate hybrids from two profiles via small alpha grid; evaluate and mint the best as a new expert profile (SNAPDNA).",
      "dependencies": [],
      "owner": "core/snap",
      "version_target": "v0_2_2025_08_13",
      "status": "todo",
      "acceptance_criteria": [
        "At least one hybrid outperforms both parents on proxy metrics.",
        "Hybrid profile recorded in SNAPDNA with provenance."
      ],
      "deliverables": [
        "core/snap/hybridizer_<ver>.py (expanded)",
        "experiments/hybrid_grid_demo_<ver>.py",
        "snapshots/snaps/SNAP_expert_profile_*.json"
      ]
    },
    {
      "id": "T016",
      "title": "SNAP Ops: Pluggable Classifiers (rules + embeddings)",
      "priority": "P1",
      "category": "SNAP/Ops",
      "description": "Add embedding-based classifier alongside rules; abstain when uncertain; strict promotion gates remain.",
      "dependencies": [],
      "owner": "core/snap",
      "version_target": "v0_2_2025_08_13",
      "status": "todo",
      "acceptance_criteria": [
        "Classifier improves F1 on a labeled sample vs rules-only by >=10%.",
        "Abstain path routes items to 'work.fast' for later evaluation."
      ],
      "deliverables": [
        "core/snap/snap_classifier_embed_<ver>.py",
        "experiments/classifier_eval_<ver>.py"
      ]
    },
    {
      "id": "T017",
      "title": "SNAP Ops: Continuous Audit Loop",
      "priority": "P0",
      "category": "SNAP/Ops",
      "description": "Watch 'work.fast' for staged items; apply TTL; re-classify, re-evaluate, and attempt promotion/quarantine with reasons; talk to Archivist.",
      "dependencies": [],
      "owner": "core/snap",
      "version_target": "v0_2_2025_08_13",
      "status": "todo",
      "acceptance_criteria": [
        "Items exceeding TTL are reprocessed and either promoted or quarantined with logged reasons.",
        "Audit loop emits SNAP_ops_roundtrip and updates Archivist entries."
      ],
      "deliverables": [
        "core/snap/ops_watch_<ver>.py",
        "experiments/ops_watch_demo_<ver>.py"
      ]
    },
    {
      "id": "T018",
      "title": "SNAP Ops: Dashboards & Reports",
      "priority": "P1",
      "category": "Observability",
      "description": "Aggregate compatibility decisions, profile win rates, and quarantine causes into HTML; integrate with promotion report renderer.",
      "dependencies": [
        "T006"
      ],
      "owner": "core/snap",
      "version_target": "v0_2_2025_08_13",
      "status": "todo",
      "acceptance_criteria": [
        "HTML shows counts by decision, profile win rates, and links to SNAP ids.",
        "Report generation completes under 3s on 10k decisions."
      ],
      "deliverables": [
        "tools/reports/ops_dashboard_<ver>.py",
        "experiments/ops_dashboard_demo_<ver>.py"
      ]
    },
    {
      "id": "T019",
      "title": "ThinkTank \u00d7 SNAP Ops Integration",
      "priority": "P0",
      "category": "TT/SNAP",
      "description": "Integrate Ops Center selection into ThinkTank planning; pick DNA profile first, then portfolio params (depends on ThinkTank Portfolio task).",
      "dependencies": [
        "T004"
      ],
      "owner": "core/tt",
      "version_target": "v0_2_2025_08_13",
      "status": "todo",
      "acceptance_criteria": [
        "ThinkTank uses Ops Center to select a profile; selected profile measurably improves AGRM metrics vs baseline selection.",
        "SNAP_plan_choice records reasons and chosen profile/budgets."
      ],
      "deliverables": [
        "core/tt/thinktank_<ver>.py (integrated)",
        "experiments/tt_ops_integration_demo_<ver>.py"
      ]
    }
  ]
}