{
  "version": "v0_1_2025_08_13",
  "generated_ts": 1755105829.6698015,
  "priorities": [
    "P0",
    "P1",
    "P2"
  ],
  "tasks": [
    {
      "id": "T001",
      "title": "Integrate Dual-Write Journal into Controller",
      "priority": "P0",
      "category": "AGRM",
      "description": "Append inline heat/edges to journal every tick; replay journal on startup and on auto-escalation before seeding VWS. Emit SNAP_journal_flush.",
      "dependencies": [],
      "owner": "core",
      "version_target": "v0_2_2025_08_13",
      "status": "todo",
      "acceptance_criteria": [
        "After simulated crash, replay restores MDHG heat/edges to within 1e-9 of pre-crash.",
        "Journal rotates at max_bytes and continues appending without loss.",
        "SNAP_journal_flush emitted with file/offset info."
      ],
      "deliverables": [
        "core/agrm/controller_<ver>.py (hooks)",
        "experiments/journal_replay_demo_<ver>.py",
        "snapshots/snaps/SNAP_journal_flush_*.json"
      ]
    },
    {
      "id": "T002",
      "title": "MDHG Floor/Room Adjacency & Elevators",
      "priority": "P0",
      "category": "AGRM",
      "description": "Introduce adjacency weights between floors/rooms and explicit elevator shortcuts; bias VWS seeding accordingly.",
      "dependencies": [
        "T001"
      ],
      "owner": "core",
      "version_target": "v0_2_2025_08_13",
      "status": "todo",
      "acceptance_criteria": [
        "Adjacency improves coverage_rate by >=10% on synthetic multi-floor datasets.",
        "Elevator utilization metric > 0 for test graphs; gates open more consistently."
      ],
      "deliverables": [
        "core/agrm/mdhg_adjacency_<ver>.py",
        "core/agrm/vws_bridge_<ver>.py (adjacency bias)",
        "experiments/adjacency_bench_<ver>.py"
      ]
    },
    {
      "id": "T003",
      "title": "Safe Cube Gate (Gov) + Controller Pre-flight",
      "priority": "P0",
      "category": "Governance",
      "description": "Implement Safe Cube (N\u22480.5\u20131) minimal-context assertions across universes; controller fails closed with SNAP if violated.",
      "dependencies": [],
      "owner": "core",
      "version_target": "v0_2_2025_08_13",
      "status": "todo",
      "acceptance_criteria": [
        "Requests missing required universe context produce SNAP_safe_cube_violation.",
        "Passing requests proceed; failing ones quarantine staged outputs."
      ],
      "deliverables": [
        "core/gov/safe_cube_<ver>.py",
        "core/gov/policies_<ver>.py",
        "experiments/safe_cube_demo_<ver>.py"
      ]
    },
    {
      "id": "T004",
      "title": "ThinkTank Portfolio Selection via SNAPDNA",
      "priority": "P0",
      "category": "TT",
      "description": "Use SNAPDNA profiles to choose AGRM portfolio params (2-opt vs 3-opt budgets) based on entropy_proxy and constraints; emit SNAP_plan_choice.",
      "dependencies": [],
      "owner": "core",
      "version_target": "v0_2_2025_08_13",
      "status": "todo",
      "acceptance_criteria": [
        "On low entropy_proxy, picks 2-opt; on higher, picks 3-opt; measurable tour improvement vs fixed policy.",
        "SNAP_plan_choice recorded with reasons and chosen budgets."
      ],
      "deliverables": [
        "core/tt/thinktank_<ver>.py (expanded)",
        "core/agrm/salesman_portfolio_<ver>.py (hook)",
        "experiments/portfolio_choice_demo_<ver>.py"
      ]
    },
    {
      "id": "T005",
      "title": "SNAPDNA: Expert Profile Mint & Gradients",
      "priority": "P0",
      "category": "SNAP",
      "description": "Extend SNAPDNA to mint expert profiles (capabilities, tags, thresholds) and simple gradients for selection.",
      "dependencies": [],
      "owner": "core",
      "version_target": "v0_2_2025_08_13",
      "status": "todo",
      "acceptance_criteria": [
        "Can mint at least 2 expert profiles and route tasks to them by hot_tags.",
        "Profiles snapshotted and reloaded reproducibly."
      ],
      "deliverables": [
        "core/snap/sap_snapdna_<ver>.py (expanded)",
        "snapshots/snaps/SNAP_expert_profile_*.json"
      ]
    },
    {
      "id": "T006",
      "title": "Promotion Report Renderer (JSONL\u2192HTML)",
      "priority": "P1",
      "category": "Observability",
      "description": "Render promotion decisions and metrics deltas into a human-readable HTML report.",
      "dependencies": [],
      "owner": "core",
      "version_target": "v0_2_2025_08_13",
      "status": "todo",
      "acceptance_criteria": [
        "HTML includes counts by decision, metric distributions, and links to SNAP ids."
      ],
      "deliverables": [
        "tools/reports/promotion_report_<ver>.py",
        "experiments/promotion_report_demo_<ver>.py"
      ]
    },
    {
      "id": "T007",
      "title": "Shell/Glyph-aware RAG Parser",
      "priority": "P1",
      "category": "RAG",
      "description": "Doc parser that builds shells, applies glyph compression at n=5, and indexes via Inline/MDHG.",
      "dependencies": [],
      "owner": "core",
      "version_target": "v0_2_2025_08_13",
      "status": "todo",
      "acceptance_criteria": [
        "Parser produces shells and glyphs for mixed-format docs; RAG returns better chunk relevance vs baseline by >=10%."
      ],
      "deliverables": [
        "core/rag/parser_<ver>.py",
        "core/rag/index_<ver>.py",
        "experiments/rag_eval_<ver>.py"
      ]
    },
    {
      "id": "T008",
      "title": "MORSR & WavePool Tools + Integration",
      "priority": "P1",
      "category": "Tools",
      "description": "Implement middle-out ripple and counter-wave context; expose hooks in controller or ThinkTank.",
      "dependencies": [],
      "owner": "core",
      "version_target": "v0_2_2025_08_13",
      "status": "todo",
      "acceptance_criteria": [
        "MORSR increases sector coverage on sparse graphs; WavePool improves alignment on context blending tests."
      ],
      "deliverables": [
        "core/tools/morsr_<ver>.py",
        "core/tools/wavepool_<ver>.py",
        "experiments/tools_eval_<ver>.py"
      ]
    },
    {
      "id": "T009",
      "title": "Agent Center \u2194 Orchestrator Wiring",
      "priority": "P1",
      "category": "Agents",
      "description": "Route via Agent Center adapters; produce budget SNAPs; add health-checks.",
      "dependencies": [],
      "owner": "core",
      "version_target": "v0_2_2025_08_13",
      "status": "todo",
      "acceptance_criteria": [
        "External HTTP/subproc agents can plan/act; sandbox budgets enforced; budget SNAPs emitted on violations."
      ],
      "deliverables": [
        "core/agents/orchestrator_<ver>.py (hooks)",
        "core/agents/center_<ver>.py (expanded)",
        "experiments/agents_adapter_demo_<ver>.py"
      ]
    },
    {
      "id": "T010",
      "title": "SFBB Superpermutation Harness",
      "priority": "P2",
      "category": "SFBB",
      "description": "n=5\u20138 seed/prodigal exploration; golden-ratio bridge checks; SNAP seeds by performance.",
      "dependencies": [],
      "owner": "core",
      "version_target": "v0_2_2025_08_13",
      "status": "todo",
      "acceptance_criteria": [
        "Can reproduce known n=7/8 sequence behaviors and record bridge locations; seeds ranked by performance."
      ],
      "deliverables": [
        "core/sfbb/tests_<ver>.py",
        "experiments/sfbb_bench_<ver>.py",
        "snapshots/snaps/SNAP_sfbb_seed_*.json"
      ]
    },
    {
      "id": "T011",
      "title": "8DoF Vector Field Integration",
      "priority": "P2",
      "category": "AGRM",
      "description": "Integrate 6DoF/8DoF vectoring to bias arm sweeps; add inverse/alternate path detection hooks.",
      "dependencies": [],
      "owner": "core",
      "version_target": "v0_2_2025_08_13",
      "status": "todo",
      "acceptance_criteria": [
        "Vector bias reduces stalls on benchmark mazes by >=15%; inverse probes correctly flag counter sectors."
      ],
      "deliverables": [
        "core/agrm/vector_bias_<ver>.py",
        "experiments/vector_bias_demo_<ver>.py"
      ]
    },
    {
      "id": "T012",
      "title": "SAP Governance Flows (High/Mid/Base)",
      "priority": "P2",
      "category": "Governance",
      "description": "Sentinel/Arbiter/Porter escalations; quarantine workflows; audit trails.",
      "dependencies": [],
      "owner": "core",
      "version_target": "v0_2_2025_08_13",
      "status": "todo",
      "acceptance_criteria": [
        "Non-compliant outputs are stopped and deferred; SNAP escalation chain documented."
      ],
      "deliverables": [
        "core/sap/flows_<ver>.py",
        "experiments/sap_flow_demo_<ver>.py"
      ]
    },
    {
      "id": "T013",
      "title": "CI + Packaging + Docs Site",
      "priority": "P2",
      "category": "DevEx",
      "description": "Unit/integration tests in CI; pip package; minimal docs site.",
      "dependencies": [],
      "owner": "core",
      "version_target": "v0_2_2025_08_13",
      "status": "todo",
      "acceptance_criteria": [
        "CI runs tests on push; wheel builds; docs site renders API and guides."
      ],
      "deliverables": [
        ".github/workflows/ci_<ver>.yml",
        "setup.cfg/pyproject_<ver>.toml",
        "docs/site_<ver>/"
      ]
    }
  ]
}