{
  "beam": 8,
  "budget": 64,
  "winners": [
    {
      "id": "S5.1.1.0.0.0.0",
      "posterior": 0.938,
      "novelty": 1.0,
      "residual_gain": 0.986,
      "merit": 0.9244
    },
    {
      "id": "S5.1.1.0.0.0.2",
      "posterior": 0.922,
      "novelty": 1.0,
      "residual_gain": 1.0,
      "merit": 0.92151
    },
    {
      "id": "S5.0.2.0.1.0",
      "posterior": 0.928,
      "novelty": 1.0,
      "residual_gain": 0.986,
      "merit": 0.91435
    },
    {
      "id": "S5.1.1.0.0.2.2",
      "posterior": 0.947,
      "novelty": 1.0,
      "residual_gain": 0.96,
      "merit": 0.90988
    },
    {
      "id": "S5.1.1.0.0.0.2.2",
      "posterior": 0.964,
      "novelty": 1.0,
      "residual_gain": 0.938,
      "merit": 0.90463
    },
    {
      "id": "S5.1.1.0.0.2.0",
      "posterior": 0.927,
      "novelty": 1.0,
      "residual_gain": 0.959,
      "merit": 0.88898
    },
    {
      "id": "S5.1.1.0.0.0",
      "posterior": 0.927,
      "novelty": 1.0,
      "residual_gain": 0.954,
      "merit": 0.8842
    },
    {
      "id": "S5.0.1.1.2.0.2.0",
      "posterior": 0.93,
      "novelty": 1.0,
      "residual_gain": 0.922,
      "merit": 0.85804
    }
  ]
}