{
  "meta": {
    "version": "1.0",
    "timestamp": "2025-09-20 21:28 UTC"
  },
  "examples": [
    {
      "id": "toroidal_telescope",
      "sidecars": [
        "OPTICS",
        "THERMAL",
        "POLAR",
        "MATH"
      ],
      "tokens": [
        {
          "id": "wfe",
          "value": 22.0,
          "units": "nm_rms",
          "guards": {
            "min": 0,
            "max": 100
          },
          "glyphs": [
            "\u03bb/25",
            "\ud83d\udd2c"
          ]
        },
        {
          "id": "vent_cadence",
          "value": [
            4,
            2,
            13
          ],
          "units": "ticks",
          "guards": {},
          "glyphs": [
            "\u27f2",
            "\ud83c\udf21\ufe0f"
          ]
        },
        {
          "id": "lc_bias",
          "value": 3.0,
          "units": "V",
          "guards": {
            "min": 0,
            "max": 5
          },
          "glyphs": [
            "\u21bb/\u21ba",
            "\ud83c\udf00"
          ]
        },
        {
          "id": "math_guard",
          "value": 1.0,
          "units": "\u2014",
          "guards": {
            "min": 0.0,
            "max": 1.0
          },
          "glyphs": [
            "\u2225",
            "\u2124\u2082"
          ]
        }
      ],
      "octet": [
        "Airy",
        "FFT pupil",
        "Zernike",
        "PhaseRetrieval",
        "ThermalPulse",
        "VentPair",
        "LHCP/RHCP",
        "TriBand"
      ],
      "mirror": "FFT\u2192PSF\u2192iFFT within SC/MSE bounds; L\u2194R swap agrees",
      "delta": [
        "remove small astig",
        "shorten vent 1 tick",
        "bias 3.1\u21923.0 V"
      ],
      "strict": {
        "before": {
          "OPE": 0.05,
          "FCE": 0.05
        },
        "after": {
          "OPE": 0.04,
          "FCE": 0.04
        }
      },
      "receipt": {
        "fourbit": "1011",
        "votes": {
          "mirror": "22/24",
          "views": "46/64"
        }
      }
    },
    {
      "id": "plasma_braid",
      "sidecars": [
        "EM",
        "PLASMA"
      ],
      "tokens": [
        {
          "id": "B0",
          "value": 0.02,
          "units": "G",
          "guards": {
            "min": 0
          },
          "glyphs": [
            "\ud83e\uddf2",
            "\u2207\u00d7"
          ]
        },
        {
          "id": "reconn_rate",
          "value": 0.1,
          "units": "s^-1",
          "guards": {
            "min": 0
          },
          "glyphs": [
            "\u2702",
            "\u222e"
          ]
        }
      ],
      "octet": [
        "GuideField",
        "Shear",
        "Nulls",
        "Braids",
        "Stochasticity",
        "Spectra",
        "Helicity",
        "Boundary"
      ],
      "mirror": "forward MHD step \u2194 reversed boundary unwind",
      "delta": [
        "local untwist at X-line",
        "clamp open field near null"
      ],
      "strict": {
        "before": {
          "OPE": 0.06,
          "FCE": 0.05
        },
        "after": {
          "OPE": 0.05,
          "FCE": 0.04
        }
      },
      "receipt": {
        "fourbit": "1100"
      }
    },
    {
      "id": "spintronics_chiral_helices",
      "sidecars": [
        "SPIN",
        "MATERIALS"
      ],
      "tokens": [
        {
          "id": "helix_hand",
          "value": "+1",
          "units": "chirality",
          "guards": {},
          "glyphs": [
            "\u21bb",
            "\ud83e\uddec"
          ]
        },
        {
          "id": "spin_pol",
          "value": 0.8,
          "units": "\u2014",
          "guards": {
            "min": 0,
            "max": 1
          },
          "glyphs": [
            "\u2191",
            "\u2193"
          ]
        }
      ],
      "octet": [
        "Geometry",
        "Doping",
        "Strain",
        "Bias",
        "Temp",
        "Contact",
        "Length",
        "Spectrum"
      ],
      "mirror": "I/V \u2194 V/I reciprocity within band",
      "delta": [
        "short contact reflow",
        "bias gradient repaint"
      ],
      "strict": {
        "before": {
          "OPE": 0.05,
          "FCE": 0.05
        },
        "after": {
          "OPE": 0.04,
          "FCE": 0.04
        }
      },
      "receipt": {
        "fourbit": "1010"
      }
    },
    {
      "id": "sound_harmonics",
      "sidecars": [
        "ACOUSTICS"
      ],
      "tokens": [
        {
          "id": "f0",
          "value": 440,
          "units": "Hz",
          "guards": {
            "min": 1
          },
          "glyphs": [
            "\u266a",
            "\u03bb"
          ]
        },
        {
          "id": "amp",
          "value": 0.1,
          "units": "Pa",
          "guards": {
            "min": 0
          },
          "glyphs": [
            "\u223f"
          ]
        }
      ],
      "octet": [
        "Fundamental",
        "Harmonics",
        "Subharmonics*",
        "Beats",
        "Room",
        "Material",
        "Source",
        "Receiver"
      ],
      "mirror": "time\u2194freq FFT/iFFT; *subharmonics gated as nonlinear only",
      "delta": [
        "envelope linearization",
        "drive cap"
      ],
      "strict": {
        "before": {
          "OPE": 0.05,
          "FCE": 0.05
        },
        "after": {
          "OPE": 0.04,
          "FCE": 0.04
        }
      },
      "receipt": {
        "fourbit": "1001"
      }
    }
  ]
}