card_id,session_id,token_id,title,type,summary,retrieval_tags,connections,pal64_step,receipt,status,provenance
CQE-Unified_Repo::RAG-00001,CQE-Unified_Repo,D0002,LICENSE,generic,GENERIC 'LICENSE'. Ordered at pal64 step 1. Preview: LICENSE (generic),['generic'],"[{'id': 'D0008', 'why': 'adjacent-order'}]",1,0000,WORKING,/mnt/data/fulltest/inputs/CQE-Unified_Repo/LICENSE
CQE-Unified_Repo::RAG-00002,CQE-Unified_Repo,D0008,glyphs.py,generic,GENERIC 'glyphs.py'. Ordered at pal64 step 2. Preview: glyphs.py (generic),['generic'],"[{'id': 'D0002', 'why': 'adjacent-order'}, {'id': 'D0011', 'why': 'adjacent-order'}]",2,0000,WORKING,/mnt/data/fulltest/inputs/CQE-Unified_Repo/cqe_unified/glyphs.py
CQE-Unified_Repo::RAG-00003,CQE-Unified_Repo,D0011,sim.py,generic,GENERIC 'sim.py'. Ordered at pal64 step 3. Preview: sim.py (generic),['generic'],"[{'id': 'D0008', 'why': 'adjacent-order'}, {'id': 'D0004', 'why': 'adjacent-order'}]",3,0000,WORKING,/mnt/data/fulltest/inputs/CQE-Unified_Repo/cqe_unified/sim.py
CQE-Unified_Repo::RAG-00004,CQE-Unified_Repo,D0004,__init__.py,generic,GENERIC '__init__.py'. Ordered at pal64 step 4. Preview: __init__.py (generic),['generic'],"[{'id': 'D0011', 'why': 'adjacent-order'}, {'id': 'D0031', 'why': 'adjacent-order'}]",4,0000,WORKING,/mnt/data/fulltest/inputs/CQE-Unified_Repo/cqe_unified/__init__.py
CQE-Unified_Repo::RAG-00005,CQE-Unified_Repo,D0031,run_harness.py,generic,GENERIC 'run_harness.py'. Ordered at pal64 step 5. Preview: run_harness.py (generic),['generic'],"[{'id': 'D0004', 'why': 'adjacent-order'}, {'id': 'D0009', 'why': 'adjacent-order'}]",5,0000,WORKING,/mnt/data/fulltest/inputs/CQE-Unified_Repo/harness/run_harness.py
CQE-Unified_Repo::RAG-00006,CQE-Unified_Repo,D0009,ledger.py,generic,GENERIC 'ledger.py'. Ordered at pal64 step 6. Preview: ledger.py (generic),['generic'],"[{'id': 'D0031', 'why': 'adjacent-order'}, {'id': 'D0033', 'why': 'adjacent-order'}]",6,0000,WORKING,/mnt/data/fulltest/inputs/CQE-Unified_Repo/cqe_unified/ledger.py
CQE-Unified_Repo::RAG-00007,CQE-Unified_Repo,D0033,test_glyphs.py,generic,GENERIC 'test_glyphs.py'. Ordered at pal64 step 7. Preview: test_glyphs.py (generic),['generic'],"[{'id': 'D0009', 'why': 'adjacent-order'}, {'id': 'D0012', 'why': 'adjacent-order'}]",7,0000,WORKING,/mnt/data/fulltest/inputs/CQE-Unified_Repo/tests/test_glyphs.py
CQE-Unified_Repo::RAG-00008,CQE-Unified_Repo,D0012,utils.py,generic,GENERIC 'utils.py'. Ordered at pal64 step 8. Preview: utils.py (generic),['generic'],"[{'id': 'D0033', 'why': 'adjacent-order'}, {'id': 'D0005', 'why': 'adjacent-order'}]",8,0000,WORKING,/mnt/data/fulltest/inputs/CQE-Unified_Repo/cqe_unified/utils.py
CQE-Unified_Repo::RAG-00009,CQE-Unified_Repo,D0005,carriers.py,generic,GENERIC 'carriers.py'. Ordered at pal64 step 9. Preview: carriers.py (generic),['generic'],"[{'id': 'D0012', 'why': 'adjacent-order'}, {'id': 'D0010', 'why': 'adjacent-order'}]",9,0000,WORKING,/mnt/data/fulltest/inputs/CQE-Unified_Repo/cqe_unified/carriers.py
CQE-Unified_Repo::RAG-00010,CQE-Unified_Repo,D0010,receipts.py,generic,GENERIC 'receipts.py'. Ordered at pal64 step 10. Preview: receipts.py (generic),['generic'],"[{'id': 'D0005', 'why': 'adjacent-order'}, {'id': 'D0006', 'why': 'adjacent-order'}]",10,0000,WORKING,/mnt/data/fulltest/inputs/CQE-Unified_Repo/cqe_unified/receipts.py
CQE-Unified_Repo::RAG-00011,CQE-Unified_Repo,D0006,color_paint.py,generic,GENERIC 'color_paint.py'. Ordered at pal64 step 11. Preview: color_paint.py (generic),['generic'],"[{'id': 'D0010', 'why': 'adjacent-order'}, {'id': 'D0007', 'why': 'adjacent-order'}]",11,0000,WORKING,/mnt/data/fulltest/inputs/CQE-Unified_Repo/cqe_unified/color_paint.py
CQE-Unified_Repo::RAG-00012,CQE-Unified_Repo,D0007,deck_calculus.py,generic,GENERIC 'deck_calculus.py'. Ordered at pal64 step 12. Preview: deck_calculus.py (generic),['generic'],"[{'id': 'D0006', 'why': 'adjacent-order'}, {'id': 'D0032', 'why': 'adjacent-order'}]",12,0000,WORKING,/mnt/data/fulltest/inputs/CQE-Unified_Repo/cqe_unified/deck_calculus.py
CQE-Unified_Repo::RAG-00013,CQE-Unified_Repo,D0032,pyproject.toml,generic,GENERIC 'pyproject.toml'. Ordered at pal64 step 13. Preview: pyproject.toml (generic),['generic'],"[{'id': 'D0007', 'why': 'adjacent-order'}, {'id': 'D0017', 'why': 'adjacent-order'}]",13,0000,WORKING,/mnt/data/fulltest/inputs/CQE-Unified_Repo/pyproject.toml
CQE-Unified_Repo::RAG-00014,CQE-Unified_Repo,D0017,roadmap.md,text,TEXT 'roadmap.md'. Ordered at pal64 step 14. Preview: # Roadmap,['roadmap'],"[{'id': 'D0032', 'why': 'adjacent-order'}, {'id': 'D0016', 'why': 'adjacent-order'}]",14,0000,WORKING,/mnt/data/fulltest/inputs/CQE-Unified_Repo/docs/roadmap.md
CQE-Unified_Repo::RAG-00015,CQE-Unified_Repo,D0016,receipts.md,text,TEXT 'receipts.md'. Ordered at pal64 step 15. Preview: # Receipts,['receipts'],"[{'id': 'D0017', 'why': 'adjacent-order'}, {'id': 'D0014', 'why': 'adjacent-order'}]",15,0000,WORKING,/mnt/data/fulltest/inputs/CQE-Unified_Repo/docs/receipts.md
CQE-Unified_Repo::RAG-00016,CQE-Unified_Repo,D0014,architecture.md,text,TEXT 'architecture.md'. Ordered at pal64 step 16. Preview: # Architecture,['architecture'],"[{'id': 'D0016', 'why': 'adjacent-order'}, {'id': 'D0018', 'why': 'adjacent-order'}]",16,0000,WORKING,/mnt/data/fulltest/inputs/CQE-Unified_Repo/docs/architecture.md
CQE-Unified_Repo::RAG-00017,CQE-Unified_Repo,D0018,sidecars.md,text,TEXT 'sidecars.md'. Ordered at pal64 step 17. Preview: # Sidecars,['sidecars'],"[{'id': 'D0014', 'why': 'adjacent-order'}, {'id': 'D0015', 'why': 'adjacent-order'}]",17,0000,WORKING,/mnt/data/fulltest/inputs/CQE-Unified_Repo/docs/sidecars.md
CQE-Unified_Repo::RAG-00018,CQE-Unified_Repo,D0015,deck_calculus.md,text,TEXT 'deck_calculus.md'. Ordered at pal64 step 18. Preview: # Deck Calculus,"['calculus', 'deck']","[{'id': 'D0018', 'why': 'adjacent-order'}, {'id': 'D0013', 'why': 'adjacent-order'}]",18,0000,WORKING,/mnt/data/fulltest/inputs/CQE-Unified_Repo/docs/deck_calculus.md
CQE-Unified_Repo::RAG-00019,CQE-Unified_Repo,D0013,CHANGELOG.md,text,TEXT 'CHANGELOG.md'. Ordered at pal64 step 19. Preview: ## 0.1.0,"['initial', 'skeleton']","[{'id': 'D0015', 'why': 'adjacent-order'}, {'id': 'D0001', 'why': 'adjacent-order'}]",19,0000,WORKING,/mnt/data/fulltest/inputs/CQE-Unified_Repo/docs/CHANGELOG.md
CQE-Unified_Repo::RAG-00020,CQE-Unified_Repo,D0001,Frontpage.md,text,TEXT 'Frontpage.md'. Ordered at pal64 step 20. Preview: # CQE‑Unified,"['cqe', 'details', 'readme', 'see', 'unified']","[{'id': 'D0013', 'why': 'adjacent-order'}, {'id': 'D0026', 'why': 'adjacent-order'}]",20,0000,WORKING,/mnt/data/fulltest/inputs/CQE-Unified_Repo/Frontpage.md
CQE-Unified_Repo::RAG-00021,CQE-Unified_Repo,D0026,why06_sidecars.json,text,TEXT 'why06_sidecars.json'. Ordered at pal64 step 21. Preview: {,"['sidecars', 'false', 'force', 'label', 'metric', 'override', 'prev']","[{'id': 'D0001', 'why': 'adjacent-order'}, {'id': 'D0023', 'why': 'adjacent-order'}]",21,0000,WORKING,/mnt/data/fulltest/inputs/CQE-Unified_Repo/harness/10why/why06_sidecars.json
CQE-Unified_Repo::RAG-00022,CQE-Unified_Repo,D0023,why03_octet_parity.json,text,TEXT 'why03_octet_parity.json'. Ordered at pal64 step 22. Preview: {,"['octet', 'parity', 'false', 'force', 'label', 'metric', 'override']","[{'id': 'D0026', 'why': 'adjacent-order'}, {'id': 'D0025', 'why': 'adjacent-order'}]",22,0000,WORKING,/mnt/data/fulltest/inputs/CQE-Unified_Repo/harness/10why/why03_octet_parity.json
CQE-Unified_Repo::RAG-00023,CQE-Unified_Repo,D0025,why05_receipts_commit.json,text,TEXT 'why05_receipts_commit.json'. Ordered at pal64 step 23. Preview: {,"['commit', 'receipts', 'force', 'label', 'metric', 'override', 'prev']","[{'id': 'D0023', 'why': 'adjacent-order'}, {'id': 'D0028', 'why': 'adjacent-order'}]",23,0000,WORKING,/mnt/data/fulltest/inputs/CQE-Unified_Repo/harness/10why/why05_receipts_commit.json
CQE-Unified_Repo::RAG-00024,CQE-Unified_Repo,D0028,why08_collision_alias.json,text,TEXT 'why08_collision_alias.json'. Ordered at pal64 step 24. Preview: {,"['alias', 'collision', 'false', 'force', 'label', 'metric', 'override']","[{'id': 'D0025', 'why': 'adjacent-order'}, {'id': 'D0030', 'why': 'adjacent-order'}]",24,0000,WORKING,/mnt/data/fulltest/inputs/CQE-Unified_Repo/harness/10why/why08_collision_alias.json
CQE-Unified_Repo::RAG-00025,CQE-Unified_Repo,D0030,why10_privacy_policy.json,text,TEXT 'why10_privacy_policy.json'. Ordered at pal64 step 25. Preview: {,"['policy', 'privacy', 'false', 'force', 'label', 'metric', 'override']","[{'id': 'D0028', 'why': 'adjacent-order'}, {'id': 'D0029', 'why': 'adjacent-order'}]",25,0000,WORKING,/mnt/data/fulltest/inputs/CQE-Unified_Repo/harness/10why/why10_privacy_policy.json
CQE-Unified_Repo::RAG-00026,CQE-Unified_Repo,D0029,why09_cache_replay.json,text,TEXT 'why09_cache_replay.json'. Ordered at pal64 step 26. Preview: {,"['cache', 'replay', 'false', 'force', 'label', 'metric', 'override']","[{'id': 'D0030', 'why': 'adjacent-order'}, {'id': 'D0024', 'why': 'adjacent-order'}]",26,0000,WORKING,/mnt/data/fulltest/inputs/CQE-Unified_Repo/harness/10why/why09_cache_replay.json
CQE-Unified_Repo::RAG-00027,CQE-Unified_Repo,D0024,why04_palindromic_rest.json,text,TEXT 'why04_palindromic_rest.json'. Ordered at pal64 step 27. Preview: {,"['palindromic', 'rest', 'false', 'force', 'label', 'metric', 'override']","[{'id': 'D0029', 'why': 'adjacent-order'}, {'id': 'D0022', 'why': 'adjacent-order'}]",27,0000,WORKING,/mnt/data/fulltest/inputs/CQE-Unified_Repo/harness/10why/why04_palindromic_rest.json
CQE-Unified_Repo::RAG-00028,CQE-Unified_Repo,D0022,why02_glyph_supremacy.json,text,TEXT 'why02_glyph_supremacy.json'. Ordered at pal64 step 28. Preview: {,"['glyph', 'supremacy', 'force', 'label', 'metric', 'override', 'prev']","[{'id': 'D0024', 'why': 'adjacent-order'}, {'id': 'D0021', 'why': 'adjacent-order'}]",28,0000,WORKING,/mnt/data/fulltest/inputs/CQE-Unified_Repo/harness/10why/why02_glyph_supremacy.json
CQE-Unified_Repo::RAG-00029,CQE-Unified_Repo,D0021,why01_foundations.json,text,TEXT 'why01_foundations.json'. Ordered at pal64 step 29. Preview: {,"['foundations', 'false', 'force', 'label', 'mapping', 'metric', 'override']","[{'id': 'D0022', 'why': 'adjacent-order'}, {'id': 'D0003', 'why': 'adjacent-order'}]",29,0000,WORKING,/mnt/data/fulltest/inputs/CQE-Unified_Repo/harness/10why/why01_foundations.json
CQE-Unified_Repo::RAG-00030,CQE-Unified_Repo,D0003,README.md,text,TEXT 'README.md'. Ordered at pal64 step 30. Preview: # CQE‑Unified Repository,"['harness', 'cqe', 'python', 'quick', 'repository', 'run', 'start']","[{'id': 'D0021', 'why': 'adjacent-order'}, {'id': 'D0027', 'why': 'adjacent-order'}]",30,0000,WORKING,/mnt/data/fulltest/inputs/CQE-Unified_Repo/README.md
CQE-Unified_Repo::RAG-00031,CQE-Unified_Repo,D0027,why07_corridors.json,text,TEXT 'why07_corridors.json'. Ordered at pal64 step 31. Preview: {,"['corridors', 'false', 'force', 'label', 'metric', 'override', 'prev']","[{'id': 'D0003', 'why': 'adjacent-order'}, {'id': 'D0019', 'why': 'adjacent-order'}]",31,0000,WORKING,/mnt/data/fulltest/inputs/CQE-Unified_Repo/harness/10why/why07_corridors.json
CQE-Unified_Repo::RAG-00032,CQE-Unified_Repo,D0019,brainwaves.csv,csv,CSV 'brainwaves.csv'. Ordered at pal64 step 32. Preview: 2 columns (preview header),"['col:t', 'col:amp']","[{'id': 'D0027', 'why': 'adjacent-order'}, {'id': 'D0020', 'why': 'adjacent-order'}]",32,0000,WORKING,/mnt/data/fulltest/inputs/CQE-Unified_Repo/examples/brainwaves/brainwaves.csv
CQE-Unified_Repo::RAG-00033,CQE-Unified_Repo,D0020,sound_spectrum.csv,csv,CSV 'sound_spectrum.csv'. Ordered at pal64 step 33. Preview: 2 columns (preview header),"['col:freq_hz', 'col:power']","[{'id': 'D0019', 'why': 'adjacent-order'}]",33,0000,WORKING,/mnt/data/fulltest/inputs/CQE-Unified_Repo/examples/sound/sound_spectrum.csv
