{
  "glyphpack_id": "cosmos.v1",
  "namespace": "cosmos",
  "title": "Cosmology/Astro",
  "version": "v1",
  "alphabet": [
    {
      "glyph": "z",
      "codepoint": "U+007A"
    },
    {
      "glyph": "\u2033",
      "codepoint": "U+2033"
    },
    {
      "glyph": "\u03bc",
      "codepoint": "U+03BC"
    },
    {
      "glyph": "\u27e8",
      "codepoint": "U+27E8"
    },
    {
      "glyph": "\u03b3",
      "codepoint": "U+03B3"
    },
    {
      "glyph": "\u27e9",
      "codepoint": "U+27E9"
    },
    {
      "glyph": "\u03ba",
      "codepoint": "U+03BA"
    },
    {
      "glyph": "\u2728",
      "codepoint": "U+2728"
    },
    {
      "glyph": "J",
      "codepoint": "U+004A"
    },
    {
      "glyph": "y",
      "codepoint": "U+0079"
    },
    {
      "glyph": "=",
      "codepoint": "U+003D"
    },
    {
      "glyph": ".",
      "codepoint": "U+002E"
    },
    {
      "glyph": " ",
      "codepoint": "U+0020"
    },
    {
      "glyph": "~",
      "codepoint": "U+007E"
    },
    {
      "glyph": "1",
      "codepoint": "U+0031"
    },
    {
      "glyph": "2",
      "codepoint": "U+0032"
    },
    {
      "glyph": "3",
      "codepoint": "U+0033"
    },
    {
      "glyph": "4",
      "codepoint": "U+0034"
    },
    {
      "glyph": "5",
      "codepoint": "U+0035"
    },
    {
      "glyph": "6",
      "codepoint": "U+0036"
    },
    {
      "glyph": "7",
      "codepoint": "U+0037"
    },
    {
      "glyph": "8",
      "codepoint": "U+0038"
    },
    {
      "glyph": "9",
      "codepoint": "U+0039"
    },
    {
      "glyph": "0",
      "codepoint": "U+0030"
    }
  ],
  "allowed_codepoints": [
    "U+007A",
    "U+2033",
    "U+03BC",
    "U+27E8",
    "U+03B3",
    "U+27E9",
    "U+03BA",
    "U+2728",
    "U+004A",
    "U+0079",
    "U+003D",
    "U+002E",
    "U+0020",
    "U+007E",
    "U+0031",
    "U+0032",
    "U+0033",
    "U+0034",
    "U+0035",
    "U+0036",
    "U+0037",
    "U+0038",
    "U+0039",
    "U+0030"
  ],
  "confusables": [
    {
      "lookalikes": [
        "A",
        "\u0391"
      ],
      "desc": "Latin A vs Greek Alpha"
    },
    {
      "lookalikes": [
        "B",
        "\u0392"
      ],
      "desc": "Latin B vs Greek Beta"
    },
    {
      "lookalikes": [
        "E",
        "\u0395"
      ],
      "desc": "Latin E vs Greek Epsilon"
    }
  ],
  "notes": "Shear/lensing + units"
}