{
  "glyphpack_id": "spin.v1",
  "namespace": "spin",
  "title": "Spintronics",
  "version": "v1",
  "alphabet": [
    {
      "glyph": "\u2191",
      "codepoint": "U+2191"
    },
    {
      "glyph": "\u2193",
      "codepoint": "U+2193"
    },
    {
      "glyph": "\u210f",
      "codepoint": "U+210F"
    },
    {
      "glyph": "\u03a9",
      "codepoint": "U+03A9"
    },
    {
      "glyph": "\u27f3",
      "codepoint": "U+27F3"
    },
    {
      "glyph": "\u27f2",
      "codepoint": "U+27F2"
    },
    {
      "glyph": "g",
      "codepoint": "U+0067"
    },
    {
      "glyph": "*",
      "codepoint": "U+002A"
    },
    {
      "glyph": " ",
      "codepoint": "U+0020"
    },
    {
      "glyph": "1",
      "codepoint": "U+0031"
    },
    {
      "glyph": "2",
      "codepoint": "U+0032"
    },
    {
      "glyph": "3",
      "codepoint": "U+0033"
    },
    {
      "glyph": "4",
      "codepoint": "U+0034"
    },
    {
      "glyph": "5",
      "codepoint": "U+0035"
    },
    {
      "glyph": "6",
      "codepoint": "U+0036"
    },
    {
      "glyph": "7",
      "codepoint": "U+0037"
    },
    {
      "glyph": "8",
      "codepoint": "U+0038"
    },
    {
      "glyph": "9",
      "codepoint": "U+0039"
    },
    {
      "glyph": "0",
      "codepoint": "U+0030"
    }
  ],
  "allowed_codepoints": [
    "U+2191",
    "U+2193",
    "U+210F",
    "U+03A9",
    "U+27F3",
    "U+27F2",
    "U+0067",
    "U+002A",
    "U+0020",
    "U+0031",
    "U+0032",
    "U+0033",
    "U+0034",
    "U+0035",
    "U+0036",
    "U+0037",
    "U+0038",
    "U+0039",
    "U+0030"
  ],
  "confusables": [
    {
      "lookalikes": [
        "A",
        "\u0391"
      ],
      "desc": "Latin A vs Greek Alpha"
    },
    {
      "lookalikes": [
        "B",
        "\u0392"
      ],
      "desc": "Latin B vs Greek Beta"
    },
    {
      "lookalikes": [
        "E",
        "\u0395"
      ],
      "desc": "Latin E vs Greek Epsilon"
    }
  ],
  "notes": "Spin/pulse symbols"
}