{
  "glyphpack_id": "optics.v1",
  "namespace": "optics",
  "title": "Optics/EM",
  "version": "v1",
  "alphabet": [
    {
      "glyph": "\u03bb",
      "codepoint": "U+03BB"
    },
    {
      "glyph": "\u03bc",
      "codepoint": "U+03BC"
    },
    {
      "glyph": "\u2299",
      "codepoint": "U+2299"
    },
    {
      "glyph": "\u2297",
      "codepoint": "U+2297"
    },
    {
      "glyph": "\u27c2",
      "codepoint": "U+27C2"
    },
    {
      "glyph": "\u2225",
      "codepoint": "U+2225"
    },
    {
      "glyph": "\u21bb",
      "codepoint": "U+21BB"
    },
    {
      "glyph": "\u21ba",
      "codepoint": "U+21BA"
    },
    {
      "glyph": "\ud83d\udce1",
      "codepoint": "U+1F4E1"
    },
    {
      "glyph": "=",
      "codepoint": "U+003D"
    },
    {
      "glyph": "\u00b7",
      "codepoint": "U+00B7"
    },
    {
      "glyph": "/",
      "codepoint": "U+002F"
    },
    {
      "glyph": "(",
      "codepoint": "U+0028"
    },
    {
      "glyph": ")",
      "codepoint": "U+0029"
    },
    {
      "glyph": "D",
      "codepoint": "U+0044"
    },
    {
      "glyph": "1",
      "codepoint": "U+0031"
    },
    {
      "glyph": "2",
      "codepoint": "U+0032"
    },
    {
      "glyph": "3",
      "codepoint": "U+0033"
    },
    {
      "glyph": "4",
      "codepoint": "U+0034"
    },
    {
      "glyph": "5",
      "codepoint": "U+0035"
    },
    {
      "glyph": "6",
      "codepoint": "U+0036"
    },
    {
      "glyph": "7",
      "codepoint": "U+0037"
    },
    {
      "glyph": "8",
      "codepoint": "U+0038"
    },
    {
      "glyph": "9",
      "codepoint": "U+0039"
    },
    {
      "glyph": "0",
      "codepoint": "U+0030"
    },
    {
      "glyph": " ",
      "codepoint": "U+0020"
    },
    {
      "glyph": ".",
      "codepoint": "U+002E"
    }
  ],
  "allowed_codepoints": [
    "U+03BB",
    "U+03BC",
    "U+2299",
    "U+2297",
    "U+27C2",
    "U+2225",
    "U+21BB",
    "U+21BA",
    "U+1F4E1",
    "U+003D",
    "U+00B7",
    "U+002F",
    "U+0028",
    "U+0029",
    "U+0044",
    "U+0031",
    "U+0032",
    "U+0033",
    "U+0034",
    "U+0035",
    "U+0036",
    "U+0037",
    "U+0038",
    "U+0039",
    "U+0030",
    "U+0020",
    "U+002E"
  ],
  "confusables": [
    {
      "lookalikes": [
        "A",
        "\u0391"
      ],
      "desc": "Latin A vs Greek Alpha"
    },
    {
      "lookalikes": [
        "B",
        "\u0392"
      ],
      "desc": "Latin B vs Greek Beta"
    },
    {
      "lookalikes": [
        "E",
        "\u0395"
      ],
      "desc": "Latin E vs Greek Epsilon"
    }
  ],
  "notes": "Polarization + units + ops"
}