[
  {
    "datum_id": "d_bio_636716",
    "fourbit": "1111",
    "octet_required": true,
    "confusable_warning": false,
    "glyphpack_id": "bio.v1",
    "mlt": {
      "mlt_label_hash": "8d79877116255e65c868fbe192847f84fe3bb0c9277e4ce443d96b77a3eb18ae",
      "schema_hash": "02f5e2edc4c2b9224f7906aa32c4a253b7a1a0fb781d3162519f492bf767fbaa",
      "binding_commit_hash": "adb9f99062dfabc20da56189c7439d059ef934104c94bd3346ed2517d5eeb0a8"
    },
    "label_preview": "\ud83e\uddecA\u21ccG\u2192\u0394G\u00b0"
  },
  {
    "datum_id": "d_optics_344344",
    "fourbit": "1111",
    "octet_required": true,
    "confusable_warning": false,
    "glyphpack_id": "optics.v1",
    "mlt": {
      "mlt_label_hash": "4a1154cc640b899f5143703018aaa718e838733aad198f597a9c9de548d33dc2",
      "schema_hash": "32e96ff7e1eca0634442e0ee05a448fe3f4dfe8e28ba73a412801fec13aa94a6",
      "binding_commit_hash": "ba167ea7132f7fdbeb0c9484ebc38ab1af6da3d7b1da4e4ada901fd2a264c42d"
    },
    "label_preview": "\u03bb=1.22\u00b7\u03bb/D \u27c2 \u2225 \u21bb"
  },
  {
    "datum_id": "d_thermal_230819",
    "fourbit": "1111",
    "octet_required": true,
    "confusable_warning": false,
    "glyphpack_id": "thermal.v1",
    "mlt": {
      "mlt_label_hash": "8a1379546f1c88177c380cfb14cb504dde504bd32289c2816d000de2d4be691a",
      "schema_hash": "6a4a650dcffc63b9c234002617ce8204f98b7c766a5702813295bafe05de0708",
      "binding_commit_hash": "d509edfab3b10a0b385e856201359896d32c28ed266795f38c4226221d1a0034"
    },
    "label_preview": "\u03c3\u03f5AT\u2074 \u2668\ufe0f \u0394T"
  },
  {
    "datum_id": "d_spin_865531",
    "fourbit": "1111",
    "octet_required": true,
    "confusable_warning": false,
    "glyphpack_id": "spin.v1",
    "mlt": {
      "mlt_label_hash": "fb566d73d1047d55bd86aca9b16590aeaabd642f9c6243ced0abbd96818bfad0",
      "schema_hash": "ba7457518279d5816e0af66f808a8415be82f91c59b872a4523dfda6980976ce",
      "binding_commit_hash": "8067dddaf6b27f65e81f37368f2db9239bf6b7e9db886740b4e9ff80a7a90960"
    },
    "label_preview": "\u2191\u2193 \u210f\u03a9 g* \u27f3"
  }
]