[
  {
    "domain": "bio",
    "label": "\ud83e\uddecA\u21ccG\u2192\u0394G\u00b0",
    "status": "PASS",
    "fourbit": "1111",
    "octet_required": true,
    "glyphpack_hit_count": 1,
    "glyphpack_used": "bio.v1",
    "confusables": "",
    "codepoints": "U+1F9EC U+0041 U+21CC U+0047 U+2192 U+0394 U+0047 U+00B0"
  },
  {
    "domain": "optics",
    "label": "\u03bb=1.22\u00b7\u03bb/D \u27c2 \u2225 \u21bb",
    "status": "PASS",
    "fourbit": "1111",
    "octet_required": true,
    "glyphpack_hit_count": 1,
    "glyphpack_used": "optics.v1",
    "confusables": "",
    "codepoints": "U+03BB U+003D U+0031 U+002E U+0032 U+0032 U+00B7 U+03BB U+002F U+0044 U+0020 U+27C2 U+0020 U+2225 U+0020 U+21BB"
  },
  {
    "domain": "thermal",
    "label": "\u03c3\u03f5AT\u2074 \u2668\ufe0f \u0394T",
    "status": "PASS",
    "fourbit": "1111",
    "octet_required": true,
    "glyphpack_hit_count": 1,
    "glyphpack_used": "thermal.v1",
    "confusables": "",
    "codepoints": "U+03C3 U+03F5 U+0041 U+0054 U+2074 U+0020 U+2668 U+FE0F U+0020 U+0394 U+0054"
  },
  {
    "domain": "spin",
    "label": "\u2191\u2193 \u210f\u03a9 g* \u27f3",
    "status": "PASS",
    "fourbit": "1111",
    "octet_required": true,
    "glyphpack_hit_count": 1,
    "glyphpack_used": "spin.v1",
    "confusables": "",
    "codepoints": "U+2191 U+2193 U+0020 U+210F U+03A9 U+0020 U+0067 U+002A U+0020 U+27F3"
  },
  {
    "domain": "cosmos",
    "label": "z\u22480.7 \u03bcJy \u27e8\u03b3\u27e9 \u03ba \u2728 \u2033",
    "status": "EXO",
    "fourbit": "1111",
    "octet_required": true,
    "glyphpack_hit_count": 0,
    "glyphpack_used": "",
    "confusables": "",
    "codepoints": "U+007A U+2248 U+0030 U+002E U+0037 U+0020 U+03BC U+004A U+0079 U+0020 U+27E8 U+03B3 U+27E9 U+0020 U+03BA U+0020 U+2728 U+0020 U+2033"
  },
  {
    "domain": "math",
    "label": "\u222b f \u2218 g \u2248 \u2211 x^2 \u2297 y",
    "status": "EXO",
    "fourbit": "1111",
    "octet_required": true,
    "glyphpack_hit_count": 0,
    "glyphpack_used": "",
    "confusables": "",
    "codepoints": "U+222B U+0020 U+0066 U+0020 U+2218 U+0020 U+0067 U+0020 U+2248 U+0020 U+2211 U+0020 U+0078 U+005E U+0032 U+0020 U+2297 U+0020 U+0079"
  },
  {
    "domain": "stitched",
    "label": "\ud83e\uddec \u03bb \u27c2 ACGT",
    "status": "EXO",
    "fourbit": "1111",
    "octet_required": true,
    "glyphpack_hit_count": 0,
    "glyphpack_used": "",
    "confusables": "",
    "codepoints": "U+1F9EC U+0020 U+03BB U+0020 U+27C2 U+0020 U+0041 U+0043 U+0047 U+0054"
  },
  {
    "domain": "bio",
    "label": "A\u0391CGT",
    "status": "EXO",
    "fourbit": "1111",
    "octet_required": true,
    "glyphpack_hit_count": 0,
    "glyphpack_used": "",
    "confusables": "Latin A vs Greek Alpha;Latin A vs Greek Alpha;Latin A vs Greek Alpha;Latin A vs Greek Alpha;Latin A vs Greek Alpha;Latin A vs Greek Alpha",
    "codepoints": "U+0041 U+0391 U+0043 U+0047 U+0054"
  }
]