{
  "timestamp": "2025-09-20T00:31:02.737393Z",
  "wrapper_id": "CQE_UPLOADED_KITS",
  "promotion": [
    {
      "zip": "CQE_Control_Plane_OneShot_v0_1_1",
      "files": 18,
      "text_files": 17,
      "signals": {
        "rails": false,
        "receipts": false,
        "fourbit": false,
        "ledger": false,
        "control": true,
        "glyphs": false
      },
      "fourbit": "0000",
      "status": "EXO",
      "reasons": [
        "missing rails/octet markers",
        "missing receipts metrics",
        "missing fourbit mentions",
        "missing ledger/Merkle/commit terms"
      ]
    },
    {
      "zip": "CQE_Framework_0_1_0",
      "files": 31,
      "text_files": 29,
      "signals": {
        "rails": true,
        "receipts": true,
        "fourbit": true,
        "ledger": true,
        "control": true,
        "glyphs": true
      },
      "fourbit": "1111",
      "status": "DIGEST",
      "reasons": []
    },
    {
      "zip": "CQE_Modular_Atomic_Pilot_v0_3",
      "files": 20,
      "text_files": 17,
      "signals": {
        "rails": false,
        "receipts": true,
        "fourbit": true,
        "ledger": true,
        "control": true,
        "glyphs": true
      },
      "fourbit": "0111",
      "status": "EXO",
      "reasons": [
        "missing rails/octet markers"
      ]
    },
    {
      "zip": "CQE_Reference_Pack_20250919T025314Z",
      "files": 4,
      "text_files": 4,
      "signals": {
        "rails": true,
        "receipts": true,
        "fourbit": true,
        "ledger": false,
        "control": true,
        "glyphs": false
      },
      "fourbit": "1110",
      "status": "EXO",
      "reasons": [
        "missing ledger/Merkle/commit terms"
      ]
    },
    {
      "zip": "CQE_Stack_Package",
      "files": 20,
      "text_files": 20,
      "signals": {
        "rails": true,
        "receipts": true,
        "fourbit": true,
        "ledger": true,
        "control": true,
        "glyphs": true
      },
      "fourbit": "1111",
      "status": "DIGEST",
      "reasons": []
    },
    {
      "zip": "cqe_field_kit",
      "files": 12,
      "text_files": 12,
      "signals": {
        "rails": true,
        "receipts": true,
        "fourbit": true,
        "ledger": true,
        "control": true,
        "glyphs": true
      },
      "fourbit": "1111",
      "status": "DIGEST",
      "reasons": []
    },
    {
      "zip": "cqe_forms_registry",
      "files": 5,
      "text_files": 5,
      "signals": {
        "rails": true,
        "receipts": true,
        "fourbit": true,
        "ledger": false,
        "control": true,
        "glyphs": true
      },
      "fourbit": "1110",
      "status": "EXO",
      "reasons": [
        "missing ledger/Merkle/commit terms"
      ]
    },
    {
      "zip": "cqe_golden_20250919T171400Z",
      "files": 23,
      "text_files": 22,
      "signals": {
        "rails": true,
        "receipts": true,
        "fourbit": true,
        "ledger": false,
        "control": true,
        "glyphs": false
      },
      "fourbit": "1110",
      "status": "EXO",
      "reasons": [
        "missing ledger/Merkle/commit terms"
      ]
    },
    {
      "zip": "cqe_release_20250919T170735Z",
      "files": 43,
      "text_files": 42,
      "signals": {
        "rails": true,
        "receipts": true,
        "fourbit": true,
        "ledger": true,
        "control": true,
        "glyphs": true
      },
      "fourbit": "1111",
      "status": "DIGEST",
      "reasons": []
    }
  ]
}