{
  "form": {
    "form_id": "string",
    "constructionA": {
      "p": 2,
      "code": "Golay(24,12,8) | Hamming(8,4,4) | ...",
      "glue": "half-shift+evenness | ..."
    },
    "automorphism": {
      "group": "M24",
      "element": "\u03c3_label",
      "perm24": "array[int,24]"
    },
    "octet_map": {
      "H1": "octad-idx-or-label"
    },
    "dna10": [
      "timing",
      "polarity",
      "scale",
      "pose",
      "domain",
      "conditioning",
      "units",
      "precision",
      "cost",
      "seed"
    ],
    "thresholds": {
      "normal": {
        "OPE": 0.04,
        "FCE": 0.04
      },
      "strict": {
        "OPE": 0.03,
        "FCE": 0.03
      }
    },
    "receipts": {
      "fourbit": "1011",
      "votes": {
        "mirror": "a/b",
        "views": "c/d"
      },
      "page_hash": "sha256"
    },
    "status": "ANCHOR | PROVISIONAL | WORKING | NONWORKING",
    "parent": "optional-form-id",
    "meaning_pack": "optional-pack-id"
  }
}