step,clock_system,clock_class,clock_ref,route_device,route_platform,route_ref,gate_device,gate_medium,gate_handed,check_profile,status_flags
1,Trapped ions (Yb+),DTC Floquet MBL,Nature 2017 (Zhang),LN OPO Comb (tunable),TFLN OPO,NatComm-2023-LN-OPO-Octave,Spin-LED,chiral perovskite,L,LEO comms (current),
2,Nematic liquid crystal,Space‑time crystal (continuous),Nature Mater. 2025 (Zhao/Smalyukh),LN OPO Comb (vis→mid-IR),TFLN OPO,Caltech-2025-visible→midIR,Spin-LED,chiral perovskite,L,LEO comms (current),
3,Sycamore (superconducting qubits),DTC eigenstate order,Nature 2022 (Google),Amorphous Topo THz Link,THz PhC,SciAdv-2025-72Gbps,Spin-LED,chiral perovskite,L,LEO comms (current),
4,Trapped ions (Yb+),DTC Floquet MBL,Nature 2017 (Zhang),LN OPO Comb (tunable),TFLN OPO,NatComm-2023-LN-OPO-Octave,Spin-LED,chiral perovskite,L,LEO comms (current),
5,Nematic liquid crystal,Space‑time crystal (continuous),Nature Mater. 2025 (Zhao/Smalyukh),LN OPO Comb (vis→mid-IR),TFLN OPO,Caltech-2025-visible→midIR,Spin-LED,chiral perovskite,L,LEO comms (current),
6,Sycamore (superconducting qubits),DTC eigenstate order,Nature 2022 (Google),Amorphous Topo THz Link,THz PhC,SciAdv-2025-72Gbps,Spin-LED,chiral perovskite,L,LEO comms (current),
7,Trapped ions (Yb+),DTC Floquet MBL,Nature 2017 (Zhang),LN OPO Comb (tunable),TFLN OPO,NatComm-2023-LN-OPO-Octave,Spin-LED,chiral perovskite,L,LEO comms (current),
8,Nematic liquid crystal,Space‑time crystal (continuous),Nature Mater. 2025 (Zhao/Smalyukh),LN OPO Comb (vis→mid-IR),TFLN OPO,Caltech-2025-visible→midIR,Spin-LED,chiral perovskite,L,LEO comms (current),
9,Sycamore (superconducting qubits),DTC eigenstate order,Nature 2022 (Google),Amorphous Topo THz Link,THz PhC,SciAdv-2025-72Gbps,Spin-LED,chiral perovskite,L,LEO comms (current),
10,Trapped ions (Yb+),DTC Floquet MBL,Nature 2017 (Zhang),LN OPO Comb (tunable),TFLN OPO,NatComm-2023-LN-OPO-Octave,Spin-LED,chiral perovskite,L,LEO comms (current),
11,Nematic liquid crystal,Space‑time crystal (continuous),Nature Mater. 2025 (Zhao/Smalyukh),LN OPO Comb (vis→mid-IR),TFLN OPO,Caltech-2025-visible→midIR,Spin-LED,chiral perovskite,L,LEO comms (current),
12,Sycamore (superconducting qubits),DTC eigenstate order,Nature 2022 (Google),Amorphous Topo THz Link,THz PhC,SciAdv-2025-72Gbps,Spin-LED,chiral perovskite,L,LEO comms (current),
13,Trapped ions (Yb+),DTC Floquet MBL,Nature 2017 (Zhang),LN OPO Comb (tunable),TFLN OPO,NatComm-2023-LN-OPO-Octave,Spin-LED,chiral perovskite,L,LEO comms (current),
14,Nematic liquid crystal,Space‑time crystal (continuous),Nature Mater. 2025 (Zhao/Smalyukh),LN OPO Comb (vis→mid-IR),TFLN OPO,Caltech-2025-visible→midIR,Spin-LED,chiral perovskite,L,LEO comms (current),
15,Sycamore (superconducting qubits),DTC eigenstate order,Nature 2022 (Google),Amorphous Topo THz Link,THz PhC,SciAdv-2025-72Gbps,Spin-LED,chiral perovskite,L,LEO comms (current),
16,Trapped ions (Yb+),DTC Floquet MBL,Nature 2017 (Zhang),LN OPO Comb (tunable),TFLN OPO,NatComm-2023-LN-OPO-Octave,Spin-LED,chiral perovskite,L,LEO comms (current),
17,Nematic liquid crystal,Space‑time crystal (continuous),Nature Mater. 2025 (Zhao/Smalyukh),LN OPO Comb (vis→mid-IR),TFLN OPO,Caltech-2025-visible→midIR,Spin-LED,chiral perovskite,L,LEO comms (current),
18,Sycamore (superconducting qubits),DTC eigenstate order,Nature 2022 (Google),Amorphous Topo THz Link,THz PhC,SciAdv-2025-72Gbps,Spin-LED,chiral perovskite,L,LEO comms (current),
19,Trapped ions (Yb+),DTC Floquet MBL,Nature 2017 (Zhang),LN OPO Comb (tunable),TFLN OPO,NatComm-2023-LN-OPO-Octave,Spin-LED,chiral perovskite,L,LEO comms (current),
20,Nematic liquid crystal,Space‑time crystal (continuous),Nature Mater. 2025 (Zhao/Smalyukh),LN OPO Comb (vis→mid-IR),TFLN OPO,Caltech-2025-visible→midIR,Spin-LED,chiral perovskite,L,LEO comms (current),
21,Sycamore (superconducting qubits),DTC eigenstate order,Nature 2022 (Google),Amorphous Topo THz Link,THz PhC,SciAdv-2025-72Gbps,Spin-LED,chiral perovskite,L,LEO comms (current),
22,Trapped ions (Yb+),DTC Floquet MBL,Nature 2017 (Zhang),LN OPO Comb (tunable),TFLN OPO,NatComm-2023-LN-OPO-Octave,Spin-LED,chiral perovskite,L,LEO comms (current),
23,Nematic liquid crystal,Space‑time crystal (continuous),Nature Mater. 2025 (Zhao/Smalyukh),LN OPO Comb (vis→mid-IR),TFLN OPO,Caltech-2025-visible→midIR,Spin-LED,chiral perovskite,L,LEO comms (current),
24,Sycamore (superconducting qubits),DTC eigenstate order,Nature 2022 (Google),Amorphous Topo THz Link,THz PhC,SciAdv-2025-72Gbps,Spin-LED,chiral perovskite,L,LEO comms (current),
25,Trapped ions (Yb+),DTC Floquet MBL,Nature 2017 (Zhang),LN OPO Comb (tunable),TFLN OPO,NatComm-2023-LN-OPO-Octave,Spin-LED,chiral perovskite,L,LEO comms (current),
26,Nematic liquid crystal,Space‑time crystal (continuous),Nature Mater. 2025 (Zhao/Smalyukh),LN OPO Comb (vis→mid-IR),TFLN OPO,Caltech-2025-visible→midIR,Spin-LED,chiral perovskite,L,LEO comms (current),
27,Sycamore (superconducting qubits),DTC eigenstate order,Nature 2022 (Google),Amorphous Topo THz Link,THz PhC,SciAdv-2025-72Gbps,Spin-LED,chiral perovskite,L,LEO comms (current),
28,Trapped ions (Yb+),DTC Floquet MBL,Nature 2017 (Zhang),LN OPO Comb (tunable),TFLN OPO,NatComm-2023-LN-OPO-Octave,Spin-LED,chiral perovskite,L,LEO comms (current),
29,Nematic liquid crystal,Space‑time crystal (continuous),Nature Mater. 2025 (Zhao/Smalyukh),LN OPO Comb (vis→mid-IR),TFLN OPO,Caltech-2025-visible→midIR,Spin-LED,chiral perovskite,L,LEO comms (current),
30,Sycamore (superconducting qubits),DTC eigenstate order,Nature 2022 (Google),Amorphous Topo THz Link,THz PhC,SciAdv-2025-72Gbps,Spin-LED,chiral perovskite,L,LEO comms (current),
31,Trapped ions (Yb+),DTC Floquet MBL,Nature 2017 (Zhang),LN OPO Comb (tunable),TFLN OPO,NatComm-2023-LN-OPO-Octave,Spin-LED,chiral perovskite,L,LEO comms (current),
32,Nematic liquid crystal,Space‑time crystal (continuous),Nature Mater. 2025 (Zhao/Smalyukh),LN OPO Comb (vis→mid-IR),TFLN OPO,Caltech-2025-visible→midIR,Spin-LED,chiral perovskite,L,LEO comms (current),
33,Sycamore (superconducting qubits),DTC eigenstate order,Nature 2022 (Google),Amorphous Topo THz Link,THz PhC,SciAdv-2025-72Gbps,Spin-LED,chiral perovskite,L,LEO comms (current),
34,Trapped ions (Yb+),DTC Floquet MBL,Nature 2017 (Zhang),LN OPO Comb (tunable),TFLN OPO,NatComm-2023-LN-OPO-Octave,Spin-LED,chiral perovskite,L,LEO comms (current),
35,Nematic liquid crystal,Space‑time crystal (continuous),Nature Mater. 2025 (Zhao/Smalyukh),LN OPO Comb (vis→mid-IR),TFLN OPO,Caltech-2025-visible→midIR,Spin-LED,chiral perovskite,L,LEO comms (current),
36,Sycamore (superconducting qubits),DTC eigenstate order,Nature 2022 (Google),Amorphous Topo THz Link,THz PhC,SciAdv-2025-72Gbps,Spin-LED,chiral perovskite,L,LEO comms (current),
37,Trapped ions (Yb+),DTC Floquet MBL,Nature 2017 (Zhang),LN OPO Comb (tunable),TFLN OPO,NatComm-2023-LN-OPO-Octave,Spin-LED,chiral perovskite,L,LEO comms (current),
38,Nematic liquid crystal,Space‑time crystal (continuous),Nature Mater. 2025 (Zhao/Smalyukh),LN OPO Comb (vis→mid-IR),TFLN OPO,Caltech-2025-visible→midIR,Spin-LED,chiral perovskite,L,LEO comms (current),
39,Sycamore (superconducting qubits),DTC eigenstate order,Nature 2022 (Google),Amorphous Topo THz Link,THz PhC,SciAdv-2025-72Gbps,Spin-LED,chiral perovskite,L,LEO comms (current),
40,Trapped ions (Yb+),DTC Floquet MBL,Nature 2017 (Zhang),LN OPO Comb (tunable),TFLN OPO,NatComm-2023-LN-OPO-Octave,Spin-LED,chiral perovskite,L,LEO comms (current),
41,Nematic liquid crystal,Space‑time crystal (continuous),Nature Mater. 2025 (Zhao/Smalyukh),LN OPO Comb (vis→mid-IR),TFLN OPO,Caltech-2025-visible→midIR,Spin-LED,chiral perovskite,L,LEO comms (current),
42,Sycamore (superconducting qubits),DTC eigenstate order,Nature 2022 (Google),Amorphous Topo THz Link,THz PhC,SciAdv-2025-72Gbps,Spin-LED,chiral perovskite,L,LEO comms (current),
43,Trapped ions (Yb+),DTC Floquet MBL,Nature 2017 (Zhang),LN OPO Comb (tunable),TFLN OPO,NatComm-2023-LN-OPO-Octave,Spin-LED,chiral perovskite,L,LEO comms (current),
44,Nematic liquid crystal,Space‑time crystal (continuous),Nature Mater. 2025 (Zhao/Smalyukh),LN OPO Comb (vis→mid-IR),TFLN OPO,Caltech-2025-visible→midIR,Spin-LED,chiral perovskite,L,LEO comms (current),
45,Sycamore (superconducting qubits),DTC eigenstate order,Nature 2022 (Google),Amorphous Topo THz Link,THz PhC,SciAdv-2025-72Gbps,Spin-LED,chiral perovskite,L,LEO comms (current),
46,Trapped ions (Yb+),DTC Floquet MBL,Nature 2017 (Zhang),LN OPO Comb (tunable),TFLN OPO,NatComm-2023-LN-OPO-Octave,Spin-LED,chiral perovskite,L,LEO comms (current),
47,Nematic liquid crystal,Space‑time crystal (continuous),Nature Mater. 2025 (Zhao/Smalyukh),LN OPO Comb (vis→mid-IR),TFLN OPO,Caltech-2025-visible→midIR,Spin-LED,chiral perovskite,L,LEO comms (current),
48,Sycamore (superconducting qubits),DTC eigenstate order,Nature 2022 (Google),Amorphous Topo THz Link,THz PhC,SciAdv-2025-72Gbps,Spin-LED,chiral perovskite,L,LEO comms (current),
49,Trapped ions (Yb+),DTC Floquet MBL,Nature 2017 (Zhang),LN OPO Comb (tunable),TFLN OPO,NatComm-2023-LN-OPO-Octave,Spin-LED,chiral perovskite,L,LEO comms (current),
50,Nematic liquid crystal,Space‑time crystal (continuous),Nature Mater. 2025 (Zhao/Smalyukh),LN OPO Comb (vis→mid-IR),TFLN OPO,Caltech-2025-visible→midIR,Spin-LED,chiral perovskite,L,LEO comms (current),
51,Sycamore (superconducting qubits),DTC eigenstate order,Nature 2022 (Google),Amorphous Topo THz Link,THz PhC,SciAdv-2025-72Gbps,Spin-LED,chiral perovskite,L,LEO comms (current),
52,Trapped ions (Yb+),DTC Floquet MBL,Nature 2017 (Zhang),LN OPO Comb (tunable),TFLN OPO,NatComm-2023-LN-OPO-Octave,Spin-LED,chiral perovskite,L,LEO comms (current),
53,Nematic liquid crystal,Space‑time crystal (continuous),Nature Mater. 2025 (Zhao/Smalyukh),LN OPO Comb (vis→mid-IR),TFLN OPO,Caltech-2025-visible→midIR,Spin-LED,chiral perovskite,L,LEO comms (current),
54,Sycamore (superconducting qubits),DTC eigenstate order,Nature 2022 (Google),Amorphous Topo THz Link,THz PhC,SciAdv-2025-72Gbps,Spin-LED,chiral perovskite,L,LEO comms (current),
55,Trapped ions (Yb+),DTC Floquet MBL,Nature 2017 (Zhang),LN OPO Comb (tunable),TFLN OPO,NatComm-2023-LN-OPO-Octave,Spin-LED,chiral perovskite,L,LEO comms (current),
56,Nematic liquid crystal,Space‑time crystal (continuous),Nature Mater. 2025 (Zhao/Smalyukh),LN OPO Comb (vis→mid-IR),TFLN OPO,Caltech-2025-visible→midIR,Spin-LED,chiral perovskite,L,LEO comms (current),
57,Sycamore (superconducting qubits),DTC eigenstate order,Nature 2022 (Google),Amorphous Topo THz Link,THz PhC,SciAdv-2025-72Gbps,Spin-LED,chiral perovskite,L,LEO comms (current),
58,Trapped ions (Yb+),DTC Floquet MBL,Nature 2017 (Zhang),LN OPO Comb (tunable),TFLN OPO,NatComm-2023-LN-OPO-Octave,Spin-LED,chiral perovskite,L,LEO comms (current),
59,Nematic liquid crystal,Space‑time crystal (continuous),Nature Mater. 2025 (Zhao/Smalyukh),LN OPO Comb (vis→mid-IR),TFLN OPO,Caltech-2025-visible→midIR,Spin-LED,chiral perovskite,L,LEO comms (current),
60,Sycamore (superconducting qubits),DTC eigenstate order,Nature 2022 (Google),Amorphous Topo THz Link,THz PhC,SciAdv-2025-72Gbps,Spin-LED,chiral perovskite,L,LEO comms (current),
61,Trapped ions (Yb+),DTC Floquet MBL,Nature 2017 (Zhang),LN OPO Comb (tunable),TFLN OPO,NatComm-2023-LN-OPO-Octave,Spin-LED,chiral perovskite,L,LEO comms (current),
62,Nematic liquid crystal,Space‑time crystal (continuous),Nature Mater. 2025 (Zhao/Smalyukh),LN OPO Comb (vis→mid-IR),TFLN OPO,Caltech-2025-visible→midIR,Spin-LED,chiral perovskite,L,LEO comms (current),
63,Sycamore (superconducting qubits),DTC eigenstate order,Nature 2022 (Google),Amorphous Topo THz Link,THz PhC,SciAdv-2025-72Gbps,Spin-LED,chiral perovskite,L,LEO comms (current),
64,Trapped ions (Yb+),DTC Floquet MBL,Nature 2017 (Zhang),LN OPO Comb (tunable),TFLN OPO,NatComm-2023-LN-OPO-Octave,Spin-LED,chiral perovskite,L,LEO comms (current),
