rel,from_branch
.devcontainer/devcontainer.json,A
.editorconfig,A
.gitignore,A
CHANGELOG.md,B
CODE_OF_CONDUCT.md,A
CONTRIBUTING.md,A
LICENSE,A
Makefile,B
README-dev.md,B
README.md,B
SECURITY.md,A
VERSION,B
artifacts/acceptance_report.json,B
artifacts/manifest.json,B
artifacts/teletrail/salesman.jsonl,B
artifacts/teletrail_release.jsonl,B
artifacts/plots/root_shell.png,B
artifacts/plots/root_shell.svg,B
artifacts/sector_cpp_then_tsp_120.json,B
artifacts/shell_tour_m1.json,B
artifacts/splice_demo.json,B
artifacts/tsp_root24.json,B
artifacts/tsp_root48_weighted.json,B
config/default.yaml,A
docs/ARCHITECTURE.md,A
docs/GOVERNANCE.md,A
docs/RUNBOOK.md,A
docs/agrm_rationale.md,B
docs/architecture.md,B
docs/e8_notes.md,B
docs/index.md,B
docs/module_index.md,B
mkdocs.yml,B
pyproject.toml,B
releases/RELEASES.json,B
releases/manifest_v0.2.3.json,B
releases/manifest_v0.2.4.json,B
releases/teletrail_release_v0.2.4.jsonl,B
scripts/cli.py,B
scripts/demo_n5.py,B
scripts/demo_n5_cmplx.py,B
scripts/detensor_demo.py,A
scripts/plot_shell.py,B
scripts/rag_demo.py,A
scripts/shell_tsp.py,B
scripts/snap_demo.py,B
scripts/splice_demo.py,B
scripts/tick_demo.py,B
seeds/state_demo.json,A
src/snaplat/__init__.py,A
src/snaplat/adapters/assembly_adapter.py,B
src/snaplat/adapters/dtt_adapter.py,B
src/snaplat/adapters/e8_adapter.py,B
src/snaplat/adapters/nav_adapter.py,B
src/snaplat/adapters/rag_adapter.py,A
src/snaplat/agrm/cmplx_adapter.py,B
src/snaplat/agrm/factory.py,B
src/snaplat/agrm/plan_adapter.py,B
src/snaplat/agrm/planner.py,B
src/snaplat/agrm/salesman.py,B
src/snaplat/agrm/simple.py,B
src/snaplat/agrm/universal.py,B
src/snaplat/assembly/core.py,B
src/snaplat/bridges/mannequin_e8.py,B
src/snaplat/config.py,B
src/snaplat/detensor/core.py,A
src/snaplat/dtt/harness.py,B
src/snaplat/e8/core.py,B
src/snaplat/e8/coxeter.py,B
src/snaplat/e8/moves.py,B
src/snaplat/e8/neighbor_cache.py,B
src/snaplat/e8/roots.py,B
src/snaplat/e8/shells.py,B
src/snaplat/e8/weyl.py,B
src/snaplat/mdhg/adapter_legacy.py,B
src/snaplat/mdhg/bus.py,B
src/snaplat/mdhg/core.py,B
src/snaplat/metrics/core.py,B
src/snaplat/metrics/splus.py,B
src/snaplat/teletrail/enrich.py,A
src/snaplat/teletrail/log.py,B
src/snaplat/teletrail/ticklog.py,B
src/snaplat/sap/__init__.py,B
src/snaplat/sap/core.py,B
src/snaplat/sap/gates.py,B
src/snaplat/sap/loop.py,B
src/snaplat/sap/metrics.py,B
src/snaplat/snap/schema.py,B
src/snaplat/snap/state.py,B
src/snaplat/snaplat/__init__.py,B
src/snaplat/snaplat/agrm/__init__.py,B
src/snaplat/snaplat/assembly/__init__.py,B
src/snaplat/snaplat/bridges/__init__.py,B
src/snaplat/snaplat/dtt/__init__.py,B
src/snaplat/snaplat/e8/__init__.py,B
src/snaplat/snaplat/mdhg/__init__.py,B
src/snaplat/snaplat/teletrail/__init__.py,B
src/snaplat/snaplat/sap/__init__.py,B
src/snaplat/snaplat/snap/__init__.py,B
src/snaplat/snaplat/superperm/__init__.py,B
src/snaplat/snaplat/types/__init__.py,B
src/snaplat/snaplat/utils/__init__.py,B
src/snaplat/snaplat/viz/__init__.py,B
src/snaplat/superperm/c8.py,B
src/snaplat/superperm/nav.py,B
src/snaplat/superperm/nav_tsp.py,B
src/snaplat/tsp/__init__.py,B
src/snaplat/tsp/postman.py,B
src/snaplat/tsp/solver.py,B
src/snaplat/types/protocols.py,B
src/snaplat/viz/plot2d.py,B
tasks/WORKPLAN.md,A
tests/test_c8_invariants.py,B
tests/test_cpp_path.py,B
tests/test_detensor.py,A
tests/test_dna_replay.py,B
tests/test_e8_core.py,B
tests/test_loop_smoke.py,A
tests/test_mdhg_heat_feedback.py,B
tests/test_teletrail_enrich.py,A
tests/test_nav_tsp_smoke.py,B
tests/test_neighbor_cache.py,B
tests/test_projector_determinism.py,B
tests/test_projector_plotter.py,B
tests/test_rag_adapter.py,A
tests/test_shell_counts.py,B
tests/test_shell_enumeration.py,B
tests/test_shells_root.py,B
tests/test_snap_state.py,B
tests/test_symmetry_bins.py,B
tests/test_tsp_square.py,B
tools/accept_report.py,B
tools/gen_module_index.py,B
tools/keyword_intake.py,A
tools/manifest.py,B
tools/summarize_docs.py,A
artifacts/teletrail_ticks.jsonl,B
src/snaplat/agents/cards.py,B
src/snaplat/agrm/diversity.py,B
src/snaplat/agrm/fusion.py,B
tests/test_metrics_diversity.py,B
tests/test_universal_agrm.py,B
