step,perm,pal_side,receipt
1,T1|T2|T3|T4|T5|T6|T7|T8,FWD,0000
2,T2|T1|T3|T4|T5|T6|T7|T8,FWD,1000
3,T2|T3|T1|T4|T5|T6|T7|T8,FWD,1101
4,T2|T3|T4|T1|T5|T6|T7|T8,FWD,0101
5,T2|T3|T4|T5|T1|T6|T7|T8,FWD,0101
6,T2|T3|T4|T5|T6|T1|T7|T8,FWD,0011
7,T2|T3|T4|T5|T6|T7|T1|T8,FWD,1000
8,T2|T3|T4|T5|T6|T7|T8|T1,FWD,1101
9,T3|T2|T4|T5|T6|T7|T8|T1,FWD,0011
10,T3|T4|T2|T5|T6|T7|T8|T1,FWD,1101
11,T3|T4|T5|T2|T6|T7|T8|T1,FWD,0011
12,T3|T4|T5|T6|T2|T7|T8|T1,FWD,1101
13,T3|T4|T5|T6|T7|T2|T8|T1,FWD,1011
14,T3|T4|T5|T6|T7|T8|T2|T1,FWD,1000
15,T3|T4|T5|T6|T7|T8|T1|T2,FWD,1001
16,T4|T3|T5|T6|T7|T8|T1|T2,FWD,0001
17,T4|T5|T3|T6|T7|T8|T1|T2,FWD,1101
18,T4|T5|T6|T3|T7|T8|T1|T2,FWD,1101
19,T4|T5|T6|T7|T3|T8|T1|T2,FWD,0001
20,T4|T5|T6|T7|T8|T3|T1|T2,FWD,1110
21,T4|T5|T6|T7|T8|T1|T3|T2,FWD,1011
22,T4|T5|T6|T7|T8|T1|T2|T3,FWD,0000
23,T5|T4|T6|T7|T8|T1|T2|T3,FWD,1101
24,T5|T6|T4|T7|T8|T1|T2|T3,FWD,1101
25,T5|T6|T7|T4|T8|T1|T2|T3,FWD,0010
26,T5|T6|T7|T8|T4|T1|T2|T3,FWD,0000
27,T5|T6|T7|T8|T1|T4|T2|T3,FWD,0111
28,T5|T6|T7|T8|T1|T2|T4|T3,FWD,0111
29,T5|T6|T7|T8|T1|T2|T3|T4,FWD,1001
30,T6|T5|T7|T8|T1|T2|T3|T4,FWD,1100
31,T6|T7|T5|T8|T1|T2|T3|T4,FWD,0100
32,T6|T7|T8|T5|T1|T2|T3|T4,FWD,0000
33,T6|T7|T8|T1|T5|T2|T3|T4,REV,0100
34,T7|T6|T8|T1|T5|T2|T3|T4,REV,0110
35,T7|T8|T6|T1|T5|T2|T3|T4,REV,0001
36,T7|T8|T1|T6|T5|T2|T3|T4,REV,1011
37,T7|T8|T1|T5|T6|T2|T3|T4,REV,1010
38,T7|T8|T1|T5|T2|T6|T3|T4,REV,0110
39,T7|T8|T1|T5|T2|T3|T6|T4,REV,1000
40,T7|T8|T1|T5|T2|T3|T4|T6,REV,1000
41,T8|T7|T1|T5|T2|T3|T4|T6,REV,1111
42,T8|T1|T7|T5|T2|T3|T4|T6,REV,1100
43,T8|T1|T5|T7|T2|T3|T4|T6,REV,0011
44,T8|T1|T5|T2|T7|T3|T4|T6,REV,1010
45,T8|T1|T5|T2|T3|T7|T4|T6,REV,0010
46,T8|T1|T5|T2|T3|T4|T7|T6,REV,1000
47,T8|T1|T5|T2|T3|T4|T6|T7,REV,1101
48,T1|T8|T5|T2|T3|T4|T6|T7,REV,1011
49,T1|T5|T8|T2|T3|T4|T6|T7,REV,0110
50,T1|T5|T2|T8|T3|T4|T6|T7,REV,1111
51,T1|T5|T2|T3|T8|T4|T6|T7,REV,0001
52,T1|T5|T2|T3|T4|T8|T6|T7,REV,1101
53,T1|T5|T2|T3|T4|T6|T8|T7,REV,0110
54,T1|T5|T2|T3|T4|T6|T7|T8,REV,1001
55,T5|T1|T2|T3|T4|T6|T7|T8,REV,1101
56,T5|T2|T1|T3|T4|T6|T7|T8,REV,1010
57,T5|T2|T3|T1|T4|T6|T7|T8,REV,1100
58,T5|T2|T3|T4|T1|T6|T7|T8,REV,1011
59,T5|T2|T3|T4|T6|T1|T7|T8,REV,1000
60,T5|T2|T3|T4|T6|T7|T1|T8,REV,0001
61,T5|T2|T3|T4|T6|T7|T8|T1,REV,0110
62,T2|T5|T3|T4|T6|T7|T8|T1,REV,0000
63,T2|T3|T5|T4|T6|T7|T8|T1,REV,1011
64,T2|T3|T4|T5|T6|T7|T8|T1,REV,1011
