{
  "name": "id_28",
  "id": 28,
  "rails": "QD",
  "seed": 1360524617,
  "url": "https://www.nature.com/articles/s41586-025-09475-0",
  "domain": "www.nature.com",
  "status": "verified",
  "interfaces": {
    "input": {
      "type": "cqe:rest_state",
      "schema": "parity/octet/h16 overlays"
    },
    "output": {
      "type": "cqe:overlay_bundle",
      "schema": "OPE/FCE receipts + overlays"
    }
  },
  "metrics": {
    "OPE_P8_D": 5,
    "OPE_debt": 0.0400912954629146,
    "FCE_Dvotes": 39,
    "FCE_debt": 0.0459002820871787,
    "mirror_primary": 0,
    "mirror_mirror": 0,
    "mirror_debt": 0.0400912954629146
  },
  "artifacts": {
    "ledger": "receipts/ledger_snapshot.csv",
    "wrapper_receipts": "receipts/wrapper_receipts_latest.csv"
  },
  "runner": "sdk.cqe.runner:run_module"
}