{
  "openapi": "3.0.3",
  "info": {
    "title": "CQE Torus Engine API",
    "version": "1.0.0"
  },
  "paths": {
    "/verify": {
      "post": {
        "responses": {
          "200": {
            "description": "OK"
          }
        }
      }
    },
    "/reduce": {
      "post": {
        "responses": {
          "200": {
            "description": "OK"
          }
        }
      }
    },
    "/commit": {
      "post": {
        "responses": {
          "200": {
            "description": "OK"
          }
        }
      }
    },
    "/loop/start": {
      "post": {
        "responses": {
          "200": {
            "description": "OK"
          }
        }
      }
    },
    "/rest/select": {
      "post": {
        "responses": {
          "200": {
            "description": "OK"
          }
        }
      }
    },
    "/proof/state": {
      "get": {
        "responses": {
          "200": {
            "description": "OK"
          }
        }
      }
    },
    "/anchor/match": {
      "post": {
        "responses": {
          "200": {
            "description": "OK"
          }
        }
      }
    }
  }
}