{
  "schema": "cqe.prr.v2",
  "description": "CQE Proof-and-Receipt Record with 4-bit commit + proofs",
  "fields": {
    "version": "string",
    "timestamp": "ISO8601",
    "input_digest": "sha256 hex of raw input or derived features",
    "rails": [
      "propagation_torus",
      "interference",
      "harmonics",
      "dissipation"
    ],
    "commit_bits": "b1 phase-lock, b2 linearity, b3 harmonic legality, b4 energy balance",
    "receipts": {
      "phase_lock": "float [0,1]",
      "delta_welch": "float >=0",
      "harmonic_legality": "float [0,1]",
      "energy_balance": "float [0,1]",
      "ori": "float [0,1]"
    },
    "proofs": {
      "stationarity": "segments & heuristics",
      "peaks": "peak list with FDR flags",
      "bases": "independent base set and rational grouping",
      "pslq_like": "integer relations and residual",
      "cartan_hits": "power near rational hyperplanes",
      "bicoherence": "summary + hotspot list",
      "surrogates": "phase-randomized surrogate stats (p-values)",
      "dissipation": "Q, bandwidth, decay fit"
    },
    "sidecars": "list of nonlinear or domain models used (with params)",
    "env": "sampling rate, windowing, tapers, tolerances",
    "rest_hash": "sha256 over receipts+proofs",
    "notes": "freeform"
  }
}