{
  "name": "id_15",
  "id": 15,
  "rails": "QD",
  "seed": 330029199,
  "url": "https://www.nature.com/articles/s41586-025-09528-4",
  "domain": "www.nature.com",
  "status": "verified",
  "interfaces": {
    "input": {
      "type": "cqe:rest_state",
      "schema": "parity/octet/h16 overlays"
    },
    "output": {
      "type": "cqe:overlay_bundle",
      "schema": "OPE/FCE receipts + overlays"
    }
  },
  "metrics": {
    "OPE_P8_D": 7,
    "OPE_debt": 0.0422427523435191,
    "FCE_Dvotes": 40,
    "FCE_debt": 0.040626541624539,
    "mirror_primary": 0,
    "mirror_mirror": 0,
    "mirror_debt": 0.0422427523435191
  },
  "artifacts": {
    "ledger": "receipts/ledger_snapshot.csv",
    "wrapper_receipts": "receipts/wrapper_receipts_latest.csv"
  },
  "runner": "sdk.cqe.runner:run_module"
}