{
  "glyphpack_id": "thermal.v1",
  "namespace": "thermal",
  "title": "Thermal",
  "version": "v1",
  "alphabet": [
    {
      "glyph": "\u0394",
      "cp": "U+0394"
    },
    {
      "glyph": "T",
      "cp": "U+0054"
    },
    {
      "glyph": "\u03c3",
      "cp": "U+03C3"
    },
    {
      "glyph": "\u03f5",
      "cp": "U+03F5"
    },
    {
      "glyph": "A",
      "cp": "U+0041"
    },
    {
      "glyph": "T",
      "cp": "U+0054"
    },
    {
      "glyph": "\u2074",
      "cp": "U+2074"
    },
    {
      "glyph": "\u2668",
      "cp": "U+2668"
    },
    {
      "glyph": "\ufe0f",
      "cp": "U+FE0F"
    },
    {
      "glyph": "\u2744",
      "cp": "U+2744"
    },
    {
      "glyph": "\ufe0f",
      "cp": "U+FE0F"
    },
    {
      "glyph": "\u2600",
      "cp": "U+2600"
    },
    {
      "glyph": "\ufe0f",
      "cp": "U+FE0F"
    },
    {
      "glyph": "\u21af",
      "cp": "U+21AF"
    },
    {
      "glyph": "W",
      "cp": "U+0057"
    },
    {
      "glyph": "m",
      "cp": "U+006D"
    },
    {
      "glyph": "K",
      "cp": "U+004B"
    },
    {
      "glyph": "=",
      "cp": "U+003D"
    },
    {
      "glyph": " ",
      "cp": "U+0020"
    },
    {
      "glyph": "\u00b7",
      "cp": "U+00B7"
    },
    {
      "glyph": "1",
      "cp": "U+0031"
    },
    {
      "glyph": "2",
      "cp": "U+0032"
    },
    {
      "glyph": "3",
      "cp": "U+0033"
    },
    {
      "glyph": "4",
      "cp": "U+0034"
    },
    {
      "glyph": "5",
      "cp": "U+0035"
    },
    {
      "glyph": "6",
      "cp": "U+0036"
    },
    {
      "glyph": "7",
      "cp": "U+0037"
    },
    {
      "glyph": "8",
      "cp": "U+0038"
    },
    {
      "glyph": "9",
      "cp": "U+0039"
    },
    {
      "glyph": "0",
      "cp": "U+0030"
    }
  ],
  "allowed_codepoints": [
    "U+0394",
    "U+0054",
    "U+03C3",
    "U+03F5",
    "U+0041",
    "U+0054",
    "U+2074",
    "U+2668",
    "U+FE0F",
    "U+2744",
    "U+FE0F",
    "U+2600",
    "U+FE0F",
    "U+21AF",
    "U+0057",
    "U+006D",
    "U+004B",
    "U+003D",
    "U+0020",
    "U+00B7",
    "U+0031",
    "U+0032",
    "U+0033",
    "U+0034",
    "U+0035",
    "U+0036",
    "U+0037",
    "U+0038",
    "U+0039",
    "U+0030"
  ]
}