{
  "glyphpack_id": "bio.v1",
  "namespace": "bio",
  "title": "Biology",
  "version": "v1",
  "alphabet": [
    {
      "glyph": "\ud83e\uddec",
      "cp": "U+1F9EC"
    },
    {
      "glyph": "A",
      "cp": "U+0041"
    },
    {
      "glyph": "C",
      "cp": "U+0043"
    },
    {
      "glyph": "G",
      "cp": "U+0047"
    },
    {
      "glyph": "T",
      "cp": "U+0054"
    },
    {
      "glyph": "U",
      "cp": "U+0055"
    },
    {
      "glyph": "\u21cc",
      "cp": "U+21CC"
    },
    {
      "glyph": "\u2192",
      "cp": "U+2192"
    },
    {
      "glyph": "\u0394",
      "cp": "U+0394"
    },
    {
      "glyph": "\u00b0",
      "cp": "U+00B0"
    },
    {
      "glyph": "\u03bc",
      "cp": "U+03BC"
    },
    {
      "glyph": "\u27c2",
      "cp": "U+27C2"
    },
    {
      "glyph": "\u2225",
      "cp": "U+2225"
    },
    {
      "glyph": "\u03b1",
      "cp": "U+03B1"
    },
    {
      "glyph": "\u03b2",
      "cp": "U+03B2"
    },
    {
      "glyph": "\u03b3",
      "cp": "U+03B3"
    }
  ],
  "allowed_codepoints": [
    "U+1F9EC",
    "U+0041",
    "U+0043",
    "U+0047",
    "U+0054",
    "U+0055",
    "U+21CC",
    "U+2192",
    "U+0394",
    "U+00B0",
    "U+03BC",
    "U+27C2",
    "U+2225",
    "U+03B1",
    "U+03B2",
    "U+03B3"
  ]
}