{
  "version": "1.1",
  "detectors": [
    "unit_leak",
    "mirror_break",
    "aliasing",
    "phase_wrap",
    "subharmonic_bloom",
    "cartan_misfit",
    "hinge_split"
  ],
  "caps": {
    "cartan_snap": {
      "target": "E8 subalgebra closest",
      "method": "nearest Cartan projector"
    },
    "phase_unwrap": {
      "method": "least-squares unwrap"
    },
    "bias_repaint": {
      "step": "adaptive"
    },
    "hinge_promote": {
      "n": "4\u21925 forced octad"
    },
    "entropy_trim": {
      "limit": "\u0394S monotone"
    }
  },
  "nudges": {
    "epsilon_jitter": 1e-06,
    "threshold_backoff": 0.05
  }
}