{
  "version": "1.1",
  "playbooks": {
    "QuantumChemistry_FCI": {
      "views": [
        "basis_sweep",
        "active_space",
        "FCI_proxy",
        "coupled_cluster",
        "DMRG_proxy",
        "geom_scan",
        "freq_modes",
        "IR_spectrum"
      ],
      "mirror": [
        "encode\u2194decode basis",
        "train\u2194eval split"
      ],
      "delta_lifts": [
        "unit_fix",
        "phase_align",
        "regularize_hard_cases"
      ],
      "strict": {
        "MAE": {
          "<=": 0.01
        },
        "unit": "Ha"
      },
      "receipts": [
        "SC",
        "MAE",
        "RMSE"
      ]
    },
    "Spintronics_ChiralHelix": {
      "views": [
        "L/R helix",
        "roomT",
        "bias sweep",
        "contact materials",
        "geometry variants",
        "disorder",
        "phonon coupling",
        "time noise"
      ],
      "mirror": [
        "spin_up\u2194spin_down",
        "left\u2194right helix"
      ],
      "delta_lifts": [
        "bias_repaint",
        "contact_refit"
      ],
      "strict": {
        "Polarization": {
          ">=": 0.8
        }
      },
      "receipts": [
        "P_spin",
        "I_V_curve",
        "hash"
      ]
    },
    "Plasma_Braiding": {
      "views": [
        "braid_index",
        "reconnection_rate",
        "Hall_term",
        "Alfven_ratio",
        "guide_field",
        "chirality",
        "scale_bridge",
        "noise_floor"
      ],
      "mirror": [
        "forward MHD\u2194inverse replay"
      ],
      "delta_lifts": [
        "gauge_fix",
        "phase_unwrap"
      ],
      "strict": {
        "stability": "no runaway"
      },
      "receipts": [
        "E\u00b7B",
        "braid_entropy"
      ]
    },
    "Light_QED": {
      "views": [
        "polarization",
        "spectrum",
        "single_photon",
        "coherent_state",
        "xsec_low",
        "xsec_high",
        "dispersion",
        "absorption"
      ],
      "mirror": [
        "source\u2194detector role swap"
      ],
      "delta_lifts": [
        "calibration_refit"
      ],
      "strict": {
        "energy_cons": "pass"
      },
      "receipts": [
        "counts",
        "SNR",
        "g2(0)"
      ]
    },
    "Heat_Entropy": {
      "views": [
        "conduction",
        "convection",
        "radiation",
        "isochoric",
        "isobaric",
        "adiabatic",
        "Carnot",
        "Otto"
      ],
      "mirror": [
        "compress\u2194expand"
      ],
      "delta_lifts": [
        "leak_patch",
        "insulation_tweak"
      ],
      "strict": {
        "\u03b7<=\u03b7_Carnot": true
      },
      "receipts": [
        "\u0394S",
        "Q",
        "W"
      ]
    }
  }
}