{
  "version": "1.1",
  "bits": {
    "core_4bit": {
      "b3": "mirror_rest_pass",
      "b2": "octet_views_pass",
      "b1": "delta_lift_applied_and_non_regressing",
      "b0": "strict_ratchet_locked"
    },
    "escalation": {
      "enable_8bit": true,
      "b7_b4": "domain_latches (MATH, SAFETY, DATA, TOOLING)",
      "enable_64bit": true,
      "note": "Use 64 only for archival fingerprints; operational gating remains 4-bit."
    }
  },
  "payload": {
    "fields": [
      "timestamp_iso",
      "job_id",
      "domain",
      "anchor_form_id",
      "automorphism_id",
      "octet_map_id",
      "dna10_id",
      "sidecars_used",
      "metrics_hash",
      "evidence_hashes"
    ]
  },
  "codec": "hex-nibble for 4-bit; hex-byte for 8-bit; base32 for 64-bit receipts"
}