{
  "version": "1.1",
  "local_view": {
    "grid": [
      8,
      8
    ],
    "stride": [
      1,
      1
    ],
    "pal_rest": true,
    "mirror_pair": true
  },
  "surround_view": {
    "hypergrid": [
      4,
      4,
      4,
      4
    ],
    "halo_depth": 1,
    "ring_sync": "two-lane parity"
  },
  "parity_shells": {
    "inner": [
      2,
      2,
      2,
      2
    ],
    "outer": [
      2,
      2,
      2,
      2
    ],
    "lockstep": true
  },
  "overlays": {
    "light": {
      "spectrum": [
        "radio",
        "mw",
        "thz",
        "ir",
        "vis",
        "uv",
        "x",
        "gamma"
      ],
      "polarization": [
        "lin",
        "circ_L",
        "circ_R"
      ],
      "qed": true
    },
    "sound": {
      "freq_units": "Hz",
      "modes": [
        "longitudinal",
        "transverse"
      ],
      "harmonics": true,
      "subharmonics_watch": true
    },
    "heat": {
      "channels": [
        "conduction",
        "convection",
        "radiation"
      ],
      "entropy_track": true,
      "stefan_boltzmann": true
    },
    "cartan": {
      "algebra": "E8",
      "subalgebra_snaps": [
        "A1x8",
        "D4xD4",
        "A2xE6"
      ],
      "hinge_n45": true
    }
  },
  "dims": {
    "max_embedding_D": 4096,
    "torus_quadrant": true,
    "leech_glue": true,
    "monster_actions": true
  },
  "hotzone_auto": {
    "detectors": [
      "phase_wrap",
      "unit_leak",
      "mirror_break",
      "aliasing"
    ],
    "caps": [
      "cartan_snap",
      "phase_unwrap",
      "bias_repaint"
    ],
    "nudges": [
      "epsilon_jitter",
      "threshold_backoff"
    ]
  }
}