{
  "meta": {
    "family": "doc",
    "type": "markdown",
    "tags": {
      "universe": "Work"
    },
    "lineage_depth": 0
  },
  "content": {
    "summary": {
      "doc": "Universal Superpermutation Principle_ Comprehensive Deep Breakdown Analysis.md",
      "w5h": {
        "who": 0.4134879916123776,
        "what": 1.2404639748371329,
        "where": 1.033719979030944,
        "when": 0.2067439958061888,
        "why": 0.0,
        "how": 1.4472079706433216
      },
      "e8": [
        0.526,
        0.951,
        0.047,
        0.537,
        0.947,
        0.524,
        0.856,
        0.533
      ],
      "basis_terms": [
        "analytical",
        "systematic",
        "optimization",
        "framework",
        "dimensional",
        "mathematical",
        "procedures",
        "complexity"
      ],
      "top_terms": [
        "analytical",
        "systematic",
        "optimization",
        "framework",
        "dimensional",
        "mathematical",
        "procedures",
        "complexity",
        "while",
        "superpermutation"
      ]
    },
    "parents": [],
    "ts": 1755149074
  }
}