{
  "meta": {
    "family": "doc",
    "type": "markdown",
    "tags": {
      "universe": "Work"
    },
    "lineage_depth": 0
  },
  "content": {
    "summary": {
      "doc": "SFBB_Algorithm.md",
      "w5h": {
        "who": 0.0,
        "what": 0.9852449577478117,
        "where": 0.49262247887390587,
        "when": 0.7389337183108587,
        "why": 0.0,
        "how": 1.2315561971847646
      },
      "e8": [
        0.065,
        0.317,
        0.293,
        0.866,
        0.108,
        0.209,
        0.412,
        0.442
      ],
      "basis_terms": [
        "data",
        "superpermutation",
        "length",
        "n-1",
        "new",
        "segments",
        "all",
        "winners"
      ],
      "top_terms": [
        "data",
        "superpermutation",
        "length",
        "n-1",
        "new",
        "segments",
        "all",
        "winners",
        "losers",
        "function"
      ]
    },
    "parents": [],
    "ts": 1755149074
  }
}