{
  "config_id": "cqe_default_v1",
  "frame": "e8_canonical_v1",
  "construction": "A",
  "ctype": 3,
  "lanes": 8,
  "lane_code": "ExtHamming84",
  "lane_code_params": {
    "n": 8,
    "k": 4,
    "d": 4,
    "H_digest": "sha256:laneH:...",
    "G_digest": "sha256:laneG:..."
  },
  "global_code": "ExtGolay24",
  "global_code_params": {
    "n": 24,
    "k": 12,
    "d": 8,
    "H_digest": "sha256:golayH:...",
    "G_digest": "sha256:golayG:..."
  },
  "leech_lift": {
    "method": "ConstructionA",
    "Z_mod": 2,
    "shell": "minimal",
    "slices": 10
  },
  "e8_composition": {
    "mode": "E8x3",
    "projection_policy": "orthogonal_min_norm",
    "normalize_weights": true
  },
  "pose_grid": {
    "coxeter_phases": 30,
    "diag_automorphisms": "all",
    "lane_permutations_allowed": [
      0,
      1,
      2,
      3,
      4,
      5,
      6,
      7
    ],
    "lane_permutation_table": {
      "0": [
        0,
        1,
        2,
        3,
        4,
        5,
        6,
        7
      ],
      "1": [
        1,
        2,
        3,
        4,
        5,
        6,
        7,
        0
      ],
      "2": [
        0,
        2,
        1,
        3,
        4,
        5,
        6,
        7
      ],
      "3": [
        0,
        1,
        3,
        2,
        4,
        5,
        6,
        7
      ],
      "4": [
        7,
        6,
        5,
        4,
        3,
        2,
        1,
        0
      ],
      "5": [
        0,
        3,
        1,
        2,
        4,
        7,
        5,
        6
      ],
      "6": [
        2,
        1,
        0,
        3,
        6,
        5,
        4,
        7
      ],
      "7": [
        0,
        1,
        2,
        4,
        3,
        5,
        6,
        7
      ]
    },
    "torus_phase_denominator_max": 8
  },
  "operators": {
    "allowed": [
      "S",
      "M",
      "P",
      "Rtheta"
    ],
    "phi_policy": "monotone_descent",
    "phi_weights": {
      "syndrome": 1.0,
      "leech_norm": 0.5,
      "overlay_sparsity": 0.2
    }
  },
  "morsr": {
    "enable_diagonals": true,
    "max_rings": 8,
    "saturation_rule": "all_lanes_fail_on_same_ring"
  },
  "governance": {
    "sign_overlays": true,
    "sign_handshakes": true,
    "require_code_valid": true
  }
}