{
  "$schema": "http://json-schema.org/draft-07/schema#",
  "title": "E8 Overlay (EO) v1",
  "type": "object",
  "required": [
    "version",
    "frame",
    "nodes",
    "invariants",
    "canon",
    "signature"
  ],
  "properties": {
    "version": {
      "const": "eo_v1"
    },
    "frame": {
      "type": "string",
      "enum": [
        "e8_canonical_v1",
        "leech_canonical_v1"
      ]
    },
    "nodes": {
      "type": "object",
      "required": [
        "present",
        "w",
        "phi"
      ],
      "properties": {
        "present": {
          "type": "string",
          "description": "base64 bitset of 248 bits"
        },
        "w": {
          "type": "array",
          "minItems": 248,
          "maxItems": 248,
          "items": {
            "type": "number"
          }
        },
        "phi": {
          "type": "array",
          "minItems": 248,
          "maxItems": 248,
          "items": {
            "type": [
              "number",
              "null"
            ]
          }
        }
      }
    },
    "invariants": {
      "type": "object",
      "properties": {
        "orbit_counts": {
          "type": "array",
          "items": {
            "type": "integer"
          }
        },
        "cartan_sig": {
          "type": "array",
          "minItems": 8,
          "maxItems": 8,
          "items": {
            "type": "number"
          }
        },
        "coxeter_hist": {
          "type": "array",
          "minItems": 30,
          "maxItems": 30,
          "items": {
            "type": "integer"
          }
        },
        "closure_sig": {
          "type": "object",
          "properties": {
            "triad": {
              "type": "boolean"
            },
            "dyad": {
              "type": "boolean"
            },
            "pal": {
              "type": "boolean"
            },
            "phi_min": {
              "type": "number"
            }
          }
        },
        "torus_link": {
          "type": "object",
          "properties": {
            "k": {
              "type": "integer"
            },
            "wind": {
              "type": "array",
              "items": {
                "type": "array",
                "items": {
                  "type": "integer"
                }
              }
            }
          }
        },
        "spectrum": {
          "type": "array",
          "items": {
            "type": "number"
          }
        },
        "subsystem_tags": {
          "type": "array",
          "items": {
            "type": "string"
          }
        },
        "code_proof": {
          "type": "object",
          "properties": {
            "lane_code": {
              "type": "string"
            },
            "global_code": {
              "type": "string"
            },
            "lane_syndromes": {
              "type": "object"
            },
            "global_syndrome": {
              "type": "array",
              "items": {
                "type": "integer"
              }
            },
            "coset_leaders": {
              "type": "object"
            }
          }
        }
      }
    },
    "pose": {
      "type": "object",
      "properties": {
        "coxeter_k": {
          "type": "integer",
          "minimum": 0,
          "maximum": 29
        },
        "diag_auto_id": {
          "type": "integer"
        },
        "lane_perm_id": {
          "type": "integer"
        },
        "torus_params": {
          "type": "object"
        }
      }
    },
    "canon": {
      "type": "object",
      "required": [
        "weyl_actions",
        "gauge",
        "hash_id"
      ],
      "properties": {
        "weyl_actions": {
          "type": "array",
          "items": {
            "type": "string"
          }
        },
        "gauge": {
          "type": "string"
        },
        "hash_id": {
          "type": "string"
        }
      }
    },
    "provenance": {
      "type": "object"
    },
    "signature": {
      "type": "string"
    }
  }
}