{
  "$schema": "http://json-schema.org/draft-07/schema#",
  "title": "MORSR Handshake v1",
  "type": "object",
  "required": [
    "version",
    "overlay_id",
    "frame",
    "code_proof",
    "invariants",
    "pose",
    "signature"
  ],
  "properties": {
    "version": {
      "const": "morsr_handshake_v1"
    },
    "overlay_id": {
      "type": "string"
    },
    "frame": {
      "type": "string"
    },
    "code_proof": {
      "type": "object",
      "required": [
        "valid"
      ],
      "properties": {
        "lane_code": {
          "type": "string"
        },
        "global_code": {
          "type": "string"
        },
        "lane_syndromes": {
          "type": "object"
        },
        "global_syndrome": {
          "type": "array",
          "items": {
            "type": "integer"
          }
        },
        "coset_leaders": {
          "type": "object"
        },
        "valid": {
          "type": "boolean"
        }
      }
    },
    "invariants": {
      "type": "object"
    },
    "pose": {
      "type": "object"
    },
    "ops_trace": {
      "type": "array"
    },
    "context_contracts": {
      "type": "object"
    },
    "signature": {
      "type": "string"
    }
  }
}