[
  {
    "id": "E1_theta_res",
    "domain": "OPTICS",
    "latex": "theta_res = 1.22 * lambda / D"
  },
  {
    "id": "E2_strehl_wfe",
    "domain": "OPTICS",
    "latex": "Strehl \u2248 exp(-(2\u03c0*WFE_rms/\u03bb)^2)"
  },
  {
    "id": "E3_wfe_cte",
    "domain": "THERMAL\u2192OPTICS",
    "latex": "WFE_CTE \u2248 CTE * \u0394T * L_opt"
  },
  {
    "id": "E4_wfe_dndt",
    "domain": "THERMAL\u2192OPTICS",
    "latex": "WFE_dn/dT \u2248 (dn/dT) * \u0394T * t_opt"
  },
  {
    "id": "E5_wfe_total",
    "domain": "THERMAL\u2192OPTICS",
    "latex": "WFE_therm \u2248 sqrt(WFE_CTE^2 + WFE_dn/dT^2 + WFE_base^2)"
  },
  {
    "id": "E6_crosspol_from_AR",
    "domain": "POLAR\u2192OPTICS",
    "latex": "Ecross/Eco = 10^(-AR_dB/20)"
  },
  {
    "id": "E7_mtf_stray_penalty",
    "domain": "POLAR\u2192OPTICS",
    "latex": "\u0394MTF \u221d -k * (Ecross/Eco)^2"
  },
  {
    "id": "E8_units_guard",
    "domain": "MATH",
    "latex": "Units(theta_res)=rad, Units(WFE)=m, ... (must pass)"
  }
]