overlay_id,sidecar,fourbit,rest_hash,receipts_hash,rails,rails_extended,status
OPTICS.ANCHOR.A1,OPTICS,0100,3e9075c5d7fe7ea6,aa8101ab31e61504,θ_res (Rayleigh);WFE_rms (nm);MTF_floor;Whiteness (stray),θ_res (Rayleigh);WFE_rms (nm);MTF_floor;Whiteness (stray);Strehl;PSF_ellipticity;EE80;GhostingIndex,ANCHOR_CANDIDATE
OPTICS.ANCHOR.A2,OPTICS,1111,ccc8af957fed7eb0,ed2ba76797f4845c,θ_res (Rayleigh);WFE_rms (nm);MTF_floor;Whiteness (stray),θ_res (Rayleigh);WFE_rms (nm);MTF_floor;Whiteness (stray);Strehl;PSF_ellipticity;EE80;GhostingIndex,BOUND_MEANING
THERMAL.ANCHOR.A1,THERMAL,1010,3df810f84e45704b,5e56fadeb4d7836c,ΔT_per_tick (K);Radiator_eff;Vent_duty;Whiteness (noise),ΔT_per_tick (K);Radiator_eff;Vent_duty;Whiteness (noise);CTE_WFE_drift;JunctionTempMargin;ThermalTau;PowerHeadroom,ANCHOR_CANDIDATE
THERMAL.ANCHOR.A2,THERMAL,0111,2e030171a99ec432,06739f70b2caebc4,ΔT_per_tick (K);Radiator_eff;Vent_duty;Whiteness (noise),ΔT_per_tick (K);Radiator_eff;Vent_duty;Whiteness (noise);CTE_WFE_drift;JunctionTempMargin;ThermalTau;PowerHeadroom,BOUND_MEANING
POLAR.ANCHOR.A1,POLAR,1001,728391593fc0dec9,68d7e7f93e2031e0,Axial_Ratio (dB);Pol_Efficiency;Band_Purity;Whiteness (cross-pol),Axial_Ratio (dB);Pol_Efficiency;Band_Purity;Whiteness (cross-pol);DoP;MuellerConsistency;RetardanceError_nm;SpectralLeakage,BOUND_MEANING
POLAR.ANCHOR.A2,POLAR,0001,bdd58f0f663122a9,e96595b5d7c7460f,Axial_Ratio (dB);Pol_Efficiency;Band_Purity;Whiteness (cross-pol),Axial_Ratio (dB);Pol_Efficiency;Band_Purity;Whiteness (cross-pol);DoP;MuellerConsistency;RetardanceError_nm;SpectralLeakage,BOUND_MEANING
MATH.ANCHOR.A1,MATH,0100,2bb448f25dd5b787,86bfd2839a46fa13,Units_OK;Canonical_Form_OK;Interval_Bound_OK;ULP_Max_OK,Units_OK;Canonical_Form_OK;Interval_Bound_OK;ULP_Max_OK;ConditionNumberBound;SymbolicEqClass;ErrorPropBound;DimensionalNullspace,BOUND_MEANING
MATH.ANCHOR.A2,MATH,0000,670951b8eee193c6,4f87d6a981565aee,Units_OK;Canonical_Form_OK;Interval_Bound_OK;ULP_Max_OK,Units_OK;Canonical_Form_OK;Interval_Bound_OK;ULP_Max_OK;ConditionNumberBound;SymbolicEqClass;ErrorPropBound;DimensionalNullspace,BOUND_MEANING
