{
  "OPTICS": {
    "rails": [
      "\u03b8_res (Rayleigh)",
      "WFE_rms (nm)",
      "MTF_floor",
      "Whiteness (stray)",
      "Strehl"
    ],
    "required": [
      "Units_OK",
      "Canonical_Form_OK"
    ]
  },
  "THERMAL": {
    "rails": [
      "\u0394T_per_tick (K)",
      "Radiator_eff",
      "Vent_duty",
      "Whiteness (noise)",
      "CTE_WFE_drift",
      "ThermalTau"
    ],
    "required": [
      "Units_OK"
    ]
  },
  "POLAR": {
    "rails": [
      "Axial_Ratio (dB)",
      "Pol_Efficiency",
      "Band_Purity",
      "Whiteness (cross-pol)",
      "DoP",
      "RetardanceError_nm"
    ],
    "required": [
      "Units_OK",
      "Canonical_Form_OK"
    ]
  },
  "MATH": {
    "rails": [
      "Units_OK",
      "Canonical_Form_OK",
      "Interval_Bound_OK",
      "ULP_Max_OK",
      "ConditionNumberBound"
    ],
    "required": [
      "Units_OK",
      "Canonical_Form_OK"
    ]
  }
}