card_id,session_id,token_id,title,type,summary,retrieval_tags,connections,pal64_step,receipt,status,provenance
CQE_Card_Kit_v1_2_Sheets::RAG-00001,CQE_Card_Kit_v1_2_Sheets,D0010,09_Hypercube_Scaffold.pdf,pdf,PDF '09_Hypercube_Scaffold.pdf'. Ordered at pal64 step 1. Preview: PDF (1 pages),"['pdf', 'pages:1']","[{'id': 'D0001', 'why': 'adjacent-order'}]",1,0000,WORKING,/mnt/data/fulltest/inputs/CQE_Card_Kit_v1_2_Sheets/09_Hypercube_Scaffold.pdf
CQE_Card_Kit_v1_2_Sheets::RAG-00002,CQE_Card_Kit_v1_2_Sheets,D0001,00_Cover.pdf,pdf,PDF '00_Cover.pdf'. Ordered at pal64 step 2. Preview: PDF (1 pages),"['pdf', 'pages:1']","[{'id': 'D0010', 'why': 'adjacent-order'}, {'id': 'D0014', 'why': 'adjacent-order'}]",2,0000,WORKING,/mnt/data/fulltest/inputs/CQE_Card_Kit_v1_2_Sheets/00_Cover.pdf
CQE_Card_Kit_v1_2_Sheets::RAG-00003,CQE_Card_Kit_v1_2_Sheets,D0014,13_Class_Checklist.pdf,pdf,PDF '13_Class_Checklist.pdf'. Ordered at pal64 step 3. Preview: PDF (1 pages),"['pdf', 'pages:1']","[{'id': 'D0001', 'why': 'adjacent-order'}, {'id': 'D0009', 'why': 'adjacent-order'}]",3,0000,WORKING,/mnt/data/fulltest/inputs/CQE_Card_Kit_v1_2_Sheets/13_Class_Checklist.pdf
CQE_Card_Kit_v1_2_Sheets::RAG-00004,CQE_Card_Kit_v1_2_Sheets,D0009,08_Master_Ledger.pdf,pdf,PDF '08_Master_Ledger.pdf'. Ordered at pal64 step 4. Preview: PDF (1 pages),"['pdf', 'pages:1']","[{'id': 'D0014', 'why': 'adjacent-order'}, {'id': 'D0002', 'why': 'adjacent-order'}]",4,0000,WORKING,/mnt/data/fulltest/inputs/CQE_Card_Kit_v1_2_Sheets/08_Master_Ledger.pdf
CQE_Card_Kit_v1_2_Sheets::RAG-00005,CQE_Card_Kit_v1_2_Sheets,D0002,01_QuickStart.pdf,pdf,PDF '01_QuickStart.pdf'. Ordered at pal64 step 5. Preview: PDF (1 pages),"['pdf', 'pages:1']","[{'id': 'D0009', 'why': 'adjacent-order'}, {'id': 'D0012', 'why': 'adjacent-order'}]",5,0000,WORKING,/mnt/data/fulltest/inputs/CQE_Card_Kit_v1_2_Sheets/01_QuickStart.pdf
CQE_Card_Kit_v1_2_Sheets::RAG-00006,CQE_Card_Kit_v1_2_Sheets,D0012,11_Blank_Cards.pdf,pdf,PDF '11_Blank_Cards.pdf'. Ordered at pal64 step 6. Preview: PDF (1 pages),"['pdf', 'pages:1']","[{'id': 'D0002', 'why': 'adjacent-order'}, {'id': 'D0008', 'why': 'adjacent-order'}]",6,0000,WORKING,/mnt/data/fulltest/inputs/CQE_Card_Kit_v1_2_Sheets/11_Blank_Cards.pdf
CQE_Card_Kit_v1_2_Sheets::RAG-00007,CQE_Card_Kit_v1_2_Sheets,D0008,07_Theorem_Cards.pdf,pdf,PDF '07_Theorem_Cards.pdf'. Ordered at pal64 step 7. Preview: PDF (1 pages),"['pdf', 'pages:1']","[{'id': 'D0012', 'why': 'adjacent-order'}, {'id': 'D0003', 'why': 'adjacent-order'}]",7,0000,WORKING,/mnt/data/fulltest/inputs/CQE_Card_Kit_v1_2_Sheets/07_Theorem_Cards.pdf
CQE_Card_Kit_v1_2_Sheets::RAG-00008,CQE_Card_Kit_v1_2_Sheets,D0003,02_Octet_DNA10.pdf,pdf,PDF '02_Octet_DNA10.pdf'. Ordered at pal64 step 8. Preview: PDF (1 pages),"['pdf', 'pages:1']","[{'id': 'D0008', 'why': 'adjacent-order'}, {'id': 'D0006', 'why': 'adjacent-order'}]",8,0000,WORKING,/mnt/data/fulltest/inputs/CQE_Card_Kit_v1_2_Sheets/02_Octet_DNA10.pdf
CQE_Card_Kit_v1_2_Sheets::RAG-00009,CQE_Card_Kit_v1_2_Sheets,D0006,05_Stations.pdf,pdf,PDF '05_Stations.pdf'. Ordered at pal64 step 9. Preview: PDF (1 pages),"['pdf', 'pages:1']","[{'id': 'D0003', 'why': 'adjacent-order'}, {'id': 'D0007', 'why': 'adjacent-order'}]",9,0000,WORKING,/mnt/data/fulltest/inputs/CQE_Card_Kit_v1_2_Sheets/05_Stations.pdf
CQE_Card_Kit_v1_2_Sheets::RAG-00010,CQE_Card_Kit_v1_2_Sheets,D0007,06_Table_Playbook.pdf,pdf,PDF '06_Table_Playbook.pdf'. Ordered at pal64 step 10. Preview: PDF (1 pages),"['pdf', 'pages:1']","[{'id': 'D0006', 'why': 'adjacent-order'}, {'id': 'D0013', 'why': 'adjacent-order'}]",10,0000,WORKING,/mnt/data/fulltest/inputs/CQE_Card_Kit_v1_2_Sheets/06_Table_Playbook.pdf
CQE_Card_Kit_v1_2_Sheets::RAG-00011,CQE_Card_Kit_v1_2_Sheets,D0013,12_Baseline_Packs.pdf,pdf,PDF '12_Baseline_Packs.pdf'. Ordered at pal64 step 11. Preview: PDF (1 pages),"['pdf', 'pages:1']","[{'id': 'D0007', 'why': 'adjacent-order'}, {'id': 'D0004', 'why': 'adjacent-order'}]",11,0000,WORKING,/mnt/data/fulltest/inputs/CQE_Card_Kit_v1_2_Sheets/12_Baseline_Packs.pdf
CQE_Card_Kit_v1_2_Sheets::RAG-00012,CQE_Card_Kit_v1_2_Sheets,D0004,03_Receipts_4bit.pdf,pdf,PDF '03_Receipts_4bit.pdf'. Ordered at pal64 step 12. Preview: PDF (1 pages),"['pdf', 'pages:1']","[{'id': 'D0013', 'why': 'adjacent-order'}, {'id': 'D0011', 'why': 'adjacent-order'}]",12,0000,WORKING,/mnt/data/fulltest/inputs/CQE_Card_Kit_v1_2_Sheets/03_Receipts_4bit.pdf
CQE_Card_Kit_v1_2_Sheets::RAG-00013,CQE_Card_Kit_v1_2_Sheets,D0011,10_Sticky_Sidecars.pdf,pdf,PDF '10_Sticky_Sidecars.pdf'. Ordered at pal64 step 13. Preview: PDF (1 pages),"['pdf', 'pages:1']","[{'id': 'D0004', 'why': 'adjacent-order'}, {'id': 'D0005', 'why': 'adjacent-order'}]",13,0000,WORKING,/mnt/data/fulltest/inputs/CQE_Card_Kit_v1_2_Sheets/10_Sticky_Sidecars.pdf
CQE_Card_Kit_v1_2_Sheets::RAG-00014,CQE_Card_Kit_v1_2_Sheets,D0005,04_Parity_Loom.pdf,pdf,PDF '04_Parity_Loom.pdf'. Ordered at pal64 step 14. Preview: PDF (1 pages),"['pdf', 'pages:1']","[{'id': 'D0011', 'why': 'adjacent-order'}]",14,0000,WORKING,/mnt/data/fulltest/inputs/CQE_Card_Kit_v1_2_Sheets/04_Parity_Loom.pdf
