{
  "$schema": "http://json-schema.org/draft-07/schema#",
  "title": "RoyaltyStatement",
  "type": "object",
  "required": [
    "period_start",
    "period_end",
    "entries",
    "payout_wallet_fraction"
  ],
  "properties": {
    "period_start": {
      "type": "string"
    },
    "period_end": {
      "type": "string"
    },
    "payout_wallet_fraction": {
      "type": "number"
    },
    "entries": {
      "type": "array",
      "items": {
        "type": "object",
        "required": [
          "pattern_id",
          "creator_id",
          "fiat_amount",
          "domain_breakdown"
        ],
        "properties": {
          "pattern_id": {
            "type": "string"
          },
          "creator_id": {
            "type": "string"
          },
          "fiat_amount": {
            "type": "number"
          },
          "domain_breakdown": {
            "type": "object",
            "additionalProperties": {
              "type": "number"
            }
          }
        }
      }
    },
    "totals": {
      "type": "object",
      "properties": {
        "fiat_to_creators": {
          "type": "number"
        },
        "fiat_to_nodes": {
          "type": "number"
        },
        "fiat_to_payout_wallet": {
          "type": "number"
        }
      }
    }
  }
}