token,legal_tick_H,legal_tick_M,legal_tick_S,legal_mid_H,legal_mid_M,legal_mid_S,legal_ratio_HvM,legal_ratio_MvS,legal_ratio_HvS,bridge_ring_H,bridge_ring_M,bridge_ring_S,cascade_suggestions,residue_bridge,residue_info,tunnel_prime,tunnel_targets,legalized_any,bridges_any
11,True,False,False,False,False,False,False,False,False,False,False,False,"[{""mult"": 20, ""H"": true, ""M"": false, ""S"": true}, {""mult"": 100, ""H"": true, ""M"": true, ""S"": true}]",True,"{""dom32"": 0, ""dom64"": 0, ""dom128"": 0}",True,2|3|5,True,True
20,True,False,True,False,False,False,False,False,False,False,False,False,"[{""mult"": 20, ""H"": true, ""M"": false, ""S"": true}, {""mult"": 100, ""H"": true, ""M"": true, ""S"": true}]",True,"{""dom32"": 0, ""dom64"": 0, ""dom128"": 0}",True,2|3|5,True,True
25,True,False,True,False,False,False,False,False,False,False,False,False,"[{""mult"": 20, ""H"": true, ""M"": true, ""S"": true}, {""mult"": 100, ""H"": true, ""M"": true, ""S"": true}]",True,"{""dom32"": 0, ""dom64"": 0, ""dom128"": 0}",True,2|3|5,True,True
30,True,False,True,False,False,False,False,False,False,False,False,False,"[{""mult"": 20, ""H"": true, ""M"": false, ""S"": true}, {""mult"": 100, ""H"": true, ""M"": true, ""S"": true}]",True,"{""dom32"": 0, ""dom64"": 0, ""dom128"": 0}",True,2|3|5,True,True
3f,True,True,False,False,False,False,False,False,False,False,False,False,"[{""mult"": 20, ""H"": true, ""M"": true, ""S"": false}, {""mult"": 100, ""H"": true, ""M"": true, ""S"": true}]",True,"{""dom32"": 0, ""dom64"": 0, ""dom128"": 0}",True,2|3|5,True,True
4f,True,True,False,False,False,False,False,False,False,False,False,False,"[{""mult"": 20, ""H"": true, ""M"": true, ""S"": false}, {""mult"": 100, ""H"": true, ""M"": true, ""S"": true}]",True,"{""dom32"": 0, ""dom64"": 0, ""dom128"": 0}",True,2|3|7,True,True
60,True,True,True,False,False,False,False,False,False,False,False,False,"[{""mult"": 20, ""H"": true, ""M"": true, ""S"": true}, {""mult"": 100, ""H"": true, ""M"": true, ""S"": true}]",True,"{""dom32"": 0, ""dom64"": 0, ""dom128"": 0}",True,2|3|13,True,True
CATALOG_NIEMEIER_24,True,False,False,False,False,False,False,False,False,False,False,False,"[{""mult"": 20, ""H"": true, ""M"": true, ""S"": false}, {""mult"": 100, ""H"": true, ""M"": true, ""S"": true}]",True,"{""dom32"": 0, ""dom64"": 0, ""dom128"": 0}",True,2|3|5,True,True
CODE_GOLAY_EXTENDED,True,True,False,False,False,False,False,False,False,False,False,False,"[{""mult"": 20, ""H"": true, ""M"": true, ""S"": false}, {""mult"": 100, ""H"": true, ""M"": true, ""S"": true}]",True,"{""dom32"": 0, ""dom64"": 0, ""dom128"": 0}",True,2|3|5,True,True
CONSTRUCTION_A_TEMPLATE,True,True,False,False,False,False,False,False,False,False,False,False,"[{""mult"": 20, ""H"": true, ""M"": true, ""S"": true}, {""mult"": 100, ""H"": true, ""M"": true, ""S"": true}]",True,"{""dom32"": 0, ""dom64"": 0, ""dom128"": 0}",True,2|3|5,True,True
CONWAY_GROUPS_AUT_LEECH,False,False,True,False,False,False,False,False,False,False,False,False,"[{""mult"": 20, ""H"": false, ""M"": false, ""S"": true}, {""mult"": 100, ""H"": false, ""M"": true, ""S"": true}]",True,"{""dom32"": 0, ""dom64"": 0, ""dom128"": 0}",True,2|3|7,True,True
DEEPPHOLE_LEECH_23_ORBITS,False,True,True,False,False,False,False,False,False,False,False,False,"[{""mult"": 20, ""H"": false, ""M"": true, ""S"": true}, {""mult"": 100, ""H"": true, ""M"": true, ""S"": true}]",True,"{""dom32"": 0, ""dom64"": 0, ""dom128"": 0}",True,2|3|23,True,True
E8_ROOT_SYSTEM_240,False,True,False,False,False,False,False,False,False,False,False,False,"[{""mult"": 20, ""H"": false, ""M"": true, ""S"": true}, {""mult"": 100, ""H"": false, ""M"": true, ""S"": true}]",True,"{""dom32"": 0, ""dom64"": 0, ""dom128"": 0}",True,2|3|5,True,True
E8_THETA_WEIGHT4,True,True,False,False,False,False,False,False,False,False,False,False,"[{""mult"": 20, ""H"": true, ""M"": true, ""S"": true}, {""mult"": 100, ""H"": true, ""M"": true, ""S"": true}]",True,"{""dom32"": 0, ""dom64"": 0, ""dom128"": 0}",True,2|3|7,True,True
GROTH_SHEAF_GLUE,False,True,True,False,False,False,False,False,False,False,False,False,"[{""mult"": 20, ""H"": false, ""M"": true, ""S"": true}, {""mult"": 100, ""H"": false, ""M"": true, ""S"": true}]",True,"{""dom32"": 0, ""dom64"": 0, ""dom128"": 0}",True,2|3|31,True,True
HODGE_SPLIT_GRAPH,False,True,False,False,False,False,False,False,False,False,False,False,"[{""mult"": 20, ""H"": false, ""M"": true, ""S"": true}, {""mult"": 100, ""H"": false, ""M"": true, ""S"": true}]",True,"{""dom32"": 0, ""dom64"": 0, ""dom128"": 0}",True,2|3|5,True,True
II_25_1_LORENTZ_CUT,True,True,True,False,False,False,False,False,False,False,False,False,"[{""mult"": 20, ""H"": true, ""M"": true, ""S"": true}, {""mult"": 100, ""H"": true, ""M"": true, ""S"": true}]",True,"{""dom32"": 0, ""dom64"": 0, ""dom128"": 0}",True,2|3|5,True,True
KOL_MDL_DELTA,True,False,True,False,False,False,False,False,False,False,False,False,"[{""mult"": 20, ""H"": true, ""M"": true, ""S"": true}, {""mult"": 100, ""H"": true, ""M"": true, ""S"": true}]",True,"{""dom32"": 0, ""dom64"": 0, ""dom128"": 0}",True,2|3|5,True,True
LAMINATED_LATTICES_SEQ,False,False,True,False,False,False,False,False,False,False,False,False,"[{""mult"": 20, ""H"": false, ""M"": true, ""S"": true}, {""mult"": 100, ""H"": false, ""M"": true, ""S"": true}]",True,"{""dom32"": 0, ""dom64"": 0, ""dom128"": 0}",True,2|3|5,True,True
LEECH_MIN_SHELL_196560,False,False,True,False,False,False,False,False,False,False,False,False,"[{""mult"": 20, ""H"": false, ""M"": true, ""S"": true}, {""mult"": 100, ""H"": true, ""M"": true, ""S"": true}]",True,"{""dom32"": 0, ""dom64"": 0, ""dom128"": 0}",True,2|3|29,True,True
LEECH_NO_ROOTS_MIN4,False,False,False,False,False,False,False,False,False,False,False,False,"[{""mult"": 20, ""H"": false, ""M"": true, ""S"": true}, {""mult"": 100, ""H"": true, ""M"": true, ""S"": true}]",True,"{""dom32"": 0, ""dom64"": 0, ""dom128"": 0}",True,2|3|5,False,True
NOETHER_CONSERVATION,False,False,True,False,False,False,False,False,False,False,False,True,"[{""mult"": 20, ""H"": false, ""M"": true, ""S"": true}, {""mult"": 100, ""H"": true, ""M"": true, ""S"": true}]",True,"{""dom32"": 0, ""dom64"": 0, ""dom128"": 0}",True,2|3|5,True,True
PARITY_64BIT_LANES,False,False,True,False,False,False,False,False,False,False,False,False,"[{""mult"": 20, ""H"": false, ""M"": false, ""S"": true}, {""mult"": 100, ""H"": false, ""M"": true, ""S"": true}]",True,"{""dom32"": 0, ""dom64"": 0, ""dom128"": 0}",True,2|3|5,True,True
PROOF_E8_DENSEST_AM2017,False,True,False,False,False,False,False,False,False,False,False,False,"[{""mult"": 20, ""H"": false, ""M"": true, ""S"": true}, {""mult"": 100, ""H"": false, ""M"": true, ""S"": true}]",True,"{""dom32"": 0, ""dom64"": 0, ""dom128"": 0}",True,2|3|5,True,True
PROOF_LEECH_DENSEST_AM2017,True,True,True,False,False,False,False,False,False,False,False,False,"[{""mult"": 20, ""H"": true, ""M"": true, ""S"": true}, {""mult"": 100, ""H"": true, ""M"": true, ""S"": true}]",True,"{""dom32"": 0, ""dom64"": 0, ""dom128"": 0}",True,2|3|7,True,True
PROOF_UNIVERSAL_OPTIMALITY_AM2022,True,True,False,False,False,False,False,False,False,False,False,False,"[{""mult"": 20, ""H"": true, ""M"": true, ""S"": true}, {""mult"": 100, ""H"": true, ""M"": true, ""S"": true}]",True,"{""dom32"": 0, ""dom64"": 0, ""dom128"": 0}",True,2|3|7,True,True
SMT_GODEL_GATES,True,True,False,False,False,False,False,False,False,False,False,False,"[{""mult"": 20, ""H"": true, ""M"": true, ""S"": false}, {""mult"": 100, ""H"": true, ""M"": true, ""S"": true}]",True,"{""dom32"": 0, ""dom64"": 0, ""dom128"": 0}",True,2|3|5,True,True
SPECTRAL_GAP_RAYLEIGH,True,True,False,False,False,False,False,False,False,False,False,False,"[{""mult"": 20, ""H"": true, ""M"": true, ""S"": true}, {""mult"": 100, ""H"": true, ""M"": true, ""S"": true}]",True,"{""dom32"": 0, ""dom64"": 0, ""dom128"": 0}",True,2|3|19,True,True
TURYN_3xE8_TO_LEECH,True,True,True,False,False,False,False,False,False,False,False,False,"[{""mult"": 20, ""H"": true, ""M"": true, ""S"": true}, {""mult"": 100, ""H"": true, ""M"": true, ""S"": true}]",True,"{""dom32"": 0, ""dom64"": 0, ""dom128"": 0}",True,2|3|11,True,True
UQ_CONFORMAL_90COVERAGE,False,True,True,False,False,False,False,False,False,False,False,False,"[{""mult"": 20, ""H"": false, ""M"": true, ""S"": true}, {""mult"": 100, ""H"": false, ""M"": true, ""S"": true}]",True,"{""dom32"": 0, ""dom64"": 0, ""dom128"": 0}",True,2|3|7,True,True
WAVELET_FOURIER_SLICE,True,True,True,False,False,False,False,False,False,False,False,False,"[{""mult"": 20, ""H"": true, ""M"": true, ""S"": true}, {""mult"": 100, ""H"": true, ""M"": true, ""S"": true}]",True,"{""dom32"": 0, ""dom64"": 0, ""dom128"": 0}",True,2|3|7,True,True
about,False,True,False,False,False,False,False,False,False,False,False,False,"[{""mult"": 20, ""H"": false, ""M"": true, ""S"": true}, {""mult"": 100, ""H"": true, ""M"": true, ""S"": true}]",True,"{""dom32"": 0, ""dom64"": 0, ""dom128"": 0}",True,2|3|5,True,True
abs,False,True,False,False,False,False,False,False,False,False,False,False,"[{""mult"": 20, ""H"": false, ""M"": true, ""S"": true}, {""mult"": 100, ""H"": false, ""M"": true, ""S"": true}]",True,"{""dom32"": 0, ""dom64"": 0, ""dom128"": 0}",True,2|3|11,True,True
across,False,False,True,False,False,False,False,False,False,False,False,False,"[{""mult"": 20, ""H"": false, ""M"": false, ""S"": true}, {""mult"": 100, ""H"": false, ""M"": true, ""S"": true}]",True,"{""dom32"": 0, ""dom64"": 0, ""dom128"": 0}",True,2|3|7,True,True
act,False,True,False,False,False,False,False,False,False,False,False,False,"[{""mult"": 20, ""H"": false, ""M"": true, ""S"": false}, {""mult"": 100, ""H"": false, ""M"": true, ""S"": true}]",True,"{""dom32"": 0, ""dom64"": 0, ""dom128"": 0}",True,2|3|5,True,True
action,True,True,False,False,False,False,False,False,False,False,False,False,"[{""mult"": 20, ""H"": true, ""M"": true, ""S"": false}, {""mult"": 100, ""H"": true, ""M"": true, ""S"": true}]",True,"{""dom32"": 0, ""dom64"": 0, ""dom128"": 0}",True,2|3|7,True,True
add,True,True,True,False,False,False,False,False,False,False,False,False,"[{""mult"": 20, ""H"": true, ""M"": true, ""S"": true}, {""mult"": 100, ""H"": true, ""M"": true, ""S"": true}]",True,"{""dom32"": 0, ""dom64"": 0, ""dom128"": 0}",True,2|3|5,True,True
additional,True,True,True,False,False,False,False,False,False,False,False,False,"[{""mult"": 20, ""H"": true, ""M"": true, ""S"": true}, {""mult"": 100, ""H"": true, ""M"": true, ""S"": true}]",True,"{""dom32"": 0, ""dom64"": 0, ""dom128"": 0}",True,2|3|5,True,True
after,True,False,True,False,False,False,False,False,False,False,False,False,"[{""mult"": 20, ""H"": true, ""M"": true, ""S"": true}, {""mult"": 100, ""H"": true, ""M"": true, ""S"": true}]",True,"{""dom32"": 0, ""dom64"": 0, ""dom128"": 0}",True,2|3|5,True,True
also,False,True,True,False,False,False,False,False,False,False,False,False,"[{""mult"": 20, ""H"": false, ""M"": true, ""S"": true}, {""mult"": 100, ""H"": true, ""M"": true, ""S"": true}]",True,"{""dom32"": 0, ""dom64"": 0, ""dom128"": 0}",True,2|3|7,True,True
an,False,True,True,False,False,False,False,False,False,False,False,False,"[{""mult"": 20, ""H"": false, ""M"": true, ""S"": true}, {""mult"": 100, ""H"": true, ""M"": true, ""S"": true}]",True,"{""dom32"": 0, ""dom64"": 0, ""dom128"": 0}",True,2|3|5,True,True
analyze,False,True,True,False,False,False,False,False,False,False,False,False,"[{""mult"": 20, ""H"": false, ""M"": true, ""S"": true}, {""mult"": 100, ""H"": true, ""M"": true, ""S"": true}]",True,"{""dom32"": 0, ""dom64"": 0, ""dom128"": 0}",True,2|3|7,True,True
applications,False,True,False,False,False,False,False,False,False,False,False,False,"[{""mult"": 20, ""H"": false, ""M"": true, ""S"": true}, {""mult"": 100, ""H"": true, ""M"": true, ""S"": true}]",True,"{""dom32"": 0, ""dom64"": 0, ""dom128"": 0}",True,2|3|7,True,True
are,False,True,False,False,False,False,False,False,False,False,False,False,"[{""mult"": 20, ""H"": false, ""M"": true, ""S"": true}, {""mult"": 100, ""H"": false, ""M"": true, ""S"": true}]",True,"{""dom32"": 0, ""dom64"": 0, ""dom128"": 0}",True,2|3|5,True,True
as,False,False,True,False,False,False,False,False,False,False,False,False,"[{""mult"": 20, ""H"": false, ""M"": true, ""S"": true}, {""mult"": 100, ""H"": false, ""M"": true, ""S"": true}]",True,"{""dom32"": 0, ""dom64"": 0, ""dom128"": 0}",True,2|3|29,True,True
atom,False,True,True,False,False,False,False,False,False,False,False,False,"[{""mult"": 20, ""H"": false, ""M"": true, ""S"": true}, {""mult"": 100, ""H"": true, ""M"": true, ""S"": true}]",True,"{""dom32"": 0, ""dom64"": 0, ""dom128"": 0}",True,2|3|5,True,True
available,False,True,False,False,False,False,False,False,False,False,False,False,"[{""mult"": 20, ""H"": false, ""M"": true, ""S"": false}, {""mult"": 100, ""H"": false, ""M"": true, ""S"": true}]",True,"{""dom32"": 0, ""dom64"": 0, ""dom128"": 0}",True,2|3|5,True,True
ax1,True,False,False,False,False,False,False,False,False,False,False,False,"[{""mult"": 20, ""H"": true, ""M"": true, ""S"": false}, {""mult"": 100, ""H"": true, ""M"": true, ""S"": true}]",True,"{""dom32"": 0, ""dom64"": 0, ""dom128"": 0}",True,2|3|23,True,True
base,True,True,True,False,False,False,False,False,False,False,False,False,"[{""mult"": 20, ""H"": true, ""M"": true, ""S"": true}, {""mult"": 100, ""H"": true, ""M"": true, ""S"": true}]",True,"{""dom32"": 0, ""dom64"": 0, ""dom128"": 0}",True,2|3|5,True,True
baseline,True,True,True,False,False,False,False,False,False,False,False,False,"[{""mult"": 20, ""H"": true, ""M"": true, ""S"": true}, {""mult"": 100, ""H"": true, ""M"": true, ""S"": true}]",True,"{""dom32"": 0, ""dom64"": 0, ""dom128"": 0}",True,2|3|97,True,True
basic,True,False,True,False,False,False,False,False,False,False,False,False,"[{""mult"": 20, ""H"": true, ""M"": false, ""S"": true}, {""mult"": 100, ""H"": true, ""M"": true, ""S"": true}]",True,"{""dom32"": 0, ""dom64"": 0, ""dom128"": 0}",True,2|3|5,True,True
becomes,False,True,True,False,False,False,False,False,False,False,False,False,"[{""mult"": 20, ""H"": false, ""M"": true, ""S"": true}, {""mult"": 100, ""H"": true, ""M"": true, ""S"": true}]",True,"{""dom32"": 0, ""dom64"": 0, ""dom128"": 0}",True,2|3|5,True,True
before,False,True,True,False,False,False,False,False,False,False,False,False,"[{""mult"": 20, ""H"": false, ""M"": true, ""S"": true}, {""mult"": 100, ""H"": true, ""M"": true, ""S"": true}]",True,"{""dom32"": 0, ""dom64"": 0, ""dom128"": 0}",True,2|3|19,True,True
between,False,True,True,False,False,False,False,False,False,False,False,False,"[{""mult"": 20, ""H"": false, ""M"": true, ""S"": true}, {""mult"": 100, ""H"": true, ""M"": true, ""S"": true}]",True,"{""dom32"": 0, ""dom64"": 0, ""dom128"": 0}",True,2|3|5,True,True
bonus,False,False,True,False,False,False,False,False,False,False,False,False,"[{""mult"": 20, ""H"": false, ""M"": true, ""S"": true}, {""mult"": 100, ""H"": true, ""M"": true, ""S"": true}]",True,"{""dom32"": 0, ""dom64"": 0, ""dom128"": 0}",True,2|3|5,True,True
bouncing,False,False,False,False,False,False,False,False,False,False,False,False,"[{""mult"": 20, ""H"": false, ""M"": false, ""S"": true}, {""mult"": 100, ""H"": false, ""M"": true, ""S"": true}]",True,"{""dom32"": 0, ""dom64"": 0, ""dom128"": 0}",True,2|3|5,False,True
by,False,True,False,False,False,False,False,False,False,False,False,False,"[{""mult"": 20, ""H"": false, ""M"": true, ""S"": true}, {""mult"": 100, ""H"": false, ""M"": true, ""S"": true}]",True,"{""dom32"": 0, ""dom64"": 0, ""dom128"": 0}",True,2|3|5,True,True
canvas,False,True,True,False,False,False,False,False,False,False,False,False,"[{""mult"": 20, ""H"": false, ""M"": true, ""S"": true}, {""mult"": 100, ""H"": false, ""M"": true, ""S"": true}]",True,"{""dom32"": 0, ""dom64"": 0, ""dom128"": 0}",True,2|3|7,True,True
capacity,False,True,True,False,False,False,False,False,False,False,False,False,"[{""mult"": 20, ""H"": false, ""M"": true, ""S"": true}, {""mult"": 100, ""H"": false, ""M"": true, ""S"": true}]",True,"{""dom32"": 0, ""dom64"": 0, ""dom128"": 0}",True,2|3|7,True,True
cartan,True,False,True,False,False,False,False,False,False,False,False,False,"[{""mult"": 20, ""H"": true, ""M"": true, ""S"": true}, {""mult"": 100, ""H"": true, ""M"": true, ""S"": true}]",True,"{""dom32"": 0, ""dom64"": 0, ""dom128"": 0}",True,2|3|7,True,True
chamber,False,True,True,False,False,False,False,False,False,False,False,False,"[{""mult"": 20, ""H"": false, ""M"": true, ""S"": true}, {""mult"": 100, ""H"": true, ""M"": true, ""S"": true}]",True,"{""dom32"": 0, ""dom64"": 0, ""dom128"": 0}",True,2|3|5,True,True
channels,True,True,True,False,False,False,False,False,False,False,False,False,"[{""mult"": 20, ""H"": true, ""M"": true, ""S"": true}, {""mult"": 100, ""H"": true, ""M"": true, ""S"": true}]",True,"{""dom32"": 0, ""dom64"": 0, ""dom128"": 0}",True,2|3|5,True,True
characteristics,False,False,True,False,False,False,False,False,False,False,False,False,"[{""mult"": 20, ""H"": false, ""M"": false, ""S"": true}, {""mult"": 100, ""H"": true, ""M"": true, ""S"": true}]",True,"{""dom32"": 0, ""dom64"": 0, ""dom128"": 0}",True,2|3|7,True,True
chatgpt,False,False,True,False,False,False,False,False,False,False,False,False,"[{""mult"": 20, ""H"": false, ""M"": false, ""S"": true}, {""mult"": 100, ""H"": true, ""M"": true, ""S"": true}]",True,"{""dom32"": 0, ""dom64"": 0, ""dom128"": 0}",True,2|3|5,True,True
color,True,False,True,False,False,False,False,False,False,True,False,False,"[{""mult"": 20, ""H"": true, ""M"": true, ""S"": true}, {""mult"": 100, ""H"": true, ""M"": true, ""S"": true}]",True,"{""dom32"": 0, ""dom64"": 0, ""dom128"": 0}",True,2|3|5,True,True
complete,False,True,False,False,False,False,False,False,False,False,False,False,"[{""mult"": 20, ""H"": false, ""M"": true, ""S"": false}, {""mult"": 100, ""H"": true, ""M"": true, ""S"": true}]",True,"{""dom32"": 0, ""dom64"": 0, ""dom128"": 0}",True,2|3|13,True,True
complex,False,False,False,False,False,False,False,False,False,False,False,False,"[{""mult"": 20, ""H"": false, ""M"": true, ""S"": true}, {""mult"": 100, ""H"": true, ""M"": true, ""S"": true}]",True,"{""dom32"": 0, ""dom64"": 0, ""dom128"": 0}",True,2|3|5,False,True
component,False,True,False,False,False,False,False,False,False,False,False,False,"[{""mult"": 20, ""H"": false, ""M"": true, ""S"": true}, {""mult"": 100, ""H"": false, ""M"": true, ""S"": true}]",True,"{""dom32"": 0, ""dom64"": 0, ""dom128"": 0}",True,2|3|5,True,True
computational,False,False,True,False,False,False,False,False,False,False,False,False,"[{""mult"": 20, ""H"": false, ""M"": true, ""S"": true}, {""mult"": 100, ""H"": false, ""M"": true, ""S"": true}]",True,"{""dom32"": 0, ""dom64"": 0, ""dom128"": 0}",True,2|3|5,True,True
conditions,False,False,True,False,False,False,False,False,False,False,False,False,"[{""mult"": 20, ""H"": false, ""M"": false, ""S"": true}, {""mult"": 100, ""H"": false, ""M"": true, ""S"": true}]",True,"{""dom32"": 0, ""dom64"": 0, ""dom128"": 0}",True,2|3|5,True,True
context,False,True,False,False,False,False,False,False,False,False,False,False,"[{""mult"": 20, ""H"": false, ""M"": true, ""S"": false}, {""mult"": 100, ""H"": false, ""M"": true, ""S"": true}]",True,"{""dom32"": 0, ""dom64"": 0, ""dom128"": 0}",True,2|3|5,True,True
control,True,True,False,False,False,False,False,False,False,False,False,False,"[{""mult"": 20, ""H"": true, ""M"": true, ""S"": false}, {""mult"": 100, ""H"": true, ""M"": true, ""S"": true}]",True,"{""dom32"": 0, ""dom64"": 0, ""dom128"": 0}",True,2|3|5,True,True
copy,True,True,False,False,False,False,False,False,False,False,False,False,"[{""mult"": 20, ""H"": true, ""M"": true, ""S"": false}, {""mult"": 100, ""H"": true, ""M"": true, ""S"": true}]",True,"{""dom32"": 0, ""dom64"": 0, ""dom128"": 0}",True,2|3|5,True,True
could,True,False,True,False,False,False,False,False,False,False,False,False,"[{""mult"": 20, ""H"": true, ""M"": true, ""S"": true}, {""mult"": 100, ""H"": true, ""M"": true, ""S"": true}]",True,"{""dom32"": 0, ""dom64"": 0, ""dom128"": 0}",True,2|3|7,True,True
creative,True,True,True,False,False,False,False,False,False,False,False,False,"[{""mult"": 20, ""H"": true, ""M"": true, ""S"": true}, {""mult"": 100, ""H"": true, ""M"": true, ""S"": true}]",True,"{""dom32"": 0, ""dom64"": 0, ""dom128"": 0}",True,2|3|5,True,True
criteria,False,True,True,False,False,False,False,False,False,False,False,False,"[{""mult"": 20, ""H"": false, ""M"": true, ""S"": true}, {""mult"": 100, ""H"": true, ""M"": true, ""S"": true}]",True,"{""dom32"": 0, ""dom64"": 0, ""dom128"": 0}",True,2|3|5,True,True
critical,False,False,True,False,False,False,False,False,False,False,False,False,"[{""mult"": 20, ""H"": false, ""M"": false, ""S"": true}, {""mult"": 100, ""H"": true, ""M"": true, ""S"": true}]",True,"{""dom32"": 0, ""dom64"": 0, ""dom128"": 0}",True,2|3|7,True,True
database,True,True,True,False,False,False,False,False,False,False,False,False,"[{""mult"": 20, ""H"": true, ""M"": true, ""S"": true}, {""mult"": 100, ""H"": true, ""M"": true, ""S"": true}]",True,"{""dom32"": 0, ""dom64"": 0, ""dom128"": 0}",True,2|3|5,True,True
de,True,True,True,False,False,False,False,False,False,False,False,False,"[{""mult"": 20, ""H"": true, ""M"": true, ""S"": true}, {""mult"": 100, ""H"": true, ""M"": true, ""S"": true}]",True,"{""dom32"": 0, ""dom64"": 0, ""dom128"": 0}",True,2|3|5,True,True
default,False,False,False,False,False,False,False,False,False,False,False,False,"[{""mult"": 20, ""H"": false, ""M"": true, ""S"": true}, {""mult"": 100, ""H"": false, ""M"": true, ""S"": true}]",True,"{""dom32"": 0, ""dom64"": 0, ""dom128"": 0}",True,2|3|5,False,True
define,False,True,False,False,False,False,False,False,False,False,False,False,"[{""mult"": 20, ""H"": false, ""M"": true, ""S"": true}, {""mult"": 100, ""H"": false, ""M"": true, ""S"": true}]",True,"{""dom32"": 0, ""dom64"": 0, ""dom128"": 0}",True,2|3|5,True,True
dict,False,True,True,False,False,False,False,False,False,False,False,False,"[{""mult"": 20, ""H"": false, ""M"": true, ""S"": true}, {""mult"": 100, ""H"": false, ""M"": true, ""S"": true}]",True,"{""dom32"": 0, ""dom64"": 0, ""dom128"": 0}",True,2|3|5,True,True
discovery,False,False,True,False,False,False,False,False,False,False,False,False,"[{""mult"": 20, ""H"": false, ""M"": false, ""S"": true}, {""mult"": 100, ""H"": false, ""M"": true, ""S"": true}]",True,"{""dom32"": 0, ""dom64"": 0, ""dom128"": 0}",True,2|3|19,True,True
do,True,True,False,False,False,False,False,False,False,False,False,False,"[{""mult"": 20, ""H"": true, ""M"": true, ""S"": false}, {""mult"": 100, ""H"": true, ""M"": true, ""S"": true}]",True,"{""dom32"": 0, ""dom64"": 0, ""dom128"": 0}",True,2|3|5,True,True
documentation,True,True,False,False,False,False,False,False,False,False,False,False,"[{""mult"": 20, ""H"": true, ""M"": true, ""S"": false}, {""mult"": 100, ""H"": true, ""M"": true, ""S"": true}]",True,"{""dom32"": 0, ""dom64"": 0, ""dom128"": 0}",True,2|3|5,True,True
domain_context,True,True,True,False,False,False,False,False,False,False,False,False,"[{""mult"": 20, ""H"": true, ""M"": true, ""S"": true}, {""mult"": 100, ""H"": true, ""M"": true, ""S"": true}]",True,"{""dom32"": 0, ""dom64"": 0, ""dom128"": 0}",True,2|3|7,True,True
dtt,True,False,True,False,False,False,False,False,False,False,False,False,"[{""mult"": 20, ""H"": true, ""M"": true, ""S"": true}, {""mult"": 100, ""H"": true, ""M"": true, ""S"": true}]",True,"{""dom32"": 0, ""dom64"": 0, ""dom128"": 0}",True,2|3|5,True,True
due,False,False,True,False,False,False,False,False,False,False,False,False,"[{""mult"": 20, ""H"": false, ""M"": false, ""S"": true}, {""mult"": 100, ""H"": true, ""M"": true, ""S"": true}]",True,"{""dom32"": 0, ""dom64"": 0, ""dom128"": 0}",True,2|3|7,True,True
during,False,True,True,False,False,False,False,False,False,False,False,False,"[{""mult"": 20, ""H"": false, ""M"": true, ""S"": true}, {""mult"": 100, ""H"": true, ""M"": true, ""S"": true}]",True,"{""dom32"": 0, ""dom64"": 0, ""dom128"": 0}",True,2|3|5,True,True
efficiency,False,True,True,False,False,False,False,False,False,False,False,False,"[{""mult"": 20, ""H"": false, ""M"": true, ""S"": true}, {""mult"": 100, ""H"": true, ""M"": true, ""S"": true}]",True,"{""dom32"": 0, ""dom64"": 0, ""dom128"": 0}",True,2|3|5,True,True
empty,False,True,True,False,False,False,False,False,False,False,False,False,"[{""mult"": 20, ""H"": false, ""M"": true, ""S"": true}, {""mult"": 100, ""H"": true, ""M"": true, ""S"": true}]",True,"{""dom32"": 0, ""dom64"": 0, ""dom128"": 0}",True,2|3|41,True,True
enhanced,False,True,True,False,False,False,False,False,False,False,False,False,"[{""mult"": 20, ""H"": false, ""M"": true, ""S"": true}, {""mult"": 100, ""H"": false, ""M"": true, ""S"": true}]",True,"{""dom32"": 0, ""dom64"": 0, ""dom128"": 0}",True,2|3|5,True,True
entire,False,True,False,False,False,False,False,False,False,False,False,False,"[{""mult"": 20, ""H"": false, ""M"": true, ""S"": true}, {""mult"": 100, ""H"": false, ""M"": true, ""S"": true}]",True,"{""dom32"": 0, ""dom64"": 0, ""dom128"": 0}",True,2|3|5,True,True
environment,False,False,False,False,False,False,False,False,False,False,False,False,"[{""mult"": 20, ""H"": false, ""M"": true, ""S"": true}, {""mult"": 100, ""H"": false, ""M"": true, ""S"": true}]",True,"{""dom32"": 0, ""dom64"": 0, ""dom128"": 0}",True,2|3|17,False,True
evidence_level,False,True,True,False,False,False,False,False,False,False,False,False,"[{""mult"": 20, ""H"": false, ""M"": true, ""S"": true}, {""mult"": 100, ""H"": false, ""M"": true, ""S"": true}]",True,"{""dom32"": 0, ""dom64"": 0, ""dom128"": 0}",True,2|3|5,True,True
execution,True,True,True,False,False,False,False,False,False,False,False,False,"[{""mult"": 20, ""H"": true, ""M"": true, ""S"": true}, {""mult"": 100, ""H"": true, ""M"": true, ""S"": true}]",True,"{""dom32"": 0, ""dom64"": 0, ""dom128"": 0}",True,2|3|5,True,True
execution_time,True,False,False,False,False,False,False,False,False,False,False,False,"[{""mult"": 20, ""H"": true, ""M"": true, ""S"": false}, {""mult"": 100, ""H"": true, ""M"": true, ""S"": true}]",True,"{""dom32"": 0, ""dom64"": 0, ""dom128"": 0}",True,2|3|41,True,True
existing,True,False,False,False,False,False,False,False,False,False,False,False,"[{""mult"": 20, ""H"": true, ""M"": false, ""S"": false}, {""mult"": 100, ""H"": true, ""M"": true, ""S"": true}]",True,"{""dom32"": 0, ""dom64"": 0, ""dom128"": 0}",True,2|3|7,True,True
exploration,True,True,False,False,False,False,False,False,False,False,False,False,"[{""mult"": 20, ""H"": true, ""M"": true, ""S"": false}, {""mult"": 100, ""H"": true, ""M"": true, ""S"": true}]",True,"{""dom32"": 0, ""dom64"": 0, ""dom128"": 0}",True,2|3|5,True,True
exploring,False,True,True,False,False,False,False,False,False,False,False,False,"[{""mult"": 20, ""H"": false, ""M"": true, ""S"": true}, {""mult"": 100, ""H"": true, ""M"": true, ""S"": true}]",True,"{""dom32"": 0, ""dom64"": 0, ""dom128"": 0}",True,2|3|5,True,True
extensions,False,True,True,False,False,False,False,False,False,False,False,False,"[{""mult"": 20, ""H"": false, ""M"": true, ""S"": true}, {""mult"": 100, ""H"": true, ""M"": true, ""S"": true}]",True,"{""dom32"": 0, ""dom64"": 0, ""dom128"": 0}",True,2|3|5,True,True
final,False,True,True,False,False,False,False,False,False,False,False,False,"[{""mult"": 20, ""H"": false, ""M"": true, ""S"": true}, {""mult"": 100, ""H"": true, ""M"": true, ""S"": true}]",True,"{""dom32"": 0, ""dom64"": 0, ""dom128"": 0}",True,2|3|7,True,True
focus,False,True,True,False,False,False,False,False,False,False,False,False,"[{""mult"": 20, ""H"": false, ""M"": true, ""S"": true}, {""mult"": 100, ""H"": true, ""M"": true, ""S"": true}]",True,"{""dom32"": 0, ""dom64"": 0, ""dom128"": 0}",True,2|3|5,True,True
for,True,True,True,False,False,False,False,False,False,False,False,True,"[{""mult"": 20, ""H"": true, ""M"": true, ""S"": true}, {""mult"": 100, ""H"": true, ""M"": true, ""S"": true}]",True,"{""dom32"": 0, ""dom64"": 0, ""dom128"": 0}",True,2|3|5,True,True
form,True,False,True,False,False,False,False,False,False,False,False,False,"[{""mult"": 20, ""H"": true, ""M"": true, ""S"": true}, {""mult"": 100, ""H"": true, ""M"": true, ""S"": true}]",True,"{""dom32"": 0, ""dom64"": 0, ""dom128"": 0}",True,2|3|5,True,True
formula,True,True,False,False,False,False,False,False,False,False,False,False,"[{""mult"": 20, ""H"": true, ""M"": true, ""S"": true}, {""mult"": 100, ""H"": true, ""M"": true, ""S"": true}]",True,"{""dom32"": 0, ""dom64"": 0, ""dom128"": 0}",True,2|3|5,True,True
forward,True,True,False,False,False,False,False,False,False,False,False,False,"[{""mult"": 20, ""H"": true, ""M"": true, ""S"": true}, {""mult"": 100, ""H"": true, ""M"": true, ""S"": true}]",True,"{""dom32"": 0, ""dom64"": 0, ""dom128"": 0}",True,2|3|5,True,True
found,True,False,True,False,False,False,False,False,False,False,False,False,"[{""mult"": 20, ""H"": true, ""M"": false, ""S"": true}, {""mult"": 100, ""H"": true, ""M"": true, ""S"": true}]",True,"{""dom32"": 0, ""dom64"": 0, ""dom128"": 0}",True,2|3|5,True,True
framework,True,True,True,False,False,False,False,False,False,False,False,False,"[{""mult"": 20, ""H"": true, ""M"": true, ""S"": true}, {""mult"": 100, ""H"": true, ""M"": true, ""S"": true}]",True,"{""dom32"": 0, ""dom64"": 0, ""dom128"": 0}",True,2|3|5,True,True
full,False,True,True,False,False,False,False,False,False,False,False,False,"[{""mult"": 20, ""H"": false, ""M"": true, ""S"": true}, {""mult"": 100, ""H"": false, ""M"": true, ""S"": true}]",True,"{""dom32"": 0, ""dom64"": 0, ""dom128"": 0}",True,2|3|5,True,True
function,True,True,True,False,False,False,False,False,False,False,False,False,"[{""mult"": 20, ""H"": true, ""M"": true, ""S"": true}, {""mult"": 100, ""H"": true, ""M"": true, ""S"": true}]",True,"{""dom32"": 0, ""dom64"": 0, ""dom128"": 0}",True,2|3|61,True,True
functions,True,False,True,False,False,False,False,False,False,False,False,False,"[{""mult"": 20, ""H"": true, ""M"": true, ""S"": true}, {""mult"": 100, ""H"": true, ""M"": true, ""S"": true}]",True,"{""dom32"": 0, ""dom64"": 0, ""dom128"": 0}",True,2|3|5,True,True
further,True,True,True,False,False,False,False,False,False,False,False,False,"[{""mult"": 20, ""H"": true, ""M"": true, ""S"": true}, {""mult"": 100, ""H"": true, ""M"": true, ""S"": true}]",True,"{""dom32"": 0, ""dom64"": 0, ""dom128"": 0}",True,2|3|7,True,True
generate,True,True,True,False,False,False,False,False,False,False,False,True,"[{""mult"": 20, ""H"": true, ""M"": true, ""S"": true}, {""mult"": 100, ""H"": true, ""M"": true, ""S"": true}]",True,"{""dom32"": 0, ""dom64"": 0, ""dom128"": 0}",True,2|3|5,True,True
get,True,False,False,False,False,False,False,False,False,False,False,False,"[{""mult"": 20, ""H"": true, ""M"": false, ""S"": true}, {""mult"": 100, ""H"": true, ""M"": true, ""S"": true}]",True,"{""dom32"": 0, ""dom64"": 0, ""dom128"": 0}",True,2|3|7,True,True
given,False,True,False,False,False,False,False,False,False,False,False,False,"[{""mult"": 20, ""H"": false, ""M"": true, ""S"": true}, {""mult"": 100, ""H"": false, ""M"": true, ""S"": true}]",True,"{""dom32"": 0, ""dom64"": 0, ""dom128"": 0}",True,2|3|5,True,True
golden,False,True,True,False,False,False,False,False,False,False,False,False,"[{""mult"": 20, ""H"": false, ""M"": true, ""S"": true}, {""mult"": 100, ""H"": false, ""M"": true, ""S"": true}]",True,"{""dom32"": 0, ""dom64"": 0, ""dom128"": 0}",True,2|3|7,True,True
graph,False,True,True,False,False,False,False,False,False,False,False,False,"[{""mult"": 20, ""H"": false, ""M"": true, ""S"": true}, {""mult"": 100, ""H"": false, ""M"": true, ""S"": true}]",True,"{""dom32"": 0, ""dom64"": 0, ""dom128"": 0}",True,2|3|11,True,True
has,False,True,False,False,False,False,False,False,False,False,False,False,"[{""mult"": 20, ""H"": false, ""M"": true, ""S"": false}, {""mult"": 100, ""H"": false, ""M"": true, ""S"": true}]",True,"{""dom32"": 0, ""dom64"": 0, ""dom128"": 0}",True,2|3|5,True,True
hash,True,True,False,False,False,False,False,False,False,False,False,False,"[{""mult"": 20, ""H"": true, ""M"": true, ""S"": false}, {""mult"": 100, ""H"": true, ""M"": true, ""S"": true}]",True,"{""dom32"": 0, ""dom64"": 0, ""dom128"": 0}",True,2|3|7,True,True
high,True,True,True,False,False,False,False,False,False,False,False,False,"[{""mult"": 20, ""H"": true, ""M"": true, ""S"": true}, {""mult"": 100, ""H"": true, ""M"": true, ""S"": true}]",True,"{""dom32"": 0, ""dom64"": 0, ""dom128"": 0}",True,2|3|5,True,True
hodge,False,True,False,False,False,False,False,False,False,False,False,False,"[{""mult"": 20, ""H"": false, ""M"": true, ""S"": false}, {""mult"": 100, ""H"": true, ""M"": true, ""S"": true}]",True,"{""dom32"": 0, ""dom64"": 0, ""dom128"": 0}",True,2|3|5,True,True
hypothesis,True,True,True,False,False,False,False,False,False,False,False,False,"[{""mult"": 20, ""H"": true, ""M"": true, ""S"": true}, {""mult"": 100, ""H"": true, ""M"": true, ""S"": true}]",True,"{""dom32"": 0, ""dom64"": 0, ""dom128"": 0}",True,2|3|5,True,True
implement,False,True,True,False,False,False,False,False,False,False,False,False,"[{""mult"": 20, ""H"": false, ""M"": true, ""S"": true}, {""mult"": 100, ""H"": true, ""M"": true, ""S"": true}]",True,"{""dom32"": 0, ""dom64"": 0, ""dom128"": 0}",True,2|3|5,True,True
include,False,False,True,False,False,False,False,False,False,False,False,False,"[{""mult"": 20, ""H"": false, ""M"": true, ""S"": true}, {""mult"": 100, ""H"": true, ""M"": true, ""S"": true}]",True,"{""dom32"": 0, ""dom64"": 0, ""dom128"": 0}",True,2|3|5,True,True
initialize,False,True,True,False,False,False,False,False,False,False,False,False,"[{""mult"": 20, ""H"": false, ""M"": true, ""S"": true}, {""mult"": 100, ""H"": true, ""M"": true, ""S"": true}]",True,"{""dom32"": 0, ""dom64"": 0, ""dom128"": 0}",True,2|3|7,True,True
insights,False,True,False,False,False,False,False,False,False,False,False,False,"[{""mult"": 20, ""H"": false, ""M"": true, ""S"": true}, {""mult"": 100, ""H"": true, ""M"": true, ""S"": true}]",True,"{""dom32"": 0, ""dom64"": 0, ""dom128"": 0}",True,2|3|5,True,True
interaction,False,False,False,False,False,False,False,False,False,False,False,False,"[{""mult"": 20, ""H"": false, ""M"": false, ""S"": true}, {""mult"": 100, ""H"": false, ""M"": true, ""S"": true}]",True,"{""dom32"": 0, ""dom64"": 0, ""dom128"": 0}",True,2|3|5,False,True
is_valid_permutation,False,True,False,False,False,False,False,False,False,False,False,False,"[{""mult"": 20, ""H"": false, ""M"": true, ""S"": true}, {""mult"": 100, ""H"": false, ""M"": true, ""S"": true}]",True,"{""dom32"": 0, ""dom64"": 0, ""dom128"": 0}",True,2|3|7,True,True
item,False,True,True,False,False,False,False,False,False,False,False,False,"[{""mult"": 20, ""H"": false, ""M"": true, ""S"": true}, {""mult"": 100, ""H"": false, ""M"": true, ""S"": true}]",True,"{""dom32"": 0, ""dom64"": 0, ""dom128"": 0}",True,2|3|11,True,True
k-mer,False,True,True,False,False,False,False,False,False,False,False,False,"[{""mult"": 20, ""H"": false, ""M"": true, ""S"": true}, {""mult"": 100, ""H"": false, ""M"": true, ""S"": true}]",True,"{""dom32"": 0, ""dom64"": 0, ""dom128"": 0}",True,2|3|5,True,True
key,True,False,False,False,False,False,False,False,False,False,False,False,"[{""mult"": 20, ""H"": true, ""M"": true, ""S"": false}, {""mult"": 100, ""H"": true, ""M"": true, ""S"": true}]",True,"{""dom32"": 0, ""dom64"": 0, ""dom128"": 0}",True,2|3|11,True,True
knowledge,True,False,False,False,False,False,False,False,False,False,False,False,"[{""mult"": 20, ""H"": true, ""M"": false, ""S"": false}, {""mult"": 100, ""H"": true, ""M"": true, ""S"": true}]",True,"{""dom32"": 0, ""dom64"": 0, ""dom128"": 0}",True,2|3|5,True,True
lambda,True,True,True,False,False,False,False,False,False,False,False,False,"[{""mult"": 20, ""H"": true, ""M"": true, ""S"": true}, {""mult"": 100, ""H"": true, ""M"": true, ""S"": true}]",True,"{""dom32"": 0, ""dom64"": 0, ""dom128"": 0}",True,2|3|7,True,True
laminate,False,True,False,False,False,False,False,False,False,False,False,False,"[{""mult"": 20, ""H"": false, ""M"": true, ""S"": true}, {""mult"": 100, ""H"": false, ""M"": true, ""S"": true}]",True,"{""dom32"": 0, ""dom64"": 0, ""dom128"": 0}",True,2|3|5,True,True
law,False,True,True,False,False,False,False,False,False,False,False,False,"[{""mult"": 20, ""H"": false, ""M"": true, ""S"": true}, {""mult"": 100, ""H"": true, ""M"": true, ""S"": true}]",True,"{""dom32"": 0, ""dom64"": 0, ""dom128"": 0}",True,2|3|5,True,True
len,False,True,True,False,False,False,False,False,False,False,False,False,"[{""mult"": 20, ""H"": false, ""M"": true, ""S"": true}, {""mult"": 100, ""H"": false, ""M"": true, ""S"": true}]",True,"{""dom32"": 0, ""dom64"": 0, ""dom128"": 0}",True,2|3|5,True,True
limbo_list,False,False,True,False,False,False,False,False,False,False,False,False,"[{""mult"": 20, ""H"": false, ""M"": true, ""S"": true}, {""mult"": 100, ""H"": true, ""M"": true, ""S"": true}]",True,"{""dom32"": 0, ""dom64"": 0, ""dom128"": 0}",True,2|3|7,True,True
linalg,False,True,True,False,False,False,False,False,False,False,False,False,"[{""mult"": 20, ""H"": false, ""M"": true, ""S"": true}, {""mult"": 100, ""H"": true, ""M"": true, ""S"": true}]",True,"{""dom32"": 0, ""dom64"": 0, ""dom128"": 0}",True,2|3|7,True,True
log,False,True,False,False,False,False,False,False,False,False,True,False,"[{""mult"": 20, ""H"": false, ""M"": true, ""S"": true}, {""mult"": 100, ""H"": false, ""M"": true, ""S"": true}]",True,"{""dom32"": 0, ""dom64"": 0, ""dom128"": 0}",True,2|3|17,True,True
logger,False,False,False,False,False,False,False,False,False,False,False,False,"[{""mult"": 20, ""H"": false, ""M"": false, ""S"": true}, {""mult"": 100, ""H"": false, ""M"": true, ""S"": true}]",True,"{""dom32"": 0, ""dom64"": 0, ""dom128"": 0}",True,2|3|5,False,True
logic,False,True,True,False,False,False,False,False,False,False,False,False,"[{""mult"": 20, ""H"": false, ""M"": true, ""S"": true}, {""mult"": 100, ""H"": false, ""M"": true, ""S"": true}]",True,"{""dom32"": 0, ""dom64"": 0, ""dom128"": 0}",True,2|3|5,True,True
map,False,True,True,False,False,False,False,False,False,False,False,False,"[{""mult"": 20, ""H"": false, ""M"": true, ""S"": true}, {""mult"": 100, ""H"": false, ""M"": true, ""S"": true}]",True,"{""dom32"": 0, ""dom64"": 0, ""dom128"": 0}",True,2|3|5,True,True
mass,True,True,False,False,False,False,False,False,False,False,False,False,"[{""mult"": 20, ""H"": true, ""M"": true, ""S"": false}, {""mult"": 100, ""H"": true, ""M"": true, ""S"": true}]",True,"{""dom32"": 0, ""dom64"": 0, ""dom128"": 0}",True,2|3|7,True,True
math,False,False,True,False,False,False,False,False,False,False,False,False,"[{""mult"": 20, ""H"": false, ""M"": true, ""S"": true}, {""mult"": 100, ""H"": true, ""M"": true, ""S"": true}]",True,"{""dom32"": 0, ""dom64"": 0, ""dom128"": 0}",True,2|3|5,True,True
me,False,False,True,False,False,False,False,False,False,False,False,False,"[{""mult"": 20, ""H"": false, ""M"": false, ""S"": true}, {""mult"": 100, ""H"": false, ""M"": true, ""S"": true}]",True,"{""dom32"": 0, ""dom64"": 0, ""dom128"": 0}",True,2|3|13,True,True
method,True,False,True,False,False,False,False,False,False,False,False,False,"[{""mult"": 20, ""H"": true, ""M"": false, ""S"": true}, {""mult"": 100, ""H"": true, ""M"": true, ""S"": true}]",True,"{""dom32"": 0, ""dom64"": 0, ""dom128"": 0}",True,2|3|5,True,True
methods,False,True,True,False,False,False,False,True,False,False,False,False,"[{""mult"": 20, ""H"": false, ""M"": true, ""S"": true}, {""mult"": 100, ""H"": true, ""M"": true, ""S"": true}]",True,"{""dom32"": 0, ""dom64"": 0, ""dom128"": 0}",True,2|3|5,True,True
metrics,True,True,True,False,False,False,False,False,False,False,False,False,"[{""mult"": 20, ""H"": true, ""M"": true, ""S"": true}, {""mult"": 100, ""H"": true, ""M"": true, ""S"": true}]",True,"{""dom32"": 0, ""dom64"": 0, ""dom128"": 0}",True,2|3|7,True,True
min,False,False,True,False,False,False,False,False,False,False,False,False,"[{""mult"": 20, ""H"": false, ""M"": false, ""S"": true}, {""mult"": 100, ""H"": true, ""M"": true, ""S"": true}]",True,"{""dom32"": 0, ""dom64"": 0, ""dom128"": 0}",True,2|3|5,True,True
missing,True,True,True,False,False,False,False,False,False,False,False,False,"[{""mult"": 20, ""H"": true, ""M"": true, ""S"": true}, {""mult"": 100, ""H"": true, ""M"": true, ""S"": true}]",True,"{""dom32"": 0, ""dom64"": 0, ""dom128"": 0}",True,2|3|5,True,True
moderate,False,False,False,False,False,False,False,False,False,False,False,False,"[{""mult"": 20, ""H"": false, ""M"": true, ""S"": true}, {""mult"": 100, ""H"": false, ""M"": true, ""S"": true}]",True,"{""dom32"": 0, ""dom64"": 0, ""dom128"": 0}",True,2|3|5,False,True
most,False,False,True,False,False,False,False,False,False,False,False,False,"[{""mult"": 20, ""H"": false, ""M"": false, ""S"": true}, {""mult"": 100, ""H"": false, ""M"": true, ""S"": true}]",True,"{""dom32"": 0, ""dom64"": 0, ""dom128"": 0}",True,2|3|5,True,True
name__,False,True,True,False,False,False,False,False,False,False,False,False,"[{""mult"": 20, ""H"": false, ""M"": true, ""S"": true}, {""mult"": 100, ""H"": true, ""M"": true, ""S"": true}]",True,"{""dom32"": 0, ""dom64"": 0, ""dom128"": 0}",True,2|3|5,True,True
needed,True,False,False,False,False,False,False,False,False,False,False,False,"[{""mult"": 20, ""H"": true, ""M"": true, ""S"": false}, {""mult"": 100, ""H"": true, ""M"": true, ""S"": true}]",True,"{""dom32"": 0, ""dom64"": 0, ""dom128"": 0}",True,2|3|7,True,True
next,True,True,False,False,False,False,False,False,False,False,False,False,"[{""mult"": 20, ""H"": true, ""M"": true, ""S"": false}, {""mult"": 100, ""H"": true, ""M"": true, ""S"": true}]",True,"{""dom32"": 0, ""dom64"": 0, ""dom128"": 0}",True,2|3|7,True,True
no,True,True,True,False,False,False,False,False,False,False,False,False,"[{""mult"": 20, ""H"": true, ""M"": true, ""S"": true}, {""mult"": 100, ""H"": true, ""M"": true, ""S"": true}]",True,"{""dom32"": 0, ""dom64"": 0, ""dom128"": 0}",True,2|3|5,True,True
not,True,False,True,False,False,False,False,False,False,False,False,False,"[{""mult"": 20, ""H"": true, ""M"": false, ""S"": true}, {""mult"": 100, ""H"": true, ""M"": true, ""S"": true}]",True,"{""dom32"": 0, ""dom64"": 0, ""dom128"": 0}",True,2|3|41,True,True
np,True,True,True,False,False,False,False,False,False,False,False,False,"[{""mult"": 20, ""H"": true, ""M"": true, ""S"": true}, {""mult"": 100, ""H"": true, ""M"": true, ""S"": true}]",True,"{""dom32"": 0, ""dom64"": 0, ""dom128"": 0}",True,2|3|5,True,True
objective,False,True,True,False,False,False,False,False,False,False,False,False,"[{""mult"": 20, ""H"": false, ""M"": true, ""S"": true}, {""mult"": 100, ""H"": true, ""M"": true, ""S"": true}]",True,"{""dom32"": 0, ""dom64"": 0, ""dom128"": 0}",True,2|3|5,True,True
or,False,True,True,False,False,False,False,False,False,False,False,False,"[{""mult"": 20, ""H"": false, ""M"": true, ""S"": true}, {""mult"": 100, ""H"": true, ""M"": true, ""S"": true}]",True,"{""dom32"": 0, ""dom64"": 0, ""dom128"": 0}",True,2|3|11,True,True
parity,False,False,True,False,False,False,False,False,False,False,False,False,"[{""mult"": 20, ""H"": false, ""M"": true, ""S"": true}, {""mult"": 100, ""H"": true, ""M"": true, ""S"": true}]",True,"{""dom32"": 0, ""dom64"": 0, ""dom128"": 0}",True,2|3|7,True,True
performance,False,False,True,False,False,False,False,False,False,False,False,False,"[{""mult"": 20, ""H"": false, ""M"": false, ""S"": true}, {""mult"": 100, ""H"": true, ""M"": true, ""S"": true}]",True,"{""dom32"": 0, ""dom64"": 0, ""dom128"": 0}",True,2|3|5,True,True
perm,False,True,False,False,False,False,False,False,False,False,False,False,"[{""mult"": 20, ""H"": false, ""M"": true, ""S"": false}, {""mult"": 100, ""H"": true, ""M"": true, ""S"": true}]",True,"{""dom32"": 0, ""dom64"": 0, ""dom128"": 0}",True,2|3|5,True,True
permutation,False,False,True,False,False,False,False,False,False,False,False,False,"[{""mult"": 20, ""H"": false, ""M"": true, ""S"": true}, {""mult"": 100, ""H"": false, ""M"": true, ""S"": true}]",True,"{""dom32"": 0, ""dom64"": 0, ""dom128"": 0}",True,2|3|5,True,True
permutations,False,False,True,False,False,False,False,False,False,False,False,False,"[{""mult"": 20, ""H"": false, ""M"": false, ""S"": true}, {""mult"": 100, ""H"": false, ""M"": true, ""S"": true}]",True,"{""dom32"": 0, ""dom64"": 0, ""dom128"": 0}",True,2|3|5,True,True
potential,True,True,True,False,False,False,False,False,False,False,False,False,"[{""mult"": 20, ""H"": true, ""M"": true, ""S"": true}, {""mult"": 100, ""H"": true, ""M"": true, ""S"": true}]",True,"{""dom32"": 0, ""dom64"": 0, ""dom128"": 0}",True,2|3|5,True,True
preservation,True,False,False,False,False,False,False,False,False,False,False,False,"[{""mult"": 20, ""H"": true, ""M"": true, ""S"": false}, {""mult"": 100, ""H"": true, ""M"": true, ""S"": true}]",True,"{""dom32"": 0, ""dom64"": 0, ""dom128"": 0}",True,2|3|7,True,True
priority,True,True,True,False,False,False,False,False,False,False,False,False,"[{""mult"": 20, ""H"": true, ""M"": true, ""S"": true}, {""mult"": 100, ""H"": true, ""M"": true, ""S"": true}]",True,"{""dom32"": 0, ""dom64"": 0, ""dom128"": 0}",True,2|3|5,True,True
progress,True,True,True,False,False,False,False,False,False,False,False,False,"[{""mult"": 20, ""H"": true, ""M"": true, ""S"": true}, {""mult"": 100, ""H"": true, ""M"": true, ""S"": true}]",True,"{""dom32"": 0, ""dom64"": 0, ""dom128"": 0}",True,2|3|5,True,True
proof,True,False,True,False,False,False,False,False,False,False,False,False,"[{""mult"": 20, ""H"": true, ""M"": false, ""S"": true}, {""mult"": 100, ""H"": true, ""M"": true, ""S"": true}]",True,"{""dom32"": 0, ""dom64"": 0, ""dom128"": 0}",True,2|3|7,True,True
py,False,True,True,False,False,False,False,False,False,False,False,False,"[{""mult"": 20, ""H"": false, ""M"": true, ""S"": true}, {""mult"": 100, ""H"": true, ""M"": true, ""S"": true}]",True,"{""dom32"": 0, ""dom64"": 0, ""dom128"": 0}",True,2|3|5,True,True
pytest,False,True,True,False,False,False,False,False,False,False,False,False,"[{""mult"": 20, ""H"": false, ""M"": true, ""S"": true}, {""mult"": 100, ""H"": true, ""M"": true, ""S"": true}]",True,"{""dom32"": 0, ""dom64"": 0, ""dom128"": 0}",True,2|3|5,True,True
quantum,False,True,True,False,False,False,False,False,False,False,False,False,"[{""mult"": 20, ""H"": false, ""M"": true, ""S"": true}, {""mult"": 100, ""H"": true, ""M"": true, ""S"": true}]",True,"{""dom32"": 0, ""dom64"": 0, ""dom128"": 0}",True,2|3|5,True,True
ratio,False,False,True,False,False,False,False,False,False,False,False,False,"[{""mult"": 20, ""H"": false, ""M"": true, ""S"": true}, {""mult"": 100, ""H"": true, ""M"": true, ""S"": true}]",True,"{""dom32"": 0, ""dom64"": 0, ""dom128"": 0}",True,2|3|7,True,True
re,False,False,False,False,False,False,False,False,False,False,False,False,"[{""mult"": 20, ""H"": false, ""M"": false, ""S"": true}, {""mult"": 100, ""H"": false, ""M"": true, ""S"": true}]",True,"{""dom32"": 0, ""dom64"": 0, ""dom128"": 0}",True,2|3|7,False,True
real,False,True,False,False,False,False,False,False,False,False,False,False,"[{""mult"": 20, ""H"": false, ""M"": true, ""S"": true}, {""mult"": 100, ""H"": false, ""M"": true, ""S"": true}]",True,"{""dom32"": 0, ""dom64"": 0, ""dom128"": 0}",True,2|3|5,True,True
recursive,False,True,False,False,False,False,False,False,False,False,False,False,"[{""mult"": 20, ""H"": false, ""M"": true, ""S"": true}, {""mult"": 100, ""H"": false, ""M"": true, ""S"": true}]",True,"{""dom32"": 0, ""dom64"": 0, ""dom128"": 0}",True,2|3|5,True,True
reference_channels,False,True,True,False,False,False,False,False,False,False,False,False,"[{""mult"": 20, ""H"": false, ""M"": true, ""S"": true}, {""mult"": 100, ""H"": false, ""M"": true, ""S"": true}]",True,"{""dom32"": 0, ""dom64"": 0, ""dom128"": 0}",True,2|3|11,True,True
refine,True,True,False,False,False,False,False,False,False,False,False,False,"[{""mult"": 20, ""H"": true, ""M"": true, ""S"": false}, {""mult"": 100, ""H"": true, ""M"": true, ""S"": true}]",True,"{""dom32"": 0, ""dom64"": 0, ""dom128"": 0}",True,2|3|5,True,True
representation,True,True,False,False,False,False,False,False,False,False,False,False,"[{""mult"": 20, ""H"": true, ""M"": true, ""S"": false}, {""mult"": 100, ""H"": true, ""M"": true, ""S"": true}]",True,"{""dom32"": 0, ""dom64"": 0, ""dom128"": 0}",True,2|3|5,True,True
representations,True,True,False,False,False,False,False,False,False,False,False,False,"[{""mult"": 20, ""H"": true, ""M"": true, ""S"": false}, {""mult"": 100, ""H"": true, ""M"": true, ""S"": true}]",True,"{""dom32"": 0, ""dom64"": 0, ""dom128"": 0}",True,2|3|5,True,True
result,True,False,True,False,False,False,False,False,False,False,False,False,"[{""mult"": 20, ""H"": true, ""M"": true, ""S"": true}, {""mult"": 100, ""H"": true, ""M"": true, ""S"": true}]",True,"{""dom32"": 0, ""dom64"": 0, ""dom128"": 0}",True,2|3|5,True,True
roots,False,True,True,False,False,False,False,False,False,False,False,False,"[{""mult"": 20, ""H"": false, ""M"": true, ""S"": true}, {""mult"": 100, ""H"": true, ""M"": true, ""S"": true}]",True,"{""dom32"": 0, ""dom64"": 0, ""dom128"": 0}",True,2|3|5,True,True
rules,False,True,True,False,False,False,False,False,False,False,False,False,"[{""mult"": 20, ""H"": false, ""M"": true, ""S"": true}, {""mult"": 100, ""H"": true, ""M"": true, ""S"": true}]",True,"{""dom32"": 0, ""dom64"": 0, ""dom128"": 0}",True,2|3|5,True,True
run,False,False,True,False,False,False,False,False,False,False,False,False,"[{""mult"": 20, ""H"": false, ""M"": false, ""S"": true}, {""mult"": 100, ""H"": true, ""M"": true, ""S"": true}]",True,"{""dom32"": 0, ""dom64"": 0, ""dom128"": 0}",True,2|3|7,True,True
said,False,True,True,False,False,False,False,False,False,False,False,False,"[{""mult"": 20, ""H"": false, ""M"": true, ""S"": true}, {""mult"": 100, ""H"": true, ""M"": true, ""S"": true}]",True,"{""dom32"": 0, ""dom64"": 0, ""dom128"": 0}",True,2|3|11,True,True
scale,False,True,True,False,False,False,False,False,False,False,False,False,"[{""mult"": 20, ""H"": false, ""M"": true, ""S"": true}, {""mult"": 100, ""H"": false, ""M"": true, ""S"": true}]",True,"{""dom32"": 0, ""dom64"": 0, ""dom128"": 0}",True,2|3|37,True,True
score,False,False,True,False,False,False,False,False,False,False,False,True,"[{""mult"": 20, ""H"": false, ""M"": false, ""S"": true}, {""mult"": 100, ""H"": false, ""M"": true, ""S"": true}]",True,"{""dom32"": 0, ""dom64"": 0, ""dom128"": 0}",True,2|3|5,True,True
scores,False,True,False,False,False,False,False,False,False,False,False,False,"[{""mult"": 20, ""H"": false, ""M"": true, ""S"": true}, {""mult"": 100, ""H"": false, ""M"": true, ""S"": true}]",True,"{""dom32"": 0, ""dom64"": 0, ""dom128"": 0}",True,2|3|7,True,True
segment,False,True,True,False,False,False,False,False,False,False,False,False,"[{""mult"": 20, ""H"": false, ""M"": true, ""S"": true}, {""mult"": 100, ""H"": false, ""M"": true, ""S"": true}]",True,"{""dom32"": 0, ""dom64"": 0, ""dom128"": 0}",True,2|3|5,True,True
self,True,True,True,False,False,False,False,False,False,False,False,False,"[{""mult"": 20, ""H"": true, ""M"": true, ""S"": true}, {""mult"": 100, ""H"": true, ""M"": true, ""S"": true}]",True,"{""dom32"": 0, ""dom64"": 0, ""dom128"": 0}",True,2|3|13,True,True
separation,True,False,True,False,False,False,False,False,False,False,False,False,"[{""mult"": 20, ""H"": true, ""M"": true, ""S"": true}, {""mult"": 100, ""H"": true, ""M"": true, ""S"": true}]",True,"{""dom32"": 0, ""dom64"": 0, ""dom128"": 0}",True,2|3|7,True,True
setup,True,True,False,False,False,False,False,False,False,False,False,False,"[{""mult"": 20, ""H"": true, ""M"": true, ""S"": false}, {""mult"": 100, ""H"": true, ""M"": true, ""S"": true}]",True,"{""dom32"": 0, ""dom64"": 0, ""dom128"": 0}",True,2|3|11,True,True
shell,True,True,False,False,False,False,False,False,False,False,False,False,"[{""mult"": 20, ""H"": true, ""M"": true, ""S"": false}, {""mult"": 100, ""H"": true, ""M"": true, ""S"": true}]",True,"{""dom32"": 0, ""dom64"": 0, ""dom128"": 0}",True,2|3|5,True,True
show,False,False,True,False,False,False,False,False,False,False,False,False,"[{""mult"": 20, ""H"": false, ""M"": false, ""S"": true}, {""mult"": 100, ""H"": true, ""M"": true, ""S"": true}]",True,"{""dom32"": 0, ""dom64"": 0, ""dom128"": 0}",True,2|3|5,True,True
signs,False,True,True,False,False,False,False,False,False,False,False,False,"[{""mult"": 20, ""H"": false, ""M"": true, ""S"": true}, {""mult"": 100, ""H"": true, ""M"": true, ""S"": true}]",True,"{""dom32"": 0, ""dom64"": 0, ""dom128"": 0}",True,2|3|5,True,True
size,False,True,True,False,False,False,False,False,False,False,False,False,"[{""mult"": 20, ""H"": false, ""M"": true, ""S"": true}, {""mult"": 100, ""H"": true, ""M"": true, ""S"": true}]",True,"{""dom32"": 0, ""dom64"": 0, ""dom128"": 0}",True,2|3|5,True,True
solution,False,True,True,False,False,False,False,False,False,False,False,False,"[{""mult"": 20, ""H"": false, ""M"": true, ""S"": true}, {""mult"": 100, ""H"": true, ""M"": true, ""S"": true}]",True,"{""dom32"": 0, ""dom64"": 0, ""dom128"": 0}",True,2|3|5,True,True
specific,False,False,True,False,False,False,False,False,False,False,False,False,"[{""mult"": 20, ""H"": false, ""M"": true, ""S"": true}, {""mult"": 100, ""H"": false, ""M"": true, ""S"": true}]",True,"{""dom32"": 0, ""dom64"": 0, ""dom128"": 0}",True,2|3|11,True,True
sqrt,True,False,False,False,False,False,False,False,False,False,False,False,"[{""mult"": 20, ""H"": true, ""M"": true, ""S"": true}, {""mult"": 100, ""H"": true, ""M"": true, ""S"": true}]",True,"{""dom32"": 0, ""dom64"": 0, ""dom128"": 0}",True,2|3|7,True,True
start_time,False,True,False,False,False,False,False,False,False,False,False,False,"[{""mult"": 20, ""H"": false, ""M"": true, ""S"": true}, {""mult"": 100, ""H"": false, ""M"": true, ""S"": true}]",True,"{""dom32"": 0, ""dom64"": 0, ""dom128"": 0}",True,2|3|17,True,True
state,False,False,False,False,False,False,False,False,False,False,False,False,"[{""mult"": 20, ""H"": false, ""M"": true, ""S"": true}, {""mult"": 100, ""H"": false, ""M"": true, ""S"": true}]",True,"{""dom32"": 0, ""dom64"": 0, ""dom128"": 0}",True,2|3|5,False,True
status,False,True,False,False,False,False,False,False,False,False,False,False,"[{""mult"": 20, ""H"": false, ""M"": true, ""S"": false}, {""mult"": 100, ""H"": true, ""M"": true, ""S"": true}]",True,"{""dom32"": 0, ""dom64"": 0, ""dom128"": 0}",True,2|3|53,True,True
storage,True,True,True,False,False,False,False,False,False,False,False,False,"[{""mult"": 20, ""H"": true, ""M"": true, ""S"": true}, {""mult"": 100, ""H"": true, ""M"": true, ""S"": true}]",True,"{""dom32"": 0, ""dom64"": 0, ""dom128"": 0}",True,2|3|5,True,True
strong,True,False,False,False,False,False,False,False,False,False,False,False,"[{""mult"": 20, ""H"": true, ""M"": true, ""S"": false}, {""mult"": 100, ""H"": true, ""M"": true, ""S"": true}]",True,"{""dom32"": 0, ""dom64"": 0, ""dom128"": 0}",True,2|3|5,True,True
structures,True,True,False,False,False,False,False,False,False,False,False,False,"[{""mult"": 20, ""H"": true, ""M"": true, ""S"": false}, {""mult"": 100, ""H"": true, ""M"": true, ""S"": true}]",True,"{""dom32"": 0, ""dom64"": 0, ""dom128"": 0}",True,2|3|23,True,True
systematic,False,True,True,False,False,False,False,False,False,False,False,False,"[{""mult"": 20, ""H"": false, ""M"": true, ""S"": true}, {""mult"": 100, ""H"": false, ""M"": true, ""S"": true}]",True,"{""dom32"": 0, ""dom64"": 0, ""dom128"": 0}",True,2|3|5,True,True
tasks,False,False,True,False,False,False,False,False,False,False,False,False,"[{""mult"": 20, ""H"": false, ""M"": true, ""S"": true}, {""mult"": 100, ""H"": true, ""M"": true, ""S"": true}]",True,"{""dom32"": 0, ""dom64"": 0, ""dom128"": 0}",True,2|3|5,True,True
tested,False,True,True,False,False,False,False,False,False,False,False,False,"[{""mult"": 20, ""H"": false, ""M"": true, ""S"": true}, {""mult"": 100, ""H"": true, ""M"": true, ""S"": true}]",True,"{""dom32"": 0, ""dom64"": 0, ""dom128"": 0}",True,2|3|5,True,True
testing,False,True,True,False,False,False,False,False,False,False,False,False,"[{""mult"": 20, ""H"": false, ""M"": true, ""S"": true}, {""mult"": 100, ""H"": true, ""M"": true, ""S"": true}]",True,"{""dom32"": 0, ""dom64"": 0, ""dom128"": 0}",True,2|3|5,True,True
tests,False,False,True,False,False,False,False,False,False,False,False,False,"[{""mult"": 20, ""H"": false, ""M"": false, ""S"": true}, {""mult"": 100, ""H"": false, ""M"": true, ""S"": true}]",True,"{""dom32"": 0, ""dom64"": 0, ""dom128"": 0}",True,2|3|7,True,True
them,False,True,True,False,False,False,False,False,False,False,False,False,"[{""mult"": 20, ""H"": false, ""M"": true, ""S"": true}, {""mult"": 100, ""H"": false, ""M"": true, ""S"": true}]",True,"{""dom32"": 0, ""dom64"": 0, ""dom128"": 0}",True,2|3|5,True,True
theorem,False,True,False,False,False,False,False,False,False,False,False,False,"[{""mult"": 20, ""H"": false, ""M"": true, ""S"": false}, {""mult"": 100, ""H"": false, ""M"": true, ""S"": true}]",True,"{""dom32"": 0, ""dom64"": 0, ""dom128"": 0}",True,2|3|19,True,True
theory,False,True,False,False,False,False,False,False,False,False,False,False,"[{""mult"": 20, ""H"": false, ""M"": true, ""S"": true}, {""mult"": 100, ""H"": true, ""M"": true, ""S"": true}]",True,"{""dom32"": 0, ""dom64"": 0, ""dom128"": 0}",True,2|3|7,True,True
these,False,True,False,False,False,False,False,False,False,False,False,False,"[{""mult"": 20, ""H"": false, ""M"": true, ""S"": true}, {""mult"": 100, ""H"": true, ""M"": true, ""S"": true}]",True,"{""dom32"": 0, ""dom64"": 0, ""dom128"": 0}",True,2|3|5,True,True
three,True,False,True,False,False,False,False,False,False,False,False,False,"[{""mult"": 20, ""H"": true, ""M"": true, ""S"": true}, {""mult"": 100, ""H"": true, ""M"": true, ""S"": true}]",True,"{""dom32"": 0, ""dom64"": 0, ""dom128"": 0}",True,2|3|5,True,True
traversal,False,True,True,False,False,False,False,False,False,False,False,False,"[{""mult"": 20, ""H"": false, ""M"": true, ""S"": true}, {""mult"": 100, ""H"": false, ""M"": true, ""S"": true}]",True,"{""dom32"": 0, ""dom64"": 0, ""dom128"": 0}",True,2|3|13,True,True
truth,False,False,False,False,False,False,False,False,False,False,False,False,"[{""mult"": 100, ""H"": false, ""M"": true, ""S"": true}]",True,"{""dom32"": 0, ""dom64"": 0, ""dom128"": 0}",True,2|3|5,False,True
tuple,False,True,False,False,False,False,False,False,False,False,False,False,"[{""mult"": 20, ""H"": false, ""M"": true, ""S"": true}, {""mult"": 100, ""H"": true, ""M"": true, ""S"": true}]",True,"{""dom32"": 0, ""dom64"": 0, ""dom128"": 0}",True,2|3|7,True,True
turn,False,True,False,False,False,False,False,False,False,False,False,False,"[{""mult"": 20, ""H"": false, ""M"": true, ""S"": true}, {""mult"": 100, ""H"": true, ""M"": true, ""S"": true}]",True,"{""dom32"": 0, ""dom64"": 0, ""dom128"": 0}",True,2|3|5,True,True
type,False,True,False,False,False,False,False,False,False,False,False,False,"[{""mult"": 20, ""H"": false, ""M"": true, ""S"": true}, {""mult"": 100, ""H"": true, ""M"": true, ""S"": true}]",True,"{""dom32"": 0, ""dom64"": 0, ""dom128"": 0}",True,2|3|5,True,True
universal,True,False,True,False,False,False,False,False,False,False,False,False,"[{""mult"": 20, ""H"": true, ""M"": true, ""S"": true}, {""mult"": 100, ""H"": true, ""M"": true, ""S"": true}]",True,"{""dom32"": 0, ""dom64"": 0, ""dom128"": 0}",True,2|3|5,True,True
until,True,True,True,False,False,False,False,False,False,False,False,False,"[{""mult"": 20, ""H"": true, ""M"": true, ""S"": true}, {""mult"": 100, ""H"": true, ""M"": true, ""S"": true}]",True,"{""dom32"": 0, ""dom64"": 0, ""dom128"": 0}",True,2|3|5,True,True
used,False,True,False,False,False,False,False,False,False,False,False,False,"[{""mult"": 20, ""H"": false, ""M"": true, ""S"": true}, {""mult"": 100, ""H"": true, ""M"": true, ""S"": true}]",True,"{""dom32"": 0, ""dom64"": 0, ""dom128"": 0}",True,2|3|5,True,True
validation,True,True,True,False,False,False,False,False,True,False,False,False,"[{""mult"": 20, ""H"": true, ""M"": true, ""S"": true}, {""mult"": 100, ""H"": true, ""M"": true, ""S"": true}]",True,"{""dom32"": 0, ""dom64"": 0, ""dom128"": 0}",True,2|3|5,True,True
validator,True,False,True,False,False,False,False,False,True,False,False,False,"[{""mult"": 20, ""H"": true, ""M"": false, ""S"": true}, {""mult"": 100, ""H"": true, ""M"": true, ""S"": true}]",True,"{""dom32"": 0, ""dom64"": 0, ""dom128"": 0}",True,2|3|5,True,True
value,True,True,True,False,False,False,False,False,True,False,False,False,"[{""mult"": 20, ""H"": true, ""M"": true, ""S"": true}, {""mult"": 100, ""H"": true, ""M"": true, ""S"": true}]",True,"{""dom32"": 0, ""dom64"": 0, ""dom128"": 0}",True,2|3|11,True,True
variety,True,True,True,False,False,False,False,False,True,False,False,False,"[{""mult"": 20, ""H"": true, ""M"": true, ""S"": true}, {""mult"": 100, ""H"": true, ""M"": true, ""S"": true}]",True,"{""dom32"": 0, ""dom64"": 0, ""dom128"": 0}",True,2|3|5,True,True
ve,True,True,True,False,False,False,False,False,True,False,False,False,"[{""mult"": 20, ""H"": true, ""M"": true, ""S"": true}, {""mult"": 100, ""H"": true, ""M"": true, ""S"": true}]",True,"{""dom32"": 0, ""dom64"": 0, ""dom128"": 0}",True,2|3|13,True,True
vector,True,False,True,False,False,False,False,False,True,False,False,False,"[{""mult"": 20, ""H"": true, ""M"": true, ""S"": true}, {""mult"": 100, ""H"": true, ""M"": true, ""S"": true}]",True,"{""dom32"": 0, ""dom64"": 0, ""dom128"": 0}",True,2|3|5,True,True
vs,True,True,True,False,False,False,False,False,False,False,False,True,"[{""mult"": 20, ""H"": true, ""M"": true, ""S"": true}, {""mult"": 100, ""H"": true, ""M"": true, ""S"": true}]",True,"{""dom32"": 0, ""dom64"": 0, ""dom128"": 0}",True,2|3|11,True,True
was,True,True,False,False,False,False,False,False,False,False,False,False,"[{""mult"": 20, ""H"": true, ""M"": true, ""S"": true}, {""mult"": 100, ""H"": true, ""M"": true, ""S"": true}]",True,"{""dom32"": 0, ""dom64"": 0, ""dom128"": 0}",True,2|3|5,True,True
weights,True,False,True,False,False,False,False,False,False,False,False,False,"[{""mult"": 20, ""H"": true, ""M"": true, ""S"": true}, {""mult"": 100, ""H"": true, ""M"": true, ""S"": true}]",True,"{""dom32"": 0, ""dom64"": 0, ""dom128"": 0}",True,2|3|5,True,True
what,False,False,True,False,False,False,False,False,False,False,False,False,"[{""mult"": 20, ""H"": false, ""M"": false, ""S"": true}, {""mult"": 100, ""H"": false, ""M"": true, ""S"": true}]",True,"{""dom32"": 0, ""dom64"": 0, ""dom128"": 0}",True,2|3|5,True,True
when,False,True,False,False,False,False,False,False,False,False,False,False,"[{""mult"": 20, ""H"": false, ""M"": true, ""S"": false}, {""mult"": 100, ""H"": true, ""M"": true, ""S"": true}]",True,"{""dom32"": 0, ""dom64"": 0, ""dom128"": 0}",True,2|3|5,True,True
why,False,False,False,False,False,False,False,False,False,False,False,False,"[{""mult"": 20, ""H"": false, ""M"": true, ""S"": false}, {""mult"": 100, ""H"": false, ""M"": true, ""S"": true}]",True,"{""dom32"": 0, ""dom64"": 0, ""dom128"": 0}",True,2|3|5,False,True
will,False,True,True,False,False,False,False,False,False,False,False,False,"[{""mult"": 20, ""H"": false, ""M"": true, ""S"": true}, {""mult"": 100, ""H"": false, ""M"": true, ""S"": true}]",True,"{""dom32"": 0, ""dom64"": 0, ""dom128"": 0}",True,2|3|17,True,True
winner,True,True,True,False,False,False,False,False,False,False,False,False,"[{""mult"": 20, ""H"": true, ""M"": true, ""S"": true}, {""mult"": 100, ""H"": true, ""M"": true, ""S"": true}]",True,"{""dom32"": 0, ""dom64"": 0, ""dom128"": 0}",True,2|3|5,True,True
winners,True,False,True,False,False,False,False,False,False,False,False,False,"[{""mult"": 20, ""H"": true, ""M"": false, ""S"": true}, {""mult"": 100, ""H"": true, ""M"": true, ""S"": true}]",True,"{""dom32"": 0, ""dom64"": 0, ""dom128"": 0}",True,2|3|7,True,True
work,True,True,True,False,False,False,False,False,False,False,False,False,"[{""mult"": 20, ""H"": true, ""M"": true, ""S"": true}, {""mult"": 100, ""H"": true, ""M"": true, ""S"": true}]",True,"{""dom32"": 0, ""dom64"": 0, ""dom128"": 0}",True,2|3|7,True,True
would,True,True,True,False,False,False,False,False,False,False,False,False,"[{""mult"": 20, ""H"": true, ""M"": true, ""S"": true}, {""mult"": 100, ""H"": true, ""M"": true, ""S"": true}]",True,"{""dom32"": 0, ""dom64"": 0, ""dom128"": 0}",True,2|3|7,True,True
write,False,True,True,False,False,False,False,False,False,False,False,False,"[{""mult"": 20, ""H"": false, ""M"": true, ""S"": true}, {""mult"": 100, ""H"": true, ""M"": true, ""S"": true}]",True,"{""dom32"": 0, ""dom64"": 0, ""dom128"": 0}",True,2|3|7,True,True
yang-mills,False,False,True,False,False,False,False,False,False,False,False,False,"[{""mult"": 20, ""H"": false, ""M"": true, ""S"": true}, {""mult"": 100, ""H"": true, ""M"": true, ""S"": true}]",True,"{""dom32"": 0, ""dom64"": 0, ""dom128"": 0}",True,2|3|5,True,True
year,False,False,False,False,False,False,False,False,False,False,False,False,"[{""mult"": 20, ""H"": false, ""M"": false, ""S"": true}, {""mult"": 100, ""H"": true, ""M"": true, ""S"": true}]",True,"{""dom32"": 0, ""dom64"": 0, ""dom128"": 0}",True,2|3|5,False,True
yes,False,True,False,False,False,False,False,False,False,False,False,False,"[{""mult"": 20, ""H"": false, ""M"": true, ""S"": true}, {""mult"": 100, ""H"": true, ""M"": true, ""S"": true}]",True,"{""dom32"": 0, ""dom64"": 0, ""dom128"": 0}",True,2|3|5,True,True
you,False,True,False,False,False,False,False,False,False,False,False,False,"[{""mult"": 20, ""H"": false, ""M"": true, ""S"": true}, {""mult"": 100, ""H"": false, ""M"": true, ""S"": true}]",True,"{""dom32"": 0, ""dom64"": 0, ""dom128"": 0}",True,2|3|7,True,True
