{
  "caps": [
    {
      "name": "cap_mirror_\u03b5",
      "nudge": "reduce tolerance by 10%",
      "applies_to": [
        "MATH",
        "OPTICS",
        "PHOTONICS"
      ]
    },
    {
      "name": "cap_delta_locality",
      "nudge": "allow one local rewrite only",
      "applies_to": [
        "ALL"
      ]
    },
    {
      "name": "cap_strict_floor",
      "nudge": "raise floor by 2%",
      "applies_to": [
        "THERMAL",
        "SPINTRONICS",
        "PHOTONICS"
      ]
    }
  ],
  "nudges": [
    {
      "name": "nudge_cartan",
      "action": "snap to closest Cartan anchor",
      "scope": "hot_cell_only"
    },
    {
      "name": "nudge_phase",
      "action": "phase wrap to [-\u03c0,\u03c0)",
      "scope": "optical lanes"
    }
  ]
}