{
  "BroadbandComb": {
    "octet_views": [
      "dispersion_low",
      "dispersion_mid",
      "dispersion_high",
      "coupling_Q",
      "pump_detune",
      "microheater_trim",
      "therm_stability",
      "readout_phase"
    ],
    "mirror_test": "forward OPO sim \u2194 inverse backprop; acceptance tol: \u0394phase < 0.05 rad, \u0394freq comb line < 1e-4",
    "delta_lifts": [
      "trim_microheater",
      "adjust_GVM",
      "re-bias_pump"
    ],
    "strict": {
      "min_octaves": 2.5,
      "max_threshold_fJ": 20
    },
    "receipt": {
      "four_bit": "1110",
      "notes": "provisional demo, safe params only"
    }
  }
}