actor,sidecars,four_bit,metrics,notes
QuantumChemistry,"['QCHEM','MATH','STRUCTURE']",1011,"{""MAE_eV"": 0.12, ""SC"": 0.94, ""basis"": ""mini-safe""}",synthetic-safe demo
Spintronics,"['SPINTRONICS','EM_FIELD','MATERIALS']",1101,"{""P_spin"": 0.78, ""room_temp"": true, ""bias_mV"": 12}",synthetic-safe demo
PhotonicChip,"['PHOTONICS','OPTICS','THERMAL']",1110,"{""loss_dB"": 0.4, ""rate_Gbps"": 140, ""BER"": 1e-09}",synthetic-safe demo
BroadbandComb,"['PHOTONICS','MATH','THERMAL']",1110,"{""octaves"": 2.7, ""threshold_fJ"": 18, ""GVM_match"": true}",provisional
