{
  "version": "0.2",
  "timestamp_utc": "2025-09-20T14:52:03.381636Z",
  "bits": {
    "b0": "mirror_pass (0=fail,1=pass)",
    "b1": "octet_coverage_pass",
    "b2": "delta_lift_applied (0=no,1=yes)",
    "b3": "strict_ratchet_hold (0=regressed,1=held_or_tightened)"
  },
  "opcodes": {
    "0x01": "tokenize",
    "0x02": "mirror",
    "0x03": "octet",
    "0x04": "delta_lift",
    "0x05": "strictify",
    "0x06": "receipt",
    "0x07": "promote_8bit",
    "0x08": "promote_64bit"
  },
  "payload_schema": {
    "actor": "string",
    "sidecars": "string[]",
    "metrics": "object",
    "four_bit": "string (e.g., '1110')",
    "notes": "string"
  }
}