{
  "local_8x8": {
    "enabled": true,
    "overlays": [
      "harmonics",
      "subharmonics",
      "cartan",
      "parity_shell"
    ]
  },
  "surround_4x4x4x4": {
    "enabled": true
  },
  "parity_2x2x2x2_shell": {
    "enabled": true
  },
  "wavelength_overlay": {
    "enabled": true,
    "units": "nm",
    "audioHz_mapping": true
  },
  "cartan_anchor": {
    "type": "E8_simple_roots",
    "highlight_hotzones": true
  },
  "render": {
    "palette": "viridis",
    "safe_labels": true
  }
}