{
  "workorder": "CQE Master v0.2",
  "timestamp_utc": "2025-09-20T14:52:03.381636Z",
  "files": [
    {
      "file": "README.md",
      "sha256": "fb6d7297a91473baaf18f80d131ca678cdc06b38aecd6ea214eb5de28d7c6eb2",
      "bytes": 820
    },
    {
      "file": "hotzones.json",
      "sha256": "1f264c48cc875f729185817bb668327e659e068344d5ed77e4b9d898da4feb9d",
      "bytes": 771
    },
    {
      "file": "physorg_qchem_summary.md",
      "sha256": "9e34a189616b0a7efd0e0d88a40f2fe80940d4497f27701bc873c2a833ebafd8",
      "bytes": 804
    },
    {
      "file": "playbooks.json",
      "sha256": "e94e6c0fc12bd0ea65bd6c44de6fe79f26037fc1b56476b6fc1efa307d4e8eb2",
      "bytes": 648
    },
    {
      "file": "receipt_abi.json",
      "sha256": "d0956c88c51ef2788064926fc178122128b9a128d2c20524e43adf1ec6b9eed9",
      "bytes": 657
    },
    {
      "file": "receipts_demo.csv",
      "sha256": "39f7889e5afb1482df8ff8a8a719688bb7ccbde1725deb7f628624967672e3c1",
      "bytes": 572
    },
    {
      "file": "safety_policies.md",
      "sha256": "4fd38da1e992b13a4fec27c9119329b6f76a101fca4971664117948e360dbd08",
      "bytes": 546
    },
    {
      "file": "sidecars_catalog.json",
      "sha256": "aa50cd232b9191f83e9fee66f7c4724a747dd3838e026b46ebad6bd4bdf1c38b",
      "bytes": 372
    },
    {
      "file": "viewers.json",
      "sha256": "6ecba0b2cf591258547cec92ee3b2015e2e15c9df4da76a69a40c4702260136d",
      "bytes": 505
    },
    {
      "file": "workorder.json",
      "sha256": "39c1250c81ec43626a92ee3764fabf3f00931df69f5a19011d61f7f70c90c6e1",
      "bytes": 1112
    }
  ],
  "merkle_root": "8650055e27c2883acb1a29326c61c754013960b7a77982dab34b634066420441"
}