{
  "token_id": "mtok_f3fed305fe70460f",
  "created_at": "2025-09-18T05:46:30Z",
  "weyl_id": 7,
  "chamber_id": 217,
  "gsl": {
    "base": 24,
    "octave_k": 2,
    "riser": 7
  },
  "phi_mode": {
    "enabled": true,
    "gradient": true,
    "window": [
      13,
      21,
      34
    ]
  },
  "edge_fence": "end_of_window",
  "input_digest": "77377cd75489c92faf13e2dd2215e45d577f0c80c1b66d3798762b3bfe0fd80b",
  "output_digest": "a954466c2ac5406868594860dfb06d1370163fd381378c9d458b20563d71ed64",
  "user_comparator": {
    "order_key": [
      "ts",
      "id"
    ],
    "metrics": [
      "exact"
    ],
    "tolerances": {
      "exact": 1.0
    }
  },
  "braid_receipt": {
    "all8_closure": true,
    "dual": true,
    "compose": true,
    "winner_hash": "943d2c6341f5fcb637d69482affa226de600669d10db79b12f3670dcb7dffc44",
    "runnerup_margin_min": 0.0,
    "zero_event_index": 104
  },
  "caps": [
    "FS.WRITE",
    "NET.GET"
  ],
  "ledger_refs": {
    "macrocycle_seal": "532b106000ec16d72b5e1c54a30f7f7e2c60d2c14d402d0301d714906edb419b",
    "pack_ids": [
      "6e5894acbcf5a5bb36b77990ec1f77171390d572db2cfc9470059a430fba0540"
    ]
  },
  "sidecar": {}
}