{
  "cqe_golden_20250919T171400Z": [
    "cqe_golden_20250919T171400Z/README.md",
    "cqe_golden_20250919T171400Z/LICENSE",
    "cqe_golden_20250919T171400Z/packs/PACK_EM_NH.yaml",
    "cqe_golden_20250919T171400Z/packs/PACK_NEURO_RIPPLE.yaml",
    "cqe_golden_20250919T171400Z/packs/PACK_CHEM_ATRO.yaml",
    "cqe_golden_20250919T171400Z/packs/PACK_CHEM_RELAY.yaml",
    "cqe_golden_20250919T171400Z/packs/PACK_MAT_GRO.yaml",
    "cqe_golden_20250919T171400Z/packs/PACK_PHOT_GAUGE.yaml",
    "cqe_golden_20250919T171400Z/examples/golden/PACK_EM_NH.yaml",
    "cqe_golden_20250919T171400Z/examples/golden/PACK_NEURO_RIPPLE.yaml",
    "cqe_golden_20250919T171400Z/examples/golden/PACK_CHEM_ATRO.yaml",
    "cqe_golden_20250919T171400Z/examples/golden/PACK_CHEM_RELAY.yaml",
    "cqe_golden_20250919T171400Z/examples/golden/PACK_MAT_GRO.yaml",
    "cqe_golden_20250919T171400Z/examples/golden/PACK_PHOT_GAUGE.yaml",
    "cqe_golden_20250919T171400Z/examples/baseline/PACK_EM_NH.yaml",
    "cqe_golden_20250919T171400Z/examples/baseline/PACK_NEURO_RIPPLE.yaml",
    "cqe_golden_20250919T171400Z/examples/baseline/PACK_CHEM_ATRO.yaml",
    "cqe_golden_20250919T171400Z/examples/baseline/PACK_CHEM_RELAY.yaml",
    "cqe_golden_20250919T171400Z/examples/baseline/PACK_MAT_GRO.yaml",
    "cqe_golden_20250919T171400Z/examples/baseline/PACK_PHOT_GAUGE.yaml",
    "cqe_golden_20250919T171400Z/harness/run_cqe.py",
    "cqe_golden_20250919T171400Z/helpers/scale_scope.py",
    "cqe_golden_20250919T171400Z/reports/summary.csv"
  ],
  "cqe_release_20250919T170735Z": [
    "cqe_release_20250919T170735Z/README.md",
    "cqe_release_20250919T170735Z/LICENSE",
    "cqe_release_20250919T170735Z/baselines/paper_0001.yaml",
    "cqe_release_20250919T170735Z/baselines/paper_0002.yaml",
    "cqe_release_20250919T170735Z/baselines/paper_0003.yaml",
    "cqe_release_20250919T170735Z/baselines/paper_0004.yaml",
    "cqe_release_20250919T170735Z/baselines/paper_0005.yaml",
    "cqe_release_20250919T170735Z/baselines/paper_0006.yaml",
    "cqe_release_20250919T170735Z/baselines/paper_0007.yaml",
    "cqe_release_20250919T170735Z/baselines/paper_0008.yaml",
    "cqe_release_20250919T170735Z/baselines/paper_0009.yaml",
    "cqe_release_20250919T170735Z/baselines/paper_0010.yaml",
    "cqe_release_20250919T170735Z/baselines/paper_0011.yaml",
    "cqe_release_20250919T170735Z/baselines/paper_0012.yaml",
    "cqe_release_20250919T170735Z/baselines/paper_0013.yaml",
    "cqe_release_20250919T170735Z/baselines/paper_0014.yaml",
    "cqe_release_20250919T170735Z/baselines/paper_0015.yaml",
    "cqe_release_20250919T170735Z/baselines/paper_0016.yaml",
    "cqe_release_20250919T170735Z/baselines/paper_0017.yaml",
    "cqe_release_20250919T170735Z/baselines/paper_0018.yaml",
    "cqe_release_20250919T170735Z/baselines/paper_0019.yaml",
    "cqe_release_20250919T170735Z/baselines/paper_0020.yaml",
    "cqe_release_20250919T170735Z/baselines/paper_0021.yaml",
    "cqe_release_20250919T170735Z/baselines/paper_0022.yaml",
    "cqe_release_20250919T170735Z/baselines/paper_0023.yaml",
    "cqe_release_20250919T170735Z/baselines/paper_0024.yaml",
    "cqe_release_20250919T170735Z/baselines/paper_0025.yaml",
    "cqe_release_20250919T170735Z/baselines/paper_0026.yaml",
    "cqe_release_20250919T170735Z/baselines/paper_0027.yaml",
    "cqe_release_20250919T170735Z/baselines/paper_0028.yaml",
    "cqe_release_20250919T170735Z/baselines/paper_0029.yaml",
    "cqe_release_20250919T170735Z/baselines/paper_0030.yaml",
    "cqe_release_20250919T170735Z/baselines/paper_0031.yaml",
    "cqe_release_20250919T170735Z/packs/PACK_EM_NH.yaml",
    "cqe_release_20250919T170735Z/packs/PACK_NEURO_RIPPLE.yaml",
    "cqe_release_20250919T170735Z/packs/PACK_CHEM_ATRO.yaml",
    "cqe_release_20250919T170735Z/packs/PACK_CHEM_RELAY.yaml",
    "cqe_release_20250919T170735Z/packs/PACK_MAT_GRO.yaml",
    "cqe_release_20250919T170735Z/packs/PACK_PHOT_GAUGE.yaml",
    "cqe_release_20250919T170735Z/packs/PACK_GENERIC.yaml",
    "cqe_release_20250919T170735Z/ledgers/baseline_index.csv",
    "cqe_release_20250919T170735Z/schemas/baseline.schema.json",
    "cqe_release_20250919T170735Z/docs/USAGE.md"
  ],
  "CQE_Stack_Package": [
    "CQE_Stack_Package/README.md",
    "CQE_Stack_Package/01_cqe_check_report.md",
    "CQE_Stack_Package/02_language/CQE-L.md",
    "CQE_Stack_Package/03_os/CQE-OS.md",
    "CQE_Stack_Package/04_ai/CQE-AI.md",
    "CQE_Stack_Package/05_api/CQE-API.md",
    "CQE_Stack_Package/07_sidecars/physics_sidecars.md",
    "CQE_Stack_Package/07_sidecars/biology_sidecars.md",
    "CQE_Stack_Package/07_sidecars/materials_sidecars.md",
    "CQE_Stack_Package/07_sidecars/astro_sidecars.md",
    "CQE_Stack_Package/07_sidecars/chem_sidecars.md",
    "CQE_Stack_Package/07_sidecars/robotics_sidecars.md",
    "CQE_Stack_Package/08_human_kit/Human_Kit.md",
    "CQE_Stack_Package/09_guidebook/Guidebook.md",
    "CQE_Stack_Package/10_pitch/PitchDeck.md",
    "CQE_Stack_Package/11_patent/Patent_Strategy.md",
    "CQE_Stack_Package/12_schemas/commit_envelope.json",
    "CQE_Stack_Package/12_schemas/meaning_pack.json",
    "CQE_Stack_Package/12_schemas/registry_schema.json",
    "CQE_Stack_Package/13_examples/example_workflow.md"
  ],
  "cqe_forms_registry": [
    "cqe_forms_registry/schema.json",
    "cqe_forms_registry/registry.json",
    "cqe_forms_registry/meaning_packs.json",
    "cqe_forms_registry/compression_report.md",
    "cqe_forms_registry/README.md"
  ],
  "cqe_field_kit": [
    "cqe_field_kit/README.md",
    "cqe_field_kit/run_checklist.md",
    "cqe_field_kit/templates/standin_card.md",
    "cqe_field_kit/templates/dna10_sheet.md",
    "cqe_field_kit/templates/octet_overlay_sheet.md",
    "cqe_field_kit/templates/commit_strip_sheet.md",
    "cqe_field_kit/templates/working_slip.md",
    "cqe_field_kit/templates/nonworking_slip.md",
    "cqe_field_kit/templates/master_ledger.md",
    "cqe_field_kit/templates/parity_loom_guide.md",
    "cqe_field_kit/templates/sidecar_template.yaml",
    "cqe_field_kit/examples/toroid_telescope_run.md"
  ],
  "CQE_Reference_Pack_20250919T025314Z": [
    "verified_index.json",
    "verified_index.csv",
    "wrapper_receipts_latest.csv",
    "HOWTO.md"
  ],
  "CQE_Framework_0_1_0": [
    "VERSION",
    "LICENSE",
    "CHANGELOG.md",
    "README.md",
    "modules/QD/id_12/module.json",
    "modules/QD/id_12/stub.py",
    "modules/QD/id_15/module.json",
    "modules/QD/id_15/stub.py",
    "modules/QD/id_20/module.json",
    "modules/QD/id_20/stub.py",
    "modules/QD/id_21/module.json",
    "modules/QD/id_21/stub.py",
    "modules/QD/id_25/module.json",
    "modules/QD/id_25/stub.py",
    "modules/QD/id_27/module.json",
    "modules/QD/id_27/stub.py",
    "modules/QD/id_28/module.json",
    "modules/QD/id_28/stub.py",
    "modules/QD/id_4/module.json",
    "modules/QD/id_4/stub.py",
    "modules/QD/id_9/module.json",
    "modules/QD/id_9/stub.py",
    "receipts/ledger_snapshot.csv",
    "receipts/plan_snapshot.csv",
    "registry/verified_index.json",
    "registry/verified_index.csv",
    "sdk/cqe/__init__.py",
    "sdk/cqe/registry.py",
    "sdk/cqe/runner.py",
    "tests/test_registry.py",
    "tests/test_runner.py"
  ],
  "CQE_Modular_Atomic_Pilot_v0_3": [
    "CQE_Modular_Atomic_Pilot/spec/pack.schema.json",
    "CQE_Modular_Atomic_Pilot/spec/module_contract.schema.json",
    "CQE_Modular_Atomic_Pilot/spec/master_token.schema.json",
    "CQE_Modular_Atomic_Pilot/spec/openapi.yaml",
    "CQE_Modular_Atomic_Pilot/sdk/python/cqe_sdk.py",
    "CQE_Modular_Atomic_Pilot/sdk/python/__pycache__/cqe_sdk.cpython-311.pyc",
    "CQE_Modular_Atomic_Pilot/sdk/typescript/index.ts",
    "CQE_Modular_Atomic_Pilot/orchestrator/engine.py",
    "CQE_Modular_Atomic_Pilot/orchestrator/__pycache__/engine.cpython-311.pyc",
    "CQE_Modular_Atomic_Pilot/modules/examples/echo_overlay.py",
    "CQE_Modular_Atomic_Pilot/configs/pipeline.yaml",
    "CQE_Modular_Atomic_Pilot/docs/ARCHITECTURE.md",
    "CQE_Modular_Atomic_Pilot/nuggets/mtok_9e009cbfa7414c9e.json",
    "CQE_Modular_Atomic_Pilot/nuggets/pilot_report.json",
    "CQE_Modular_Atomic_Pilot/nuggets/mtok_dbd9b12dd9942926.json",
    "CQE_Modular_Atomic_Pilot/nuggets/pilot_report_earth.json",
    "CQE_Modular_Atomic_Pilot/nuggets/mtok_f201f6f827d05de6.json",
    "CQE_Modular_Atomic_Pilot/nuggets/pilot_report_sar.json",
    "CQE_Modular_Atomic_Pilot/nuggets/mtok_f3fed305fe70460f.json",
    "CQE_Modular_Atomic_Pilot/nuggets/pilot_report_interferometer.json"
  ],
  "CQE_Control_Plane_OneShot_v0_1_(1)": [
    "cqe_control_plane/README.md",
    "cqe_control_plane/runtime/config.yaml",
    "cqe_control_plane/runtime/alpha_optimizer.py",
    "cqe_control_plane/ui/octad_braid.html",
    "cqe_control_plane/registry/anchor_schema.json",
    "cqe_control_plane/registry/anchor_registry.json",
    "cqe_control_plane/compliance/policies.yaml",
    "cqe_control_plane/stitches/zip_io_stitch.md",
    "cqe_control_plane/stitches/earth_fusion_stitch.md",
    "cqe_control_plane/stitches/sar_stitch.md",
    "cqe_control_plane/stitches/interferometer_stitch.md",
    "cqe_control_plane/docs/CQE_for_Humans.md",
    "cqe_control_plane/proofs/notes.md",
    "cqe_control_plane/dashboards/metrics.csv",
    "cqe_control_plane/dashboards/closure.png",
    "cqe_control_plane/nuggets/master_token.schema.json",
    "cqe_control_plane/nuggets/example_token.json",
    "cqe_control_plane/nuggets/index.json"
  ]
}