{
  "num_classes": 3,
  "classes": [
    {
      "class_id": 0,
      "members": [
        [
          0,
          0
        ],
        [
          0,
          3
        ],
        [
          3,
          0
        ],
        [
          3,
          3
        ]
      ]
    },
    {
      "class_id": 1,
      "members": [
        [
          0,
          1
        ],
        [
          0,
          2
        ],
        [
          1,
          0
        ],
        [
          1,
          3
        ],
        [
          2,
          0
        ],
        [
          2,
          3
        ],
        [
          3,
          1
        ],
        [
          3,
          2
        ]
      ]
    },
    {
      "class_id": 2,
      "members": [
        [
          1,
          1
        ],
        [
          1,
          2
        ],
        [
          2,
          1
        ],
        [
          2,
          2
        ]
      ]
    }
  ]
}