{
  "$schema": "http://json-schema.org/draft-07/schema#",
  "title": "SNAP v0_1_2025_08_13",
  "type": "object",
  "required": [
    "ts",
    "schema",
    "kind",
    "payload"
  ],
  "properties": {
    "ts": {
      "type": "number"
    },
    "schema": {
      "type": "string"
    },
    "kind": {
      "type": "string"
    },
    "payload": {
      "type": "object",
      "required": [
        "universes",
        "n_level",
        "provenance"
      ],
      "properties": {
        "universes": {
          "type": "array",
          "items": {
            "type": "string"
          }
        },
        "n_level": {
          "type": "number"
        },
        "glyph": {
          "type": "string"
        },
        "provenance": {
          "type": "object"
        },
        "meta": {
          "type": "object"
        },
        "families": {
          "type": "array",
          "items": {
            "type": "string"
          }
        },
        "types": {
          "type": "array",
          "items": {
            "type": "string"
          }
        },
        "classes": {
          "type": "array",
          "items": {
            "type": "string"
          }
        }
      }
    }
  }
}