[
  {
    "id": "synth_s_arc",
    "domain": "ARC-AGI_like",
    "album": "Working",
    "status": "DIGEST",
    "sidecars": {
      "ARC": {
        "fourbit": "1111",
        "rails": {
          "demo_ok": true,
          "whiteness>=0.95": true,
          "|slope|<=1e-6": true,
          "|rho|<=0.05": true
        }
      }
    },
    "fourbits": [
      "1111"
    ],
    "glyphpack": "s_arc.v1",
    "schema": "S_ARC"
  },
  {
    "id": "synth_s_wb2",
    "domain": "WeatherBench_like",
    "album": "NonWorking",
    "status": "MOVED",
    "sidecars": {
      "WB2": {
        "fourbit": "1101",
        "rails": {
          "rmse<=25": true,
          "corr>=0.98": true,
          "white>=0.90": false,
          "units_ok": true
        }
      }
    },
    "fourbits": [
      "1101"
    ],
    "glyphpack": "s_wb2.v1",
    "schema": "S_WB2"
  },
  {
    "id": "synth_s_ocp",
    "domain": "OpenCatalyst_like",
    "album": "NonWorking",
    "status": "MOVED",
    "sidecars": {
      "OCP": {
        "fourbit": "0111",
        "rails": {
          "dE>0": false,
          "parity_ok": true,
          "||F||<5": true,
          "units_ok": true
        }
      }
    },
    "fourbits": [
      "0111"
    ],
    "glyphpack": "s_ocp.v1",
    "schema": "S_OCP"
  }
]