{
  "$schema": "https://json-schema.org/draft/2020-12/schema",
  "title": "SnapV1",
  "type": "object",
  "required": [
    "snap_id",
    "parent_ids",
    "glyph",
    "context",
    "n_level",
    "shell",
    "trail_id",
    "created_at"
  ],
  "properties": {
    "snap_id": {
      "type": "string",
      "pattern": "^[a-f0-9\\-]{16,}$"
    },
    "parent_ids": {
      "type": "array",
      "items": {
        "type": "string"
      }
    },
    "glyph": {
      "type": "string",
      "minLength": 3
    },
    "context": {
      "type": "object"
    },
    "n_level": {
      "type": "number",
      "minimum": 0,
      "maximum": 5
    },
    "shell": {
      "type": "integer",
      "minimum": 0
    },
    "trail_id": {
      "type": "string"
    },
    "created_at": {
      "type": "string",
      "format": "date-time"
    },
    "payload_hash": {
      "type": "string"
    },
    "universe_ref": {
      "type": "string"
    },
    "weyl_index": {
      "type": "integer",
      "minimum": 0,
      "maximum": 7
    }
  }
}