{
  "region_id": "morsr_demo_region_v1",
  "config_id": "cqe_default_v1",
  "seed_overlay_id": "sha256:7dcb6156000519a3d30de71a93b849f42200b84c6670440b79dacd05fd60f397",
  "rings": [
    {
      "ring_idx": 0,
      "lanes": [
        {
          "lane_id": 1,
          "overlay_ids": [
            "sha256:7dcb6156000519a3d30de71a93b849f42200b84c6670440b79dacd05fd60f397"
          ]
        },
        {
          "lane_id": 2,
          "overlay_ids": [
            "sha256:7dcb6156000519a3d30de71a93b849f42200b84c6670440b79dacd05fd60f397"
          ]
        },
        {
          "lane_id": 3,
          "overlay_ids": [
            "sha256:7dcb6156000519a3d30de71a93b849f42200b84c6670440b79dacd05fd60f397"
          ]
        },
        {
          "lane_id": 4,
          "overlay_ids": [
            "sha256:7dcb6156000519a3d30de71a93b849f42200b84c6670440b79dacd05fd60f397"
          ]
        },
        {
          "lane_id": 5,
          "overlay_ids": [
            "sha256:7dcb6156000519a3d30de71a93b849f42200b84c6670440b79dacd05fd60f397"
          ]
        },
        {
          "lane_id": 6,
          "overlay_ids": [
            "sha256:7dcb6156000519a3d30de71a93b849f42200b84c6670440b79dacd05fd60f397"
          ]
        },
        {
          "lane_id": 7,
          "overlay_ids": [
            "sha256:7dcb6156000519a3d30de71a93b849f42200b84c6670440b79dacd05fd60f397"
          ]
        },
        {
          "lane_id": 8,
          "overlay_ids": [
            "sha256:7dcb6156000519a3d30de71a93b849f42200b84c6670440b79dacd05fd60f397"
          ]
        }
      ]
    },
    {
      "ring_idx": 1,
      "lanes": [
        {
          "lane_id": 1,
          "overlay_ids": [
            "sha256:0b257ae1dd792707c5ec53ecc5f015d402dd7082b72aa93d2e6ec0e3e348d65b"
          ]
        },
        {
          "lane_id": 5,
          "overlay_ids": [
            "sha256:6819f0d7f88ed089fbea59987e4c9d9b02e3f2c2f991bd2a7b3c047a1374398c"
          ]
        }
      ]
    }
  ],
  "boundaries": [
    {
      "lane_id": 2,
      "ring_idx_exhausted": 1,
      "reason": "no_handshake"
    },
    {
      "lane_id": 3,
      "ring_idx_exhausted": 1,
      "reason": "no_handshake"
    },
    {
      "lane_id": 4,
      "ring_idx_exhausted": 1,
      "reason": "no_handshake"
    },
    {
      "lane_id": 6,
      "ring_idx_exhausted": 1,
      "reason": "no_handshake"
    },
    {
      "lane_id": 7,
      "ring_idx_exhausted": 1,
      "reason": "no_handshake"
    },
    {
      "lane_id": 8,
      "ring_idx_exhausted": 1,
      "reason": "no_handshake"
    }
  ],
  "status": "saturated"
}