{
  "glyphs": [
    {
      "glyph": "\u25c7",
      "name": "shell",
      "meaning": "Layer boundary / ring (L0..Ln)"
    },
    {
      "glyph": "\u25c6",
      "name": "core-node",
      "meaning": "Primary module in layer (agent/shell/index/overlay)"
    },
    {
      "glyph": "\u25cb",
      "name": "service",
      "meaning": "Subsystem service (telemetry/policy)"
    },
    {
      "glyph": "\u25cf",
      "name": "op",
      "meaning": "Operational tool (ops/repo)"
    },
    {
      "glyph": "\u25b3",
      "name": "edge-up",
      "meaning": "Import/depends-on relationship pointing up-layer"
    },
    {
      "glyph": "\u25bd",
      "name": "edge-down",
      "meaning": "Import/depends-on relationship pointing down-layer"
    },
    {
      "glyph": "\u25a1",
      "name": "lattice-node",
      "meaning": "Node in the dependency lattice"
    },
    {
      "glyph": "\u25a0",
      "name": "lattice-clique",
      "meaning": "Dense subgraph / tightly-coupled cluster"
    }
  ],
  "note": "Glyphs describe visualization semantics for the shells/lattice DB."
}