{
  "name": "id_27",
  "id": 27,
  "rails": "QD",
  "seed": 327398357,
  "url": "https://gizmodo.com/physicists-made-a-time-crystal-we-can-actually-see-2000658239",
  "domain": "gizmodo.com",
  "status": "verified",
  "interfaces": {
    "input": {
      "type": "cqe:rest_state",
      "schema": "parity/octet/h16 overlays"
    },
    "output": {
      "type": "cqe:overlay_bundle",
      "schema": "OPE/FCE receipts + overlays"
    }
  },
  "metrics": {
    "OPE_P8_D": 7,
    "OPE_debt": 0.0385893591237733,
    "FCE_Dvotes": 39,
    "FCE_debt": 0.0337614023600104,
    "mirror_primary": 0,
    "mirror_mirror": 0,
    "mirror_debt": 0.0385893591237733
  },
  "artifacts": {
    "ledger": "receipts/ledger_snapshot.csv",
    "wrapper_receipts": "receipts/wrapper_receipts_latest.csv"
  },
  "runner": "sdk.cqe.runner:run_module"
}