{
  "id": "SPR001",
  "title": "System Proving Run 001 \u2014 WFC Shelling \u2192 C[8] \u2192 Assembly \u2192 SAP \u2192 TeleTrail \u2192 MRS",
  "created_at": "2025-08-19T09:41:28.240948Z",
  "seed": 314159,
  "n_ticks": 3,
  "n_samples_per_tick": 3000,
  "detector_weights": {
    "false_accept": 5.0,
    "false_hold": 1.0
  },
  "bins": {
    "N": [
      1,
      3,
      5,
      7,
      9
    ],
    "D": [
      0.1,
      0.3,
      0.5,
      0.7,
      0.9
    ]
  },
  "acceptance_policy": {
    "mode": "pareto_plus_top_decile",
    "top_decile": 0.9,
    "weights": {
      "utility": 0.5,
      "stability": 0.5
    }
  },
  "mrs": {
    "parity": "semantic-preferred",
    "strict_for": [
      "indices",
      "e8_proj"
    ]
  },
  "teletrail": {
    "export_each_tick": true
  }
}