{
  "$schema": "https://json-schema.org/draft/2020-12/schema",
  "title": "CQE Pragmatics Annotation",
  "type": "object",
  "properties": {
    "speech_act": {
      "type": "string",
      "enum": [
        "assertive",
        "directive",
        "commissive",
        "expressive",
        "declarative"
      ]
    },
    "hedge": {
      "type": "boolean"
    },
    "politeness": {
      "type": "boolean"
    },
    "sarcasm": {
      "type": "boolean"
    }
  },
  "required": [
    "speech_act"
  ]
}