{
  "actor_id": "street-medic-001",
  "timestamp": "2025-10-29T20:19:07.607149Z",
  "summary": "Overdose response: naloxone, airway, recovery position until EMS arrival.",
  "details": "Under bridge at 3rd & Pine. Two doses Narcan. Recovery position. Aftercare.",
  "domain_claims": [
    "MERIT",
    "CARETAKER",
    "AEGIS"
  ],
  "evidence": {
    "endorsements": [
      {
        "witness_id": "neighbor-A",
        "statement": "They kept my brother alive.",
        "confidence": 0.95
      }
    ],
    "lineage_refs": [
      {
        "source_id": "doi:10.1000/overdose-protocol",
        "score": 0.9,
        "kind": "protocol"
      }
    ],
    "deployments": 1,
    "safety": {
      "non_coercive": true,
      "non_weaponizable": true,
      "harm_reduction_pass": true
    }
  }
}