{
  "$schema": "https://json-schema.org/draft/2020-12/schema",
  "title": "CQE Ledger Entry v0.1",
  "type": "object",
  "required": [
    "wrapper_id",
    "rail_id",
    "rest_hash",
    "commit_bits",
    "receipts",
    "schema_ver",
    "seed",
    "timestamp"
  ],
  "properties": {
    "wrapper_id": {
      "type": "string"
    },
    "rail_id": {
      "type": "string"
    },
    "rest_hash": {
      "type": "string"
    },
    "commit_bits": {
      "type": "string",
      "pattern": "^[01]{4,64}$"
    },
    "receipts": {
      "type": "object"
    },
    "schema_ver": {
      "type": "string"
    },
    "seed": {
      "type": [
        "string",
        "integer"
      ]
    },
    "timestamp": {
      "type": "string",
      "format": "date-time"
    },
    "merkle_root": {
      "type": "string"
    }
  }
}