{
  "wrapper_id": "CQE_CHAIN_DEMO",
  "seed": 20250920,
  "entries": [
    {
      "wrapper_id": "CQE_DEMO",
      "rail_id": "WB_SYN",
      "rest_hash": "825151320f26f7bbb691b9778faa4afffa01bcf20e8049cbc679de223b51d484",
      "commit_bits": "1111",
      "receipts": {
        "mse6": 0.39675497895094547,
        "rmse6": 0.6298848934138248,
        "acc6": 0.7914079652077805,
        "acc12": 0.5604836103811688
      },
      "schema_ver": "0.1.0",
      "seed": 20250920,
      "timestamp": "2025-09-20T00:35:47Z",
      "merkle_root": "1ca97b112583cdf3a71f0ae729a3cdcb54091e81398e171694cb328d922f4923"
    },
    {
      "wrapper_id": "CQE_DEMO",
      "rail_id": "OC_SUR",
      "rest_hash": "825151320f26f7bbb691b9778faa4afffa01bcf20e8049cbc679de223b51d484",
      "commit_bits": "0111",
      "receipts": {
        "E0": -0.043851594962874815,
        "E1": -0.0424704671535978,
        "dE": -0.0013811278092770163
      },
      "schema_ver": "0.1.0",
      "seed": 20250920,
      "timestamp": "2025-09-20T00:35:48Z",
      "merkle_root": "f577905c7cde12429b06495fb9cd466c4297a808e4857beb645d461c077883b1"
    },
    {
      "wrapper_id": "CQE_DEMO",
      "rail_id": "ARC_SYN",
      "rest_hash": "825151320f26f7bbb691b9778faa4afffa01bcf20e8049cbc679de223b51d484",
      "commit_bits": "1111",
      "receipts": {
        "mirror_ok": true,
        "palette": 3
      },
      "schema_ver": "0.1.0",
      "seed": 20250920,
      "timestamp": "2025-09-20T00:35:48Z",
      "merkle_root": "1f233e7e7c49e396bcf1fca29e336dbe1aa26f349e635d27f439c63da638ddfe"
    }
  ],
  "composite_bits": "111101111111",
  "timestamp": "2025-09-20T00:35:48Z",
  "merkle_root": "a1ff2164b70659fc580fc7e77b15ceaf99890bb7047718b01c0a9be41fd166eb"
}