[
  {
    "file": "/mnt/data/unified_repo_trace/docs/81025/e8 actualizeation attempt codebase part 3.txt",
    "anchors": [
      {
        "title": "Part 3 \u2014 Tests, Evaluation, and SPEC",
        "anchor": "part-3-tests-evaluation-and-spec"
      },
      {
        "title": "FILE: tests/synth_data.py",
        "anchor": "file:-testssynth_datapy"
      },
      {
        "title": "FILE: tests/golden_quality.py",
        "anchor": "file:-testsgolden_qualitypy"
      },
      {
        "title": "FILE: tests/golden_latency.py",
        "anchor": "file:-testsgolden_latencypy"
      },
      {
        "title": "FILE: tests/run_all_goldens.sh",
        "anchor": "file:-testsrun_all_goldenssh"
      },
      {
        "title": "FILE: docs/SPEC.md",
        "anchor": "file:-docsspecmd"
      },
      {
        "title": "Lattice AI v20 SPEC",
        "anchor": "lattice-ai-v20-spec"
      },
      {
        "title": "Invariants",
        "anchor": "invariants"
      },
      {
        "title": "Release Gates",
        "anchor": "release-gates"
      },
      {
        "title": "Open Items",
        "anchor": "open-items"
      },
      {
        "title": "FILE: lattice_ai/tests/__init__.py",
        "anchor": "file:-lattice_aitests__init__py"
      },
      {
        "title": "FILE: lattice_ai/tests/synth_data.py",
        "anchor": "file:-lattice_aitestssynth_datapy"
      },
      {
        "title": "FILE: lattice_ai/tests/eval_golden.py",
        "anchor": "file:-lattice_aitestseval_goldenpy"
      },
      {
        "title": "FILE: lattice_ai/tests/routing_golden.py",
        "anchor": "file:-lattice_aitestsrouting_goldenpy"
      },
      {
        "title": "FILE: lattice_ai/tests/quality_golden.py",
        "anchor": "file:-lattice_aitestsquality_goldenpy"
      },
      {
        "title": "FILE: lattice_ai/tests/tune_scorer.py",
        "anchor": "file:-lattice_aiteststune_scorerpy"
      },
      {
        "title": "FILE: lattice_ai/tests/run_all_goldens.sh",
        "anchor": "file:-lattice_aitestsrun_all_goldenssh"
      },
      {
        "title": "FILE: lattice_ai/tests/run_phase2_goldens.sh",
        "anchor": "file:-lattice_aitestsrun_phase2_goldenssh"
      },
      {
        "title": "FILE: docs/SPEC.md",
        "anchor": "file:-docsspecmd"
      },
      {
        "title": "Lattice System SPEC (v20)",
        "anchor": "lattice-system-spec-v20"
      },
      {
        "title": "1. Geometry & Space",
        "anchor": "1-geometry-space"
      },
      {
        "title": "2. Hashing & Houses",
        "anchor": "2-hashing-houses"
      },
      {
        "title": "3. Shells & Governance",
        "anchor": "3-shells-governance"
      },
      {
        "title": "4. Routing & Budget",
        "anchor": "4-routing-budget"
      },
      {
        "title": "5. Per-datum Lattices",
        "anchor": "5-per-datum-lattices"
      },
      {
        "title": "6. Persistence & Jobs",
        "anchor": "6-persistence-jobs"
      },
      {
        "title": "7. Multi-tenant",
        "anchor": "7-multi-tenant"
      },
      {
        "title": "8. Tests & Goldens",
        "anchor": "8-tests-goldens"
      },
      {
        "title": "9. Open Items",
        "anchor": "9-open-items"
      },
      {
        "title": "FILE: Dockerfile",
        "anchor": "file:-dockerfile"
      },
      {
        "title": "FILE: launch.sh",
        "anchor": "file:-launchsh"
      }
    ]
  },
  {
    "file": "/mnt/data/unified_repo_trace/docs/81025/e8 lattice initial actualization attempt post mortem.txt",
    "anchors": [
      {
        "title": "create tenant",
        "anchor": "create-tenant"
      },
      {
        "title": "write/read as acme",
        "anchor": "writeread-as-acme"
      },
      {
        "title": "set policy thresholds and probes",
        "anchor": "set-policy-thresholds-and-probes"
      },
      {
        "title": "set \u03b1/\u03b2 per domain",
        "anchor": "set-per-domain"
      },
      {
        "title": "run once",
        "anchor": "run-once"
      },
      {
        "title": "persisted schedule",
        "anchor": "persisted-schedule"
      },
      {
        "title": "Train Tier-2 semantic hash",
        "anchor": "train-tier-2-semantic-hash"
      },
      {
        "title": "Evaluate & migration churn",
        "anchor": "evaluate-migration-churn"
      },
      {
        "title": "Tune \u03b1/\u03b2",
        "anchor": "tune-"
      },
      {
        "title": "Goldens",
        "anchor": "goldens"
      }
    ]
  },
  {
    "file": "/mnt/data/unified_repo_trace/docs/81025/e8 system inintal attempt explaination.txt",
    "anchors": [
      {
        "title": "Train semantic hash on synthetic pairs, save weights",
        "anchor": "train-semantic-hash-on-synthetic-pairs-save-weights"
      },
      {
        "title": "Evaluate recall/latency/occupancy with or without weights",
        "anchor": "evaluate-recalllatencyoccupancy-with-or-without-weights"
      },
      {
        "title": "Estimate churn before adopting new weights",
        "anchor": "estimate-churn-before-adopting-new-weights"
      },
      {
        "title": "Build shells around a center and promote under default policy",
        "anchor": "build-shells-around-a-center-and-promote-under-default-policy"
      },
      {
        "title": "See promotion decisions (+ probe metrics)",
        "anchor": "see-promotion-decisions-probe-metrics"
      },
      {
        "title": "Budgeted query",
        "anchor": "budgeted-query"
      },
      {
        "title": "Tune \u03b1/\u03b2 (offline) and set for a domain",
        "anchor": "tune-offline-and-set-for-a-domain"
      },
      {
        "title": "prints round-trip distortion and demonstrates capability-guarded KV writes",
        "anchor": "prints-round-trip-distortion-and-demonstrates-capability-guarded-kv-writes"
      },
      {
        "title": "Add conflicting claims for demo",
        "anchor": "add-conflicting-claims-for-demo"
      },
      {
        "title": "Enqueue a contradiction sweep",
        "anchor": "enqueue-a-contradiction-sweep"
      },
      {
        "title": "Start service",
        "anchor": "start-service"
      },
      {
        "title": "Create a tenant",
        "anchor": "create-a-tenant"
      },
      {
        "title": "Operate as tenant",
        "anchor": "operate-as-tenant"
      },
      {
        "title": "Build and run",
        "anchor": "build-and-run"
      },
      {
        "title": "Sanity check in another shell",
        "anchor": "sanity-check-in-another-shell"
      },
      {
        "title": "Open the dashboard",
        "anchor": "open-the-dashboard"
      }
    ]
  },
  {
    "file": "/mnt/data/unified_repo_trace/docs/81025/inital SNAP build post mortem.txt",
    "anchors": [
      {
        "title": "End-to-End Post\u2011Mortem & Session Recap (Exhaustive)",
        "anchor": "end-to-end-postmortem-session-recap-exhaustive"
      },
      {
        "title": "0) High-Level Intent",
        "anchor": "0-high-level-intent"
      },
      {
        "title": "1) Chronological Timeline of Work",
        "anchor": "1-chronological-timeline-of-work"
      },
      {
        "title": "1.1 Initial Intake & Inventory",
        "anchor": "11-initial-intake-inventory"
      },
      {
        "title": "1.2 Targeted Selection (per your labels)",
        "anchor": "12-targeted-selection-per-your-labels"
      },
      {
        "title": "1.3 First Consolidation (\"best-of\" merge)",
        "anchor": "13-first-consolidation-best-of-merge"
      },
      {
        "title": "1.4 Deep Static Review of AGRM Family",
        "anchor": "14-deep-static-review-of-agrm-family"
      },
      {
        "title": "1.5 Architecture Refinement & Controller Layer",
        "anchor": "15-architecture-refinement-controller-layer"
      },
      {
        "title": "1.6 Governance Scaffolds & DTT Integration",
        "anchor": "16-governance-scaffolds-dtt-integration"
      },
      {
        "title": "1.7 Governance Expansion & Strategy Intelligence",
        "anchor": "17-governance-expansion-strategy-intelligence"
      },
      {
        "title": "1.8 SNAP Materials: Discovery, Extraction, and Analysis",
        "anchor": "18-snap-materials:-discovery-extraction-and-analysis"
      },
      {
        "title": "1.9 SNAP Subsystem (Code) \u2014 Implemented",
        "anchor": "19-snap-subsystem-code-implemented"
      },
      {
        "title": "1.10 Full Deliverable Package",
        "anchor": "110-full-deliverable-package"
      },
      {
        "title": "2) Architecture (Final Shape Reached in Session)",
        "anchor": "2-architecture-final-shape-reached-in-session"
      },
      {
        "title": "2.1 Controller",
        "anchor": "21-controller"
      },
      {
        "title": "2.2 Governance / Thinking Systems",
        "anchor": "22-governance-thinking-systems"
      },
      {
        "title": "2.3 AGRM Core (Merged)",
        "anchor": "23-agrm-core-merged"
      },
      {
        "title": "2.4 Hash (MDHG)",
        "anchor": "24-hash-mdhg"
      },
      {
        "title": "2.5 Scoring",
        "anchor": "25-scoring"
      },
      {
        "title": "2.6 SNAP (Code Implementation)",
        "anchor": "26-snap-code-implementation"
      },
      {
        "title": "3) Produced Artifacts (All Paths)",
        "anchor": "3-produced-artifacts-all-paths"
      },
      {
        "title": "3.1 Code/Packages",
        "anchor": "31-codepackages"
      },
      {
        "title": "3.2 Reviews & Reports",
        "anchor": "32-reviews-reports"
      },
      {
        "title": "3.3 SNAP Scans",
        "anchor": "33-snap-scans"
      },
      {
        "title": "3.4 Tests",
        "anchor": "34-tests"
      },
      {
        "title": "4) Design Choices & Rationale (Detailed)",
        "anchor": "4-design-choices-rationale-detailed"
      },
      {
        "title": "4.1 Consolidation Heuristic (Longest Definition Wins)",
        "anchor": "41-consolidation-heuristic-longest-definition-wins"
      },
      {
        "title": "4.2 Seeding & Determinism",
        "anchor": "42-seeding-determinism"
      },
      {
        "title": "4.3 Field Adapters",
        "anchor": "43-field-adapters"
      },
      {
        "title": "4.4 Governance Strategy",
        "anchor": "44-governance-strategy"
      },
      {
        "title": "4.5 Scoring Extensions",
        "anchor": "45-scoring-extensions"
      },
      {
        "title": "4.6 SNAP Typing & Storage",
        "anchor": "46-snap-typing-storage"
      },
      {
        "title": "5) Gaps, Risks, and Mitigations",
        "anchor": "5-gaps-risks-and-mitigations"
      },
      {
        "title": "5.1 Missing/Unconfirmed Sources",
        "anchor": "51-missingunconfirmed-sources"
      },
      {
        "title": "5.2 Heuristic Merge Ambiguity",
        "anchor": "52-heuristic-merge-ambiguity"
      },
      {
        "title": "5.3 Controller/AGRM Entrypoints",
        "anchor": "53-controlleragrm-entrypoints"
      },
      {
        "title": "5.4 Governance Coverage",
        "anchor": "54-governance-coverage"
      },
      {
        "title": "5.5 SNAP Scale & Security",
        "anchor": "55-snap-scale-security"
      },
      {
        "title": "6) How to Run & Reproduce (Step\u2011By\u2011Step)",
        "anchor": "6-how-to-run-reproduce-stepbystep"
      },
      {
        "title": "6.1 Get the Code",
        "anchor": "61-get-the-code"
      },
      {
        "title": "6.2 Basic Smoke",
        "anchor": "62-basic-smoke"
      },
      {
        "title": "(Optional) ensure deterministic seed",
        "anchor": "optional-ensure-deterministic-seed"
      },
      {
        "title": "Run tests (pytest recommended if available)",
        "anchor": "run-tests-pytest-recommended-if-available"
      },
      {
        "title": "6.3 Programmatic Use",
        "anchor": "63-programmatic-use"
      },
      {
        "title": "SNAP quickstart",
        "anchor": "snap-quickstart"
      },
      {
        "title": "7) Recommendations & Roadmap (Concrete)",
        "anchor": "7-recommendations-roadmap-concrete"
      },
      {
        "title": "7.1 AGRM & Controller",
        "anchor": "71-agrm-controller"
      },
      {
        "title": "7.2 Governance",
        "anchor": "72-governance"
      },
      {
        "title": "7.3 Hash System",
        "anchor": "73-hash-system"
      },
      {
        "title": "7.4 Scoring",
        "anchor": "74-scoring"
      },
      {
        "title": "7.5 SNAP",
        "anchor": "75-snap"
      },
      {
        "title": "7.6 E2E Testing",
        "anchor": "76-e2e-testing"
      },
      {
        "title": "8) Appendix: Directory Maps (Key Parts)",
        "anchor": "8-appendix:-directory-maps-key-parts"
      },
      {
        "title": "8.1 `bestof_agrm/` (selected)",
        "anchor": "81-bestof_agrm-selected"
      },
      {
        "title": "8.2 `bestof_agrm_tests/`",
        "anchor": "82-bestof_agrm_tests"
      },
      {
        "title": "9) Closing Notes",
        "anchor": "9-closing-notes"
      }
    ]
  }
]