{
  "meta": {
    "started_at": 1754809136.8808982,
    "plan": {
      "steps": [
        {
          "name": "policy:load",
          "family": "governance",
          "module": "json",
          "func": "loads",
          "args": [
            "{}"
          ],
          "priority": 1,
          "policy_id": "policy:n7"
        },
        {
          "name": "superperm:kernel",
          "family": "solver.superperm",
          "module": "src.testlib_plus.agents.superperm",
          "func": "kernel_gen",
          "kwargs": {
            "seed": 321,
            "n": 7,
            "mode": "dry"
          },
          "est_wall_ms": 50,
          "est_ram_mb": 64,
          "priority": 10,
          "policy_id": "policy:n7"
        },
        {
          "name": "superperm:construct",
          "family": "solver.superperm",
          "module": "src.testlib_plus.agents.superperm",
          "func": "constructor",
          "est_wall_ms": 120,
          "est_ram_mb": 128,
          "priority": 20,
          "policy_id": "policy:n7"
        },
        {
          "name": "superperm:coverage",
          "family": "solver.superperm",
          "module": "src.testlib_plus.agents.superperm",
          "func": "coverage_check",
          "kwargs": {
            "alphabet": [
              "A",
              "B",
              "C"
            ],
            "exactly_once": true
          },
          "est_wall_ms": 80,
          "est_ram_mb": 128,
          "priority": 30,
          "policy_id": "policy:n7"
        },
        {
          "name": "dim:probe",
          "family": "dim3d",
          "module": "src.testlib_plus.agents.dim_probe",
          "func": "proj3d_quality",
          "kwargs": {
            "n": 200,
            "seed": 9
          },
          "est_wall_ms": 60,
          "est_ram_mb": 128,
          "priority": 40,
          "policy_id": "policy:dim"
        }
      ]
    },
    "ended_at": 1754809138.087591,
    "elapsed_s": 1.2066926956176758
  },
  "queue_records": [
    {
      "name": "policy:load",
      "family": "governance",
      "module": "json",
      "func": "loads",
      "priority": 1,
      "status": "ok",
      "duration_ms": 0.03794200006268511,
      "error": null
    },
    {
      "name": "superperm:kernel",
      "family": "solver.superperm",
      "module": "src.testlib_plus.agents.superperm",
      "func": "kernel_gen",
      "priority": 10,
      "status": "ok",
      "duration_ms": 8.671391999996558,
      "error": null
    },
    {
      "name": "superperm:construct",
      "family": "solver.superperm",
      "module": "src.testlib_plus.agents.superperm",
      "func": "constructor",
      "priority": 20,
      "status": "error",
      "duration_ms": 1.2750949999826844,
      "error": {
        "type": "TypeError",
        "msg": "constructor() missing 1 required positional argument: 'kernel'",
        "trace": "Traceback (most recent call last):\n  File \"/mnt/data/test_harness_plus_v2_stage/src/testlib_plus/orchestrator.py\", line 98, in run\n    out = fn(*op.args, **op.kwargs)\n          ^^^^^^^^^^^^^^^^^^^^^^^^^\nTypeError: constructor() missing 1 required positional argument: 'kernel'\n"
      },
      "result": null
    },
    {
      "name": "superperm:coverage",
      "family": "solver.superperm",
      "module": "src.testlib_plus.agents.superperm",
      "func": "coverage_check",
      "priority": 30,
      "status": "error",
      "duration_ms": 0.6753109998953732,
      "error": {
        "type": "TypeError",
        "msg": "coverage_check() missing 1 required positional argument: 'seq'",
        "trace": "Traceback (most recent call last):\n  File \"/mnt/data/test_harness_plus_v2_stage/src/testlib_plus/orchestrator.py\", line 98, in run\n    out = fn(*op.args, **op.kwargs)\n          ^^^^^^^^^^^^^^^^^^^^^^^^^\nTypeError: coverage_check() missing 1 required positional argument: 'seq'\n"
      },
      "result": null
    },
    {
      "name": "dim:probe",
      "family": "dim3d",
      "module": "src.testlib_plus.agents.dim_probe",
      "func": "proj3d_quality",
      "priority": 40,
      "status": "ok",
      "duration_ms": 1195.680326999991,
      "error": null
    }
  ],
  "sap_events": [
    {
      "family": "governance",
      "attestation": {
        "status": "pass",
        "policy_id": "policy:n7",
        "reasons": [],
        "metrics": {
          "proj_wall_ms": 0.0,
          "cap_wall_ms": 450000.0,
          "proj_ram_mb": 0.0,
          "cap_ram_mb": 3072.0
        }
      },
      "ruling": {
        "decision": "allow",
        "rationale": {
          "policy": "policy:n7"
        }
      }
    },
    {
      "family": "governance",
      "attestation": {
        "status": "pass",
        "policy_id": "policy:n7",
        "reasons": [],
        "metrics": {
          "wall_used_ms": 0.03794200006268511,
          "cap_wall_ms": 450000.0,
          "ram_peak_mb": 0.0,
          "cap_ram_mb": 3072.0,
          "op_duration_ms": 0.03794200006268511
        }
      },
      "ruling": {
        "decision": "allow",
        "rationale": {
          "policy": "policy:n7"
        }
      }
    },
    {
      "family": "solver.superperm",
      "attestation": {
        "status": "pass",
        "policy_id": "policy:n7",
        "reasons": [],
        "metrics": {
          "proj_wall_ms": 50.037942000062685,
          "cap_wall_ms": 450000.0,
          "proj_ram_mb": 64.0,
          "cap_ram_mb": 3072.0
        }
      },
      "ruling": {
        "decision": "allow",
        "rationale": {
          "policy": "policy:n7"
        }
      }
    },
    {
      "family": "solver.superperm",
      "attestation": {
        "status": "pass",
        "policy_id": "policy:n7",
        "reasons": [],
        "metrics": {
          "wall_used_ms": 8.709334000059243,
          "cap_wall_ms": 450000.0,
          "ram_peak_mb": 64.0,
          "cap_ram_mb": 3072.0,
          "op_duration_ms": 8.671391999996558
        }
      },
      "ruling": {
        "decision": "allow",
        "rationale": {
          "policy": "policy:n7"
        }
      }
    },
    {
      "family": "solver.superperm",
      "attestation": {
        "status": "pass",
        "policy_id": "policy:n7",
        "reasons": [],
        "metrics": {
          "proj_wall_ms": 128.70933400005924,
          "cap_wall_ms": 450000.0,
          "proj_ram_mb": 128.0,
          "cap_ram_mb": 3072.0
        }
      },
      "ruling": {
        "decision": "allow",
        "rationale": {
          "policy": "policy:n7"
        }
      }
    },
    {
      "family": "solver.superperm",
      "attestation": {
        "status": "pass",
        "policy_id": "policy:n7",
        "reasons": [],
        "metrics": {
          "wall_used_ms": 9.984429000041928,
          "cap_wall_ms": 450000.0,
          "ram_peak_mb": 128.0,
          "cap_ram_mb": 3072.0,
          "op_duration_ms": 1.2750949999826844
        }
      },
      "ruling": {
        "decision": "allow",
        "rationale": {
          "policy": "policy:n7"
        }
      }
    },
    {
      "family": "solver.superperm",
      "attestation": {
        "status": "pass",
        "policy_id": "policy:n7",
        "reasons": [],
        "metrics": {
          "proj_wall_ms": 89.98442900004193,
          "cap_wall_ms": 450000.0,
          "proj_ram_mb": 128.0,
          "cap_ram_mb": 3072.0
        }
      },
      "ruling": {
        "decision": "allow",
        "rationale": {
          "policy": "policy:n7"
        }
      }
    },
    {
      "family": "solver.superperm",
      "attestation": {
        "status": "pass",
        "policy_id": "policy:n7",
        "reasons": [],
        "metrics": {
          "wall_used_ms": 10.659739999937301,
          "cap_wall_ms": 450000.0,
          "ram_peak_mb": 128.0,
          "cap_ram_mb": 3072.0,
          "op_duration_ms": 0.6753109998953732
        }
      },
      "ruling": {
        "decision": "allow",
        "rationale": {
          "policy": "policy:n7"
        }
      }
    },
    {
      "family": "dim3d",
      "attestation": {
        "status": "pass",
        "policy_id": "policy:dim",
        "reasons": [],
        "metrics": {
          "proj_wall_ms": 70.6597399999373,
          "cap_wall_ms": 450000.0,
          "proj_ram_mb": 128.0,
          "cap_ram_mb": 3072.0
        }
      },
      "ruling": {
        "decision": "allow",
        "rationale": {
          "policy": "policy:dim"
        }
      }
    },
    {
      "family": "dim3d",
      "attestation": {
        "status": "pass",
        "policy_id": "policy:dim",
        "reasons": [],
        "metrics": {
          "wall_used_ms": 1206.3400669999282,
          "cap_wall_ms": 450000.0,
          "ram_peak_mb": 128.0,
          "cap_ram_mb": 3072.0,
          "op_duration_ms": 1195.680326999991
        }
      },
      "ruling": {
        "decision": "allow",
        "rationale": {
          "policy": "policy:dim"
        }
      }
    }
  ],
  "notes": [
    {
      "op": "dim:probe",
      "optimization_points": [
        "try geo-preserving projection for better stability"
      ],
      "weak_spots": [
        "overlap too low on this seed"
      ]
    }
  ],
  "resource_caps": {
    "wall_cap_ms": 450000.0,
    "ram_cap_mb": 3072.0
  }
}