{
  "$schema": "http://json-schema.org/draft-07/schema#",
  "title": "LineageEdge",
  "type": "object",
  "required": [
    "parent_id",
    "child_id",
    "weight",
    "kind"
  ],
  "properties": {
    "parent_id": {
      "type": "string"
    },
    "child_id": {
      "type": "string"
    },
    "weight": {
      "type": "number",
      "minimum": 0,
      "maximum": 1
    },
    "kind": {
      "type": "string",
      "enum": [
        "concept",
        "procedure",
        "ancestry",
        "authorization",
        "control"
      ]
    }
  }
}