token,route_prime,min_delta_to_corridor
11,2,0
11,3,0
11,5,0
20,2,0
20,3,0
20,5,0
25,2,0
25,3,0
25,5,0
30,2,0
30,3,0
30,5,1
3f,2,0
3f,3,0
3f,5,0
4f,2,0
4f,3,0
4f,7,0
60,2,0
60,3,0
60,13,0
CATALOG_NIEMEIER_24,2,0
CATALOG_NIEMEIER_24,3,0
CATALOG_NIEMEIER_24,5,0
CODE_GOLAY_EXTENDED,2,0
CODE_GOLAY_EXTENDED,3,0
CODE_GOLAY_EXTENDED,5,0
CONSTRUCTION_A_TEMPLATE,2,0
CONSTRUCTION_A_TEMPLATE,3,0
CONSTRUCTION_A_TEMPLATE,5,0
CONWAY_GROUPS_AUT_LEECH,2,0
CONWAY_GROUPS_AUT_LEECH,3,0
CONWAY_GROUPS_AUT_LEECH,7,0
DEEPPHOLE_LEECH_23_ORBITS,2,0
DEEPPHOLE_LEECH_23_ORBITS,3,0
DEEPPHOLE_LEECH_23_ORBITS,23,0
E8_ROOT_SYSTEM_240,2,0
E8_ROOT_SYSTEM_240,3,0
E8_ROOT_SYSTEM_240,5,0
E8_THETA_WEIGHT4,2,0
E8_THETA_WEIGHT4,3,0
E8_THETA_WEIGHT4,7,0
GROTH_SHEAF_GLUE,2,0
GROTH_SHEAF_GLUE,3,0
GROTH_SHEAF_GLUE,31,0
HODGE_SPLIT_GRAPH,2,0
HODGE_SPLIT_GRAPH,3,0
HODGE_SPLIT_GRAPH,5,0
II_25_1_LORENTZ_CUT,2,0
II_25_1_LORENTZ_CUT,3,0
II_25_1_LORENTZ_CUT,5,0
KOL_MDL_DELTA,2,0
KOL_MDL_DELTA,3,0
KOL_MDL_DELTA,5,0
LAMINATED_LATTICES_SEQ,2,0
LAMINATED_LATTICES_SEQ,3,0
LAMINATED_LATTICES_SEQ,5,0
LEECH_MIN_SHELL_196560,2,0
LEECH_MIN_SHELL_196560,3,0
LEECH_MIN_SHELL_196560,29,0
LEECH_NO_ROOTS_MIN4,2,0
LEECH_NO_ROOTS_MIN4,3,0
LEECH_NO_ROOTS_MIN4,5,0
NOETHER_CONSERVATION,2,0
NOETHER_CONSERVATION,3,0
NOETHER_CONSERVATION,5,0
PARITY_64BIT_LANES,2,0
PARITY_64BIT_LANES,3,0
PARITY_64BIT_LANES,5,0
PROOF_E8_DENSEST_AM2017,2,0
PROOF_E8_DENSEST_AM2017,3,0
PROOF_E8_DENSEST_AM2017,5,0
PROOF_LEECH_DENSEST_AM2017,2,0
PROOF_LEECH_DENSEST_AM2017,3,0
PROOF_LEECH_DENSEST_AM2017,7,0
PROOF_UNIVERSAL_OPTIMALITY_AM2022,2,0
PROOF_UNIVERSAL_OPTIMALITY_AM2022,3,0
PROOF_UNIVERSAL_OPTIMALITY_AM2022,7,0
SMT_GODEL_GATES,2,0
SMT_GODEL_GATES,3,0
SMT_GODEL_GATES,5,0
SPECTRAL_GAP_RAYLEIGH,2,0
SPECTRAL_GAP_RAYLEIGH,3,0
SPECTRAL_GAP_RAYLEIGH,19,0
TURYN_3xE8_TO_LEECH,2,0
TURYN_3xE8_TO_LEECH,3,0
TURYN_3xE8_TO_LEECH,11,0
UQ_CONFORMAL_90COVERAGE,2,0
UQ_CONFORMAL_90COVERAGE,3,0
UQ_CONFORMAL_90COVERAGE,7,0
WAVELET_FOURIER_SLICE,2,0
WAVELET_FOURIER_SLICE,3,0
WAVELET_FOURIER_SLICE,7,0
about,2,0
about,3,0
about,5,0
abs,2,0
abs,3,0
abs,11,0
across,2,0
across,3,0
across,7,0
act,2,0
act,3,0
act,5,0
action,2,0
action,3,0
action,7,0
add,2,0
add,3,0
add,5,0
additional,2,0
additional,3,0
additional,5,0
after,2,0
after,3,0
after,5,0
also,2,0
also,3,0
also,7,0
an,2,0
an,3,0
an,5,0
analyze,2,0
analyze,3,0
analyze,7,0
applications,2,0
applications,3,0
applications,7,0
are,2,0
are,3,0
are,5,0
as,2,0
as,3,0
as,29,0
atom,2,0
atom,3,0
atom,5,0
available,2,0
available,3,0
available,5,0
ax1,2,0
ax1,3,0
ax1,23,0
base,2,0
base,3,0
base,5,0
baseline,2,0
baseline,3,0
baseline,97,0
basic,2,0
basic,3,0
basic,5,0
becomes,2,0
becomes,3,0
becomes,5,0
before,2,0
before,3,0
before,19,0
between,2,0
between,3,0
between,5,0
bonus,2,0
bonus,3,0
bonus,5,0
bouncing,2,0
bouncing,3,0
bouncing,5,0
by,2,0
by,3,0
by,5,0
canvas,2,0
canvas,3,0
canvas,7,0
capacity,2,0
capacity,3,0
capacity,7,0
cartan,2,0
cartan,3,0
cartan,7,0
chamber,2,0
chamber,3,0
chamber,5,0
channels,2,0
channels,3,0
channels,5,0
characteristics,2,0
characteristics,3,0
characteristics,7,0
chatgpt,2,0
chatgpt,3,0
chatgpt,5,0
color,2,0
color,3,0
color,5,0
complete,2,0
complete,3,0
complete,13,0
complex,2,0
complex,3,0
complex,5,0
component,2,0
component,3,0
component,5,0
computational,2,0
computational,3,0
computational,5,0
conditions,2,0
conditions,3,0
conditions,5,0
context,2,0
context,3,0
context,5,0
control,2,0
control,3,0
control,5,0
copy,2,0
copy,3,0
copy,5,0
could,2,0
could,3,0
could,7,0
creative,2,0
creative,3,0
creative,5,0
criteria,2,0
criteria,3,0
criteria,5,0
critical,2,0
critical,3,0
critical,7,0
database,2,0
database,3,0
database,5,0
de,2,0
de,3,0
de,5,0
default,2,0
default,3,0
default,5,0
define,2,0
define,3,0
define,5,0
dict,2,0
dict,3,0
dict,5,0
discovery,2,0
discovery,3,0
discovery,19,0
do,2,0
do,3,0
do,5,0
documentation,2,0
documentation,3,0
documentation,5,0
domain_context,2,0
domain_context,3,0
domain_context,7,0
dtt,2,0
dtt,3,0
dtt,5,0
due,2,0
due,3,0
due,7,0
during,2,0
during,3,0
during,5,0
efficiency,2,0
efficiency,3,0
efficiency,5,1
empty,2,0
empty,3,0
empty,41,0
enhanced,2,0
enhanced,3,0
enhanced,5,0
entire,2,0
entire,3,0
entire,5,0
environment,2,0
environment,3,0
environment,17,0
evidence_level,2,0
evidence_level,3,0
evidence_level,5,0
execution,2,0
execution,3,0
execution,5,0
execution_time,2,0
execution_time,3,0
execution_time,41,0
existing,2,0
existing,3,0
existing,7,0
exploration,2,0
exploration,3,0
exploration,5,0
exploring,2,0
exploring,3,0
exploring,5,0
extensions,2,0
extensions,3,0
extensions,5,0
final,2,0
final,3,0
final,7,0
focus,2,0
focus,3,0
focus,5,0
for,2,0
for,3,0
for,5,0
form,2,0
form,3,0
form,5,0
formula,2,0
formula,3,0
formula,5,0
forward,2,0
forward,3,0
forward,5,0
found,2,0
found,3,0
found,5,0
framework,2,0
framework,3,0
framework,5,0
full,2,0
full,3,0
full,5,0
function,2,0
function,3,0
function,61,0
functions,2,0
functions,3,0
functions,5,0
further,2,0
further,3,0
further,7,0
generate,2,0
generate,3,0
generate,5,0
get,2,0
get,3,0
get,7,0
given,2,0
given,3,0
given,5,0
golden,2,0
golden,3,0
golden,7,0
graph,2,0
graph,3,0
graph,11,0
has,2,0
has,3,0
has,5,0
hash,2,0
hash,3,0
hash,7,0
high,2,0
high,3,0
high,5,0
hodge,2,0
hodge,3,0
hodge,5,0
hypothesis,2,0
hypothesis,3,0
hypothesis,5,0
implement,2,0
implement,3,0
implement,5,0
include,2,0
include,3,0
include,5,0
initialize,2,0
initialize,3,0
initialize,7,0
insights,2,0
insights,3,0
insights,5,0
interaction,2,0
interaction,3,0
interaction,5,0
is_valid_permutation,2,0
is_valid_permutation,3,0
is_valid_permutation,7,0
item,2,0
item,3,0
item,11,0
k-mer,2,0
k-mer,3,0
k-mer,5,0
key,2,0
key,3,0
key,11,0
knowledge,2,0
knowledge,3,0
knowledge,5,0
lambda,2,0
lambda,3,0
lambda,7,0
laminate,2,0
laminate,3,0
laminate,5,0
law,2,0
law,3,0
law,5,0
len,2,0
len,3,0
len,5,0
limbo_list,2,0
limbo_list,3,0
limbo_list,7,0
linalg,2,0
linalg,3,0
linalg,7,0
log,2,0
log,3,0
log,17,0
logger,2,0
logger,3,0
logger,5,0
logic,2,0
logic,3,0
logic,5,0
map,2,0
map,3,0
map,5,0
mass,2,0
mass,3,0
mass,7,0
math,2,0
math,3,0
math,5,1
me,2,0
me,3,0
me,13,0
method,2,0
method,3,0
method,5,0
methods,2,0
methods,3,0
methods,5,0
metrics,2,0
metrics,3,0
metrics,7,0
min,2,0
min,3,0
min,5,0
missing,2,0
missing,3,0
missing,5,0
moderate,2,0
moderate,3,0
moderate,5,0
most,2,0
most,3,0
most,5,0
name__,2,0
name__,3,0
name__,5,0
needed,2,0
needed,3,0
needed,7,0
next,2,0
next,3,0
next,7,0
no,2,0
no,3,0
no,5,0
not,2,0
not,3,0
not,41,0
np,2,0
np,3,0
np,5,0
objective,2,0
objective,3,0
objective,5,0
or,2,0
or,3,0
or,11,0
parity,2,0
parity,3,0
parity,7,0
performance,2,0
performance,3,0
performance,5,0
perm,2,0
perm,3,0
perm,5,0
permutation,2,0
permutation,3,0
permutation,5,1
permutations,2,0
permutations,3,0
permutations,5,0
potential,2,0
potential,3,0
potential,5,0
preservation,2,0
preservation,3,0
preservation,7,0
priority,2,0
priority,3,0
priority,5,0
progress,2,0
progress,3,0
progress,5,0
proof,2,0
proof,3,0
proof,7,0
py,2,0
py,3,0
py,5,0
pytest,2,0
pytest,3,0
pytest,5,0
quantum,2,0
quantum,3,0
quantum,5,0
ratio,2,0
ratio,3,0
ratio,7,0
re,2,0
re,3,0
re,7,0
real,2,0
real,3,0
real,5,0
recursive,2,0
recursive,3,0
recursive,5,0
reference_channels,2,0
reference_channels,3,0
reference_channels,11,0
refine,2,0
refine,3,0
refine,5,0
representation,2,0
representation,3,0
representation,5,0
representations,2,0
representations,3,0
representations,5,0
result,2,0
result,3,0
result,5,0
roots,2,0
roots,3,0
roots,5,0
rules,2,0
rules,3,0
rules,5,0
run,2,0
run,3,0
run,7,0
said,2,0
said,3,0
said,11,0
scale,2,0
scale,3,0
scale,37,0
score,2,0
score,3,0
score,5,0
scores,2,0
scores,3,0
scores,7,0
segment,2,0
segment,3,0
segment,5,1
self,2,0
self,3,0
self,13,0
separation,2,0
separation,3,0
separation,7,0
setup,2,0
setup,3,0
setup,11,0
shell,2,0
shell,3,0
shell,5,0
show,2,0
show,3,0
show,5,0
signs,2,0
signs,3,0
signs,5,0
size,2,0
size,3,0
size,5,0
solution,2,0
solution,3,0
solution,5,0
specific,2,0
specific,3,0
specific,11,0
sqrt,2,0
sqrt,3,0
sqrt,7,0
start_time,2,0
start_time,3,0
start_time,17,0
state,2,0
state,3,0
state,5,0
status,2,0
status,3,0
status,53,0
storage,2,0
storage,3,0
storage,5,0
strong,2,0
strong,3,0
strong,5,0
structures,2,0
structures,3,0
structures,23,0
systematic,2,0
systematic,3,0
systematic,5,0
tasks,2,0
tasks,3,0
tasks,5,0
tested,2,0
tested,3,0
tested,5,0
testing,2,0
testing,3,0
testing,5,0
tests,2,0
tests,3,0
tests,7,0
them,2,0
them,3,0
them,5,0
theorem,2,0
theorem,3,0
theorem,19,0
theory,2,0
theory,3,0
theory,7,0
these,2,0
these,3,0
these,5,0
three,2,0
three,3,0
three,5,0
traversal,2,0
traversal,3,0
traversal,13,0
truth,2,0
truth,3,0
truth,5,0
tuple,2,0
tuple,3,0
tuple,7,0
turn,2,0
turn,3,0
turn,5,0
type,2,0
type,3,0
type,5,0
universal,2,0
universal,3,0
universal,5,0
until,2,0
until,3,0
until,5,0
used,2,0
used,3,0
used,5,0
validation,2,0
validation,3,0
validation,5,0
validator,2,0
validator,3,0
validator,5,0
value,2,0
value,3,0
value,11,0
variety,2,0
variety,3,0
variety,5,0
ve,2,0
ve,3,0
ve,13,0
vector,2,0
vector,3,0
vector,5,0
vs,2,0
vs,3,0
vs,11,0
was,2,0
was,3,0
was,5,0
weights,2,0
weights,3,0
weights,5,0
what,2,0
what,3,0
what,5,0
when,2,0
when,3,0
when,5,0
why,2,0
why,3,0
why,5,0
will,2,0
will,3,0
will,17,0
winner,2,0
winner,3,0
winner,5,0
winners,2,0
winners,3,0
winners,7,0
work,2,0
work,3,0
work,7,0
would,2,0
would,3,0
would,7,0
write,2,0
write,3,0
write,7,0
yang-mills,2,0
yang-mills,3,0
yang-mills,5,1
year,2,0
year,3,0
year,5,0
yes,2,0
yes,3,0
yes,5,0
you,2,0
you,3,0
you,7,0
