[
  {
    "pack_id": "PACK_TELESCOPE_V1",
    "sidecars": [
      "OPTICS",
      "THERMAL",
      "POLAR",
      "MATH",
      "STORAGE"
    ],
    "tokens_hint": [
      "wavelength_nm",
      "aperture_m",
      "WFE_nm",
      "radiator_m2",
      "vent_sr",
      "LC_bias_V",
      "AR_dB",
      "eff_frac",
      "rayleigh",
      "fs_pulse_nJ"
    ]
  },
  {
    "pack_id": "PACK_EM_FIELD_V1",
    "sidecars": [
      "EM_FIELD",
      "POLAR",
      "MATH"
    ],
    "tokens_hint": [
      "Bz_T",
      "AR_dB",
      "eff_frac",
      "freq_GHz",
      "perm_\u03b5",
      "\u03bc",
      "\u03c3"
    ]
  },
  {
    "pack_id": "PACK_BIO_COHERENCE_V2",
    "sidecars": [
      "BIO_COHERENCE",
      "MATH"
    ],
    "tokens_hint": [
      "T1_ms",
      "T2*_ms",
      "g_factor",
      "MW_Rabi_kHz",
      "temp_K",
      "pH"
    ]
  },
  {
    "pack_id": "PACK_COSMOS_LENSING_V1",
    "sidecars": [
      "COSMOS_LENSING",
      "MATH"
    ],
    "tokens_hint": [
      "shear_g1",
      "shear_g2",
      "psf_size",
      "photoz_prior",
      "subhalo_mass"
    ]
  },
  {
    "pack_id": "PACK_MATERIALS_V1",
    "sidecars": [
      "THERMAL",
      "EM_FIELD",
      "MATH"
    ],
    "tokens_hint": [
      "emissivity",
      "phase_change_T",
      "drift_ppm",
      "thickness_nm"
    ]
  }
]