{
  "generated_at": "2025-09-19T16:41:41.156234Z",
  "anchor": {
    "form_id": "LEECH_PATCH_A1",
    "constructionA": {
      "p": 2,
      "code": "Golay(24,12,8)",
      "glue": "half-shift+evenness"
    },
    "automorphism": {
      "group": "M24",
      "element": "\u03c3_173842",
      "perm24": [
        6,
        7,
        5,
        23,
        19,
        16,
        21,
        0,
        2,
        8,
        17,
        14,
        10,
        22,
        9,
        13,
        4,
        18,
        1,
        12,
        15,
        20,
        11,
        3
      ]
    },
    "octet_map": {
      "H1": "octad-1",
      "H2": "octad-2",
      "H3": "octad-3",
      "H4": "octad-4",
      "H5": "octad-5",
      "H6": "octad-6",
      "H7": "octad-7",
      "H8": "octad-8"
    },
    "dna10": [
      "13\u00d7N s",
      "mirror:on",
      "scale:1.5m",
      "pose:off-axis",
      "domain:VIS/NIR",
      "conditioning:well-posed",
      "units:SI",
      "precision:1e-3",
      "cost:low",
      "seed:1337"
    ],
    "thresholds": {
      "normal": {
        "OPE": 0.04,
        "FCE": 0.04
      },
      "strict": {
        "OPE": 0.03,
        "FCE": 0.03
      }
    },
    "receipts": {
      "fourbit": "1011",
      "votes": {
        "mirror": "22/24",
        "views": "46/64"
      },
      "page_hash": "50a01dd3c5653bbbab777f70298c7300012ca52ce01d6644122d413868cbdacf"
    },
    "status": "ANCHOR",
    "parent": null,
    "meaning_pack": "PACK_TELESCOPE_V1"
  },
  "clones": [
    {
      "form_id": "LEECH_CLONE_B1",
      "parent": "LEECH_PATCH_A1",
      "constructionA": {
        "p": 2,
        "code": "Golay(24,12,8)",
        "glue": "half-shift+evenness"
      },
      "automorphism": {
        "group": "M24",
        "element": "\u03c3_009515",
        "perm24": [
          2,
          15,
          13,
          7,
          16,
          22,
          0,
          11,
          6,
          1,
          17,
          9,
          19,
          23,
          21,
          14,
          8,
          5,
          18,
          3,
          20,
          4,
          12,
          10
        ]
      },
      "octet_map": {
        "H1": "octad-1",
        "H2": "octad-2",
        "H3": "octad-3",
        "H4": "octad-4",
        "H5": "octad-5",
        "H6": "octad-6",
        "H7": "octad-7",
        "H8": "octad-8"
      },
      "dna10": [
        "13\u00d7N s",
        "mirror:on",
        "scale:1.5m",
        "pose:off-axis",
        "domain:VIS/NIR",
        "conditioning:well-posed",
        "units:SI",
        "precision:1e-3",
        "cost:low",
        "seed:1337"
      ],
      "thresholds": {
        "normal": {
          "OPE": 0.04,
          "FCE": 0.04
        },
        "strict": {
          "OPE": 0.03,
          "FCE": 0.03
        }
      },
      "receipts": {
        "fourbit": "----",
        "votes": {
          "mirror": "--/--",
          "views": "--/--"
        },
        "page_hash": "e2d8960c6afd6dd1c932674b48b870a344a59e80278d94ea2ba4102010bcdd85"
      },
      "status": "PROVISIONAL",
      "meaning_pack": "PACK_EM_FIELD_V1"
    },
    {
      "form_id": "LEECH_CLONE_B2",
      "parent": "LEECH_PATCH_A1",
      "constructionA": {
        "p": 2,
        "code": "Golay(24,12,8)",
        "glue": "half-shift+evenness"
      },
      "automorphism": {
        "group": "M24",
        "element": "\u03c3_009516",
        "perm24": [
          10,
          6,
          8,
          18,
          16,
          1,
          22,
          7,
          4,
          3,
          17,
          13,
          0,
          15,
          23,
          11,
          19,
          9,
          12,
          21,
          2,
          20,
          5,
          14
        ]
      },
      "octet_map": {
        "H1": "octad-1",
        "H2": "octad-2",
        "H3": "octad-3",
        "H4": "octad-4",
        "H5": "octad-5",
        "H6": "octad-6",
        "H7": "octad-7",
        "H8": "octad-8"
      },
      "dna10": [
        "13\u00d7N s",
        "mirror:on",
        "scale:1.5m",
        "pose:off-axis",
        "domain:VIS/NIR",
        "conditioning:well-posed",
        "units:SI",
        "precision:1e-3",
        "cost:low",
        "seed:1337"
      ],
      "thresholds": {
        "normal": {
          "OPE": 0.04,
          "FCE": 0.04
        },
        "strict": {
          "OPE": 0.03,
          "FCE": 0.03
        }
      },
      "receipts": {
        "fourbit": "----",
        "votes": {
          "mirror": "--/--",
          "views": "--/--"
        },
        "page_hash": "27372de5419de5353da9958eced616b0d6e2774f11d56520b4f6c2ceb8863a74"
      },
      "status": "PROVISIONAL",
      "meaning_pack": "PACK_EM_FIELD_V1"
    },
    {
      "form_id": "LEECH_CLONE_B3",
      "parent": "LEECH_PATCH_A1",
      "constructionA": {
        "p": 2,
        "code": "Golay(24,12,8)",
        "glue": "half-shift+evenness"
      },
      "automorphism": {
        "group": "M24",
        "element": "\u03c3_009517",
        "perm24": [
          17,
          16,
          18,
          3,
          14,
          6,
          20,
          4,
          0,
          1,
          9,
          12,
          19,
          21,
          13,
          23,
          7,
          22,
          10,
          8,
          2,
          5,
          11,
          15
        ]
      },
      "octet_map": {
        "H1": "octad-1",
        "H2": "octad-2",
        "H3": "octad-3",
        "H4": "octad-4",
        "H5": "octad-5",
        "H6": "octad-6",
        "H7": "octad-7",
        "H8": "octad-8"
      },
      "dna10": [
        "13\u00d7N s",
        "mirror:on",
        "scale:1.5m",
        "pose:off-axis",
        "domain:VIS/NIR",
        "conditioning:well-posed",
        "units:SI",
        "precision:1e-3",
        "cost:low",
        "seed:1337"
      ],
      "thresholds": {
        "normal": {
          "OPE": 0.04,
          "FCE": 0.04
        },
        "strict": {
          "OPE": 0.03,
          "FCE": 0.03
        }
      },
      "receipts": {
        "fourbit": "----",
        "votes": {
          "mirror": "--/--",
          "views": "--/--"
        },
        "page_hash": "0ff9ddf5c4cb1ec615298d2dbf47385a65ac67b4db5d4893b674a84a1bc7ff33"
      },
      "status": "PROVISIONAL",
      "meaning_pack": "PACK_EM_FIELD_V1"
    },
    {
      "form_id": "LEECH_CLONE_C1",
      "parent": "LEECH_PATCH_A1",
      "constructionA": {
        "p": 2,
        "code": "Golay(24,12,8)",
        "glue": "half-shift+evenness"
      },
      "automorphism": {
        "group": "M24",
        "element": "\u03c3_009518",
        "perm24": [
          2,
          19,
          1,
          14,
          22,
          4,
          9,
          17,
          21,
          13,
          8,
          7,
          16,
          11,
          20,
          3,
          23,
          15,
          6,
          10,
          18,
          12,
          0,
          5
        ]
      },
      "octet_map": {
        "H1": "octad-1",
        "H2": "octad-2",
        "H3": "octad-3",
        "H4": "octad-4",
        "H5": "octad-5",
        "H6": "octad-6",
        "H7": "octad-7",
        "H8": "octad-8"
      },
      "dna10": [
        "13\u00d7N s",
        "mirror:on",
        "scale:1.5m",
        "pose:off-axis",
        "domain:VIS/NIR",
        "conditioning:well-posed",
        "units:SI",
        "precision:1e-3",
        "cost:low",
        "seed:1337"
      ],
      "thresholds": {
        "normal": {
          "OPE": 0.04,
          "FCE": 0.04
        },
        "strict": {
          "OPE": 0.03,
          "FCE": 0.03
        }
      },
      "receipts": {
        "fourbit": "----",
        "votes": {
          "mirror": "--/--",
          "views": "--/--"
        },
        "page_hash": "5f72a0020b2a9190ca52912ef06f340974ed8b6354b1ef55b08b12c8e2e26e48"
      },
      "status": "PROVISIONAL",
      "meaning_pack": "PACK_BIO_COHERENCE_V2"
    },
    {
      "form_id": "LEECH_CLONE_C2",
      "parent": "LEECH_PATCH_A1",
      "constructionA": {
        "p": 2,
        "code": "Golay(24,12,8)",
        "glue": "half-shift+evenness"
      },
      "automorphism": {
        "group": "M24",
        "element": "\u03c3_009519",
        "perm24": [
          5,
          0,
          21,
          17,
          13,
          1,
          3,
          12,
          16,
          15,
          11,
          10,
          22,
          6,
          8,
          20,
          19,
          7,
          23,
          18,
          14,
          2,
          4,
          9
        ]
      },
      "octet_map": {
        "H1": "octad-1",
        "H2": "octad-2",
        "H3": "octad-3",
        "H4": "octad-4",
        "H5": "octad-5",
        "H6": "octad-6",
        "H7": "octad-7",
        "H8": "octad-8"
      },
      "dna10": [
        "13\u00d7N s",
        "mirror:on",
        "scale:1.5m",
        "pose:off-axis",
        "domain:VIS/NIR",
        "conditioning:well-posed",
        "units:SI",
        "precision:1e-3",
        "cost:low",
        "seed:1337"
      ],
      "thresholds": {
        "normal": {
          "OPE": 0.04,
          "FCE": 0.04
        },
        "strict": {
          "OPE": 0.03,
          "FCE": 0.03
        }
      },
      "receipts": {
        "fourbit": "----",
        "votes": {
          "mirror": "--/--",
          "views": "--/--"
        },
        "page_hash": "488c1787cbc8f5afa95ba36e4502cdd2bf8b3a8beee3748d73b15fa67805bb9c"
      },
      "status": "PROVISIONAL",
      "meaning_pack": "PACK_BIO_COHERENCE_V2"
    },
    {
      "form_id": "LEECH_CLONE_C3",
      "parent": "LEECH_PATCH_A1",
      "constructionA": {
        "p": 2,
        "code": "Golay(24,12,8)",
        "glue": "half-shift+evenness"
      },
      "automorphism": {
        "group": "M24",
        "element": "\u03c3_009520",
        "perm24": [
          1,
          20,
          16,
          6,
          21,
          22,
          8,
          17,
          4,
          10,
          2,
          0,
          9,
          23,
          11,
          13,
          5,
          18,
          7,
          15,
          19,
          12,
          14,
          3
        ]
      },
      "octet_map": {
        "H1": "octad-1",
        "H2": "octad-2",
        "H3": "octad-3",
        "H4": "octad-4",
        "H5": "octad-5",
        "H6": "octad-6",
        "H7": "octad-7",
        "H8": "octad-8"
      },
      "dna10": [
        "13\u00d7N s",
        "mirror:on",
        "scale:1.5m",
        "pose:off-axis",
        "domain:VIS/NIR",
        "conditioning:well-posed",
        "units:SI",
        "precision:1e-3",
        "cost:low",
        "seed:1337"
      ],
      "thresholds": {
        "normal": {
          "OPE": 0.04,
          "FCE": 0.04
        },
        "strict": {
          "OPE": 0.03,
          "FCE": 0.03
        }
      },
      "receipts": {
        "fourbit": "----",
        "votes": {
          "mirror": "--/--",
          "views": "--/--"
        },
        "page_hash": "88ecc2a217bdd0735737d9e470f6ce4d600920f7fe89363cb545dff1e324ab07"
      },
      "status": "PROVISIONAL",
      "meaning_pack": "PACK_BIO_COHERENCE_V2"
    },
    {
      "form_id": "LEECH_CLONE_D1",
      "parent": "LEECH_PATCH_A1",
      "constructionA": {
        "p": 2,
        "code": "Golay(24,12,8)",
        "glue": "half-shift+evenness"
      },
      "automorphism": {
        "group": "M24",
        "element": "\u03c3_009521",
        "perm24": [
          0,
          23,
          10,
          20,
          7,
          16,
          18,
          9,
          6,
          5,
          12,
          21,
          19,
          4,
          15,
          3,
          11,
          8,
          1,
          17,
          13,
          14,
          22,
          2
        ]
      },
      "octet_map": {
        "H1": "octad-1",
        "H2": "octad-2",
        "H3": "octad-3",
        "H4": "octad-4",
        "H5": "octad-5",
        "H6": "octad-6",
        "H7": "octad-7",
        "H8": "octad-8"
      },
      "dna10": [
        "13\u00d7N s",
        "mirror:on",
        "scale:1.5m",
        "pose:off-axis",
        "domain:VIS/NIR",
        "conditioning:well-posed",
        "units:SI",
        "precision:1e-3",
        "cost:low",
        "seed:1337"
      ],
      "thresholds": {
        "normal": {
          "OPE": 0.04,
          "FCE": 0.04
        },
        "strict": {
          "OPE": 0.03,
          "FCE": 0.03
        }
      },
      "receipts": {
        "fourbit": "----",
        "votes": {
          "mirror": "--/--",
          "views": "--/--"
        },
        "page_hash": "534053824ad3cc3ebbb84a1b2f27eb665aaede13438bb1afa6a20d840c0b7cef"
      },
      "status": "PROVISIONAL",
      "meaning_pack": "PACK_COSMOS_LENSING_V1"
    },
    {
      "form_id": "LEECH_CLONE_D2",
      "parent": "LEECH_PATCH_A1",
      "constructionA": {
        "p": 2,
        "code": "Golay(24,12,8)",
        "glue": "half-shift+evenness"
      },
      "automorphism": {
        "group": "M24",
        "element": "\u03c3_009522",
        "perm24": [
          17,
          21,
          20,
          8,
          3,
          19,
          6,
          7,
          1,
          22,
          0,
          13,
          16,
          14,
          23,
          18,
          9,
          12,
          11,
          5,
          15,
          4,
          10,
          2
        ]
      },
      "octet_map": {
        "H1": "octad-1",
        "H2": "octad-2",
        "H3": "octad-3",
        "H4": "octad-4",
        "H5": "octad-5",
        "H6": "octad-6",
        "H7": "octad-7",
        "H8": "octad-8"
      },
      "dna10": [
        "13\u00d7N s",
        "mirror:on",
        "scale:1.5m",
        "pose:off-axis",
        "domain:VIS/NIR",
        "conditioning:well-posed",
        "units:SI",
        "precision:1e-3",
        "cost:low",
        "seed:1337"
      ],
      "thresholds": {
        "normal": {
          "OPE": 0.04,
          "FCE": 0.04
        },
        "strict": {
          "OPE": 0.03,
          "FCE": 0.03
        }
      },
      "receipts": {
        "fourbit": "----",
        "votes": {
          "mirror": "--/--",
          "views": "--/--"
        },
        "page_hash": "22e462920d0d4088715619327795534678d9627e9ded41489e2c0e910255b4ee"
      },
      "status": "PROVISIONAL",
      "meaning_pack": "PACK_COSMOS_LENSING_V1"
    },
    {
      "form_id": "LEECH_CLONE_D3",
      "parent": "LEECH_PATCH_A1",
      "constructionA": {
        "p": 2,
        "code": "Golay(24,12,8)",
        "glue": "half-shift+evenness"
      },
      "automorphism": {
        "group": "M24",
        "element": "\u03c3_009523",
        "perm24": [
          15,
          12,
          2,
          21,
          10,
          23,
          4,
          18,
          6,
          16,
          8,
          5,
          20,
          13,
          1,
          22,
          0,
          3,
          11,
          17,
          9,
          14,
          7,
          19
        ]
      },
      "octet_map": {
        "H1": "octad-1",
        "H2": "octad-2",
        "H3": "octad-3",
        "H4": "octad-4",
        "H5": "octad-5",
        "H6": "octad-6",
        "H7": "octad-7",
        "H8": "octad-8"
      },
      "dna10": [
        "13\u00d7N s",
        "mirror:on",
        "scale:1.5m",
        "pose:off-axis",
        "domain:VIS/NIR",
        "conditioning:well-posed",
        "units:SI",
        "precision:1e-3",
        "cost:low",
        "seed:1337"
      ],
      "thresholds": {
        "normal": {
          "OPE": 0.04,
          "FCE": 0.04
        },
        "strict": {
          "OPE": 0.03,
          "FCE": 0.03
        }
      },
      "receipts": {
        "fourbit": "----",
        "votes": {
          "mirror": "--/--",
          "views": "--/--"
        },
        "page_hash": "78b1504b9c8f8f45f2379399d07c1e919ce2b4404f46e688ed3c9be5343c486b"
      },
      "status": "PROVISIONAL",
      "meaning_pack": "PACK_COSMOS_LENSING_V1"
    },
    {
      "form_id": "LEECH_CLONE_E1",
      "parent": "LEECH_PATCH_A1",
      "constructionA": {
        "p": 2,
        "code": "Golay(24,12,8)",
        "glue": "half-shift+evenness"
      },
      "automorphism": {
        "group": "M24",
        "element": "\u03c3_009524",
        "perm24": [
          13,
          8,
          15,
          6,
          22,
          16,
          23,
          7,
          11,
          20,
          21,
          18,
          0,
          5,
          10,
          9,
          19,
          17,
          3,
          1,
          12,
          14,
          4,
          2
        ]
      },
      "octet_map": {
        "H1": "octad-1",
        "H2": "octad-2",
        "H3": "octad-3",
        "H4": "octad-4",
        "H5": "octad-5",
        "H6": "octad-6",
        "H7": "octad-7",
        "H8": "octad-8"
      },
      "dna10": [
        "13\u00d7N s",
        "mirror:on",
        "scale:1.5m",
        "pose:off-axis",
        "domain:VIS/NIR",
        "conditioning:well-posed",
        "units:SI",
        "precision:1e-3",
        "cost:low",
        "seed:1337"
      ],
      "thresholds": {
        "normal": {
          "OPE": 0.04,
          "FCE": 0.04
        },
        "strict": {
          "OPE": 0.03,
          "FCE": 0.03
        }
      },
      "receipts": {
        "fourbit": "----",
        "votes": {
          "mirror": "--/--",
          "views": "--/--"
        },
        "page_hash": "153109c93d296808a1adc91786dd049d88ea46f263209113e48bdccbbda27c82"
      },
      "status": "PROVISIONAL",
      "meaning_pack": "PACK_MATERIALS_V1"
    },
    {
      "form_id": "LEECH_CLONE_E2",
      "parent": "LEECH_PATCH_A1",
      "constructionA": {
        "p": 2,
        "code": "Golay(24,12,8)",
        "glue": "half-shift+evenness"
      },
      "automorphism": {
        "group": "M24",
        "element": "\u03c3_009525",
        "perm24": [
          6,
          5,
          18,
          12,
          10,
          3,
          2,
          17,
          9,
          19,
          4,
          23,
          22,
          11,
          7,
          15,
          20,
          8,
          16,
          13,
          21,
          0,
          14,
          1
        ]
      },
      "octet_map": {
        "H1": "octad-1",
        "H2": "octad-2",
        "H3": "octad-3",
        "H4": "octad-4",
        "H5": "octad-5",
        "H6": "octad-6",
        "H7": "octad-7",
        "H8": "octad-8"
      },
      "dna10": [
        "13\u00d7N s",
        "mirror:on",
        "scale:1.5m",
        "pose:off-axis",
        "domain:VIS/NIR",
        "conditioning:well-posed",
        "units:SI",
        "precision:1e-3",
        "cost:low",
        "seed:1337"
      ],
      "thresholds": {
        "normal": {
          "OPE": 0.04,
          "FCE": 0.04
        },
        "strict": {
          "OPE": 0.03,
          "FCE": 0.03
        }
      },
      "receipts": {
        "fourbit": "----",
        "votes": {
          "mirror": "--/--",
          "views": "--/--"
        },
        "page_hash": "ee793aa6c774d68716fa14e4de640f45c0ac5807fda2a8b88c3d117b85619da1"
      },
      "status": "PROVISIONAL",
      "meaning_pack": "PACK_MATERIALS_V1"
    },
    {
      "form_id": "LEECH_CLONE_E3",
      "parent": "LEECH_PATCH_A1",
      "constructionA": {
        "p": 2,
        "code": "Golay(24,12,8)",
        "glue": "half-shift+evenness"
      },
      "automorphism": {
        "group": "M24",
        "element": "\u03c3_009526",
        "perm24": [
          14,
          1,
          16,
          4,
          17,
          19,
          2,
          13,
          6,
          3,
          22,
          12,
          5,
          18,
          10,
          8,
          0,
          15,
          20,
          11,
          9,
          7,
          23,
          21
        ]
      },
      "octet_map": {
        "H1": "octad-1",
        "H2": "octad-2",
        "H3": "octad-3",
        "H4": "octad-4",
        "H5": "octad-5",
        "H6": "octad-6",
        "H7": "octad-7",
        "H8": "octad-8"
      },
      "dna10": [
        "13\u00d7N s",
        "mirror:on",
        "scale:1.5m",
        "pose:off-axis",
        "domain:VIS/NIR",
        "conditioning:well-posed",
        "units:SI",
        "precision:1e-3",
        "cost:low",
        "seed:1337"
      ],
      "thresholds": {
        "normal": {
          "OPE": 0.04,
          "FCE": 0.04
        },
        "strict": {
          "OPE": 0.03,
          "FCE": 0.03
        }
      },
      "receipts": {
        "fourbit": "----",
        "votes": {
          "mirror": "--/--",
          "views": "--/--"
        },
        "page_hash": "4741423854d3a8389d81d988437e9b70373c5b9ab8831dcb27259756af61bc06"
      },
      "status": "PROVISIONAL",
      "meaning_pack": "PACK_MATERIALS_V1"
    }
  ]
}