{
  "version": "v0",
  "cases": [
    {
      "test_id": "NAV_MARS_HOHMANN_v0",
      "title": "Mars Navigation (Hohmann transfer, scratch-only)",
      "gate_arms": "1/1/1/1/1/1",
      "dual_witness": "GREEN/GREEN",
      "NTER_pins": NaN,
      "verdict": "OPEN"
    },
    {
      "test_id": "ICE_PHASE_VII_v0",
      "title": "Ice phase under warm high-pressure (VII)",
      "gate_arms": "1/1/1/1/1/1",
      "dual_witness": "GREEN/GREEN",
      "NTER_pins": NaN,
      "verdict": "OPEN"
    },
    {
      "test_id": "CODON_DUPLEX_TWIN_v0",
      "title": "Codon\u2013Anticodon Twin + Peptide Bond",
      "gate_arms": "1/1/1/1/1/1",
      "dual_witness": "GREEN/GREEN",
      "NTER_pins": NaN,
      "verdict": "OPEN"
    }
  ],
  "pin_schema": [
    {
      "test_id": "NAV_MARS_HOHMANN_v0",
      "pin": "atm_density_kg_m3",
      "units": "kg/m^3",
      "min": "",
      "max": "",
      "notes": "attach provenance URL/source on publish"
    },
    {
      "test_id": "NAV_MARS_HOHMANN_v0",
      "pin": "dv_budget_m_s",
      "units": "m/s",
      "min": "",
      "max": "",
      "notes": "attach provenance URL/source on publish"
    },
    {
      "test_id": "ICE_PHASE_VII_v0",
      "pin": "pressure_gpa",
      "units": "GPa",
      "min": "",
      "max": "",
      "notes": "attach provenance URL/source on publish"
    },
    {
      "test_id": "ICE_PHASE_VII_v0",
      "pin": "temp_c",
      "units": "C",
      "min": "",
      "max": "",
      "notes": "attach provenance URL/source on publish"
    },
    {
      "test_id": "CODON_DUPLEX_TWIN_v0",
      "pin": "nan",
      "units": "-",
      "min": "",
      "max": "",
      "notes": "attach provenance URL/source on publish"
    }
  ],
  "mods": [
    2,
    4,
    8,
    32,
    13
  ]
}