symbol,value_rad,units,min,max,provenance,value
phi1,0.0,rad,0.0,6.283185307179586,INTERNAL:v0.2 demo,
phi2,1.4499658401183662,rad,0.0,6.283185307179586,INTERNAL:v0.2 demo,
phi3,3.383253626942854,rad,0.0,6.283185307179586,INTERNAL:v0.2 demo,
phi4,5.316541413767342,rad,0.0,6.283185307179586,INTERNAL:v0.2 demo,
R_const,,arb,0.5,2.0,INTERNAL:v0.2 demo,
G_const,,arb,-1.0,1.0,INTERNAL:v0.2 demo,
delta,0.483321946706122,rad,0.483321946706122,0.483321946706122,Monster 13 screw,
epsilon,,,1e-12,1e-06,Tolerance policy,
