{
  "$schema": "https://json-schema.org/draft/2020-12/schema",
  "title": "LedgerEvent",
  "type": "object",
  "properties": {
    "t": {
      "type": "integer"
    },
    "run": {
      "type": "string"
    },
    "step": {
      "type": "integer"
    },
    "rest": {
      "type": "string",
      "enum": [
        "R2",
        "R4",
        "R8",
        "R16",
        "R64"
      ]
    },
    "witness": {
      "type": "array",
      "items": {
        "type": "integer",
        "enum": [
          0,
          1
        ]
      },
      "minItems": 8,
      "maxItems": 8
    },
    "epsilon": {
      "type": "number"
    },
    "advance": {
      "type": [
        "boolean",
        "null"
      ]
    },
    "hash_prev": {
      "type": [
        "string",
        "null"
      ]
    },
    "hash": {
      "type": "string"
    }
  },
  "required": [
    "t",
    "run",
    "step",
    "rest",
    "witness",
    "epsilon",
    "hash"
  ]
}