{
  "$schema": "https://json-schema.org/draft/2020-12/schema",
  "title": "LoopProposal",
  "type": "object",
  "properties": {
    "rest": {
      "type": "string",
      "enum": [
        "R2",
        "R4",
        "R8",
        "R16",
        "R64"
      ]
    },
    "mods": {
      "type": "array",
      "items": {
        "type": "integer"
      }
    },
    "screw_class": {
      "type": "string",
      "enum": [
        "13A",
        "13B"
      ]
    },
    "epsilon": {
      "type": "number"
    },
    "notes": {
      "type": "string"
    }
  },
  "required": [
    "rest"
  ]
}