token,dom32_all_128,dom64_all_128,dom128_all_128
11,0,0,0
20,0,0,0
25,0,0,0
30,0,0,0
3f,0,0,0
4f,0,0,0
60,0,0,0
CATALOG_NIEMEIER_24,0,0,0
CODE_GOLAY_EXTENDED,0,0,0
CONSTRUCTION_A_TEMPLATE,0,0,0
CONWAY_GROUPS_AUT_LEECH,0,0,0
DEEPPHOLE_LEECH_23_ORBITS,0,0,0
E8_ROOT_SYSTEM_240,0,0,0
E8_THETA_WEIGHT4,0,0,0
GROTH_SHEAF_GLUE,0,0,0
HODGE_SPLIT_GRAPH,0,0,0
II_25_1_LORENTZ_CUT,0,0,0
KOL_MDL_DELTA,0,0,0
LAMINATED_LATTICES_SEQ,0,0,0
LEECH_MIN_SHELL_196560,0,0,0
LEECH_NO_ROOTS_MIN4,0,0,0
NOETHER_CONSERVATION,0,0,0
PARITY_64BIT_LANES,0,0,0
PROOF_E8_DENSEST_AM2017,0,0,0
PROOF_LEECH_DENSEST_AM2017,0,0,0
PROOF_UNIVERSAL_OPTIMALITY_AM2022,0,0,0
SMT_GODEL_GATES,0,0,0
SPECTRAL_GAP_RAYLEIGH,0,0,0
TURYN_3xE8_TO_LEECH,0,0,0
UQ_CONFORMAL_90COVERAGE,0,0,0
WAVELET_FOURIER_SLICE,0,0,0
about,0,0,0
abs,0,0,0
across,0,0,0
act,0,0,0
action,0,0,0
add,0,0,0
additional,0,0,0
after,0,0,0
also,0,0,0
an,0,0,0
analyze,0,0,0
applications,0,0,0
are,0,0,0
as,0,0,0
atom,0,0,0
available,0,0,0
ax1,0,0,0
base,0,0,0
baseline,0,0,0
basic,0,0,0
becomes,0,0,0
before,0,0,0
between,0,0,0
bonus,0,0,0
bouncing,0,0,0
by,0,0,0
canvas,0,0,0
capacity,0,0,0
cartan,0,0,0
chamber,0,0,0
channels,0,0,0
characteristics,0,0,0
chatgpt,0,0,0
color,0,0,0
complete,0,0,0
complex,0,0,0
component,0,0,0
computational,0,0,0
conditions,0,0,0
context,0,0,0
control,0,0,0
copy,0,0,0
could,0,0,0
creative,0,0,0
criteria,0,0,0
critical,0,0,0
database,0,0,0
de,0,0,0
default,0,0,0
define,0,0,0
dict,0,0,0
discovery,0,0,0
do,0,0,0
documentation,0,0,0
domain_context,0,0,0
dtt,0,0,0
due,0,0,0
during,0,0,0
efficiency,0,0,0
empty,0,0,0
enhanced,0,0,0
entire,0,0,0
environment,0,0,0
evidence_level,0,0,0
execution,0,0,0
execution_time,0,0,0
existing,0,0,0
exploration,0,0,0
exploring,0,0,0
extensions,0,0,0
final,0,0,0
focus,0,0,0
for,0,0,0
form,0,0,0
formula,0,0,0
forward,0,0,0
found,0,0,0
framework,0,0,0
full,0,0,0
function,0,0,0
functions,0,0,0
further,0,0,0
generate,0,0,0
get,0,0,0
given,0,0,0
golden,0,0,0
graph,0,0,0
has,0,0,0
hash,0,0,0
high,0,0,0
hodge,0,0,0
hypothesis,0,0,0
implement,0,0,0
include,0,0,0
initialize,0,0,0
insights,0,0,0
interaction,0,0,0
is_valid_permutation,0,0,0
item,0,0,0
k-mer,0,0,0
key,0,0,0
knowledge,0,0,0
lambda,0,0,0
laminate,0,0,0
law,0,0,0
len,0,0,0
limbo_list,0,0,0
linalg,0,0,0
log,0,0,0
logger,0,0,0
logic,0,0,0
map,0,0,0
mass,0,0,0
math,0,0,0
me,0,0,0
method,0,0,0
methods,0,0,0
metrics,0,0,0
min,0,0,0
missing,0,0,0
moderate,0,0,0
most,0,0,0
name__,0,0,0
needed,0,0,0
next,0,0,0
no,0,0,0
not,0,0,0
np,0,0,0
objective,0,0,0
or,0,0,0
parity,0,0,0
performance,0,0,0
perm,0,0,0
permutation,0,0,0
permutations,0,0,0
potential,0,0,0
preservation,0,0,0
priority,0,0,0
progress,0,0,0
proof,0,0,0
py,0,0,0
pytest,0,0,0
quantum,0,0,0
ratio,0,0,0
re,0,0,0
real,0,0,0
recursive,0,0,0
reference_channels,0,0,0
refine,0,0,0
representation,0,0,0
representations,0,0,0
result,0,0,0
roots,0,0,0
rules,0,0,0
run,0,0,0
said,0,0,0
scale,0,0,0
score,0,0,0
scores,0,0,0
segment,0,0,0
self,0,0,0
separation,0,0,0
setup,0,0,0
shell,0,0,0
show,0,0,0
signs,0,0,0
size,0,0,0
solution,0,0,0
specific,0,0,0
sqrt,0,0,0
start_time,0,0,0
state,0,0,0
status,0,0,0
storage,0,0,0
strong,0,0,0
structures,0,0,0
systematic,0,0,0
tasks,0,0,0
tested,0,0,0
testing,0,0,0
tests,0,0,0
them,0,0,0
theorem,0,0,0
theory,0,0,0
these,0,0,0
three,0,0,0
traversal,0,0,0
truth,0,0,0
tuple,0,0,0
turn,0,0,0
type,0,0,0
universal,0,0,0
until,0,0,0
used,0,0,0
validation,0,0,0
validator,0,0,0
value,0,0,0
variety,0,0,0
ve,0,0,0
vector,0,0,0
vs,0,0,0
was,0,0,0
weights,0,0,0
what,0,0,0
when,0,0,0
why,0,0,0
will,0,0,0
winner,0,0,0
winners,0,0,0
work,0,0,0
would,0,0,0
write,0,0,0
yang-mills,0,0,0
year,0,0,0
yes,0,0,0
you,0,0,0
