overlay_id,slot_index,sidecar,view_index,hue16,grad,binary_pass,fail_reason,seed
OPTICS.v1,0,OPTICS,1,0x02D1,0.602,False,no_iso_move,668182147
OPTICS.v2,0,OPTICS,2,0x02D1,0.396,False,no_iso_move,668182147
OPTICS.v3,0,OPTICS,3,0x02D1,0.591,False,no_iso_move,668182147
OPTICS.v4,0,OPTICS,4,0x02D1,0.606,False,mirror_mismatch,668182147
OPTICS.v5,0,OPTICS,5,0x02D1,0.933,False,budget_exhausted,668182147
OPTICS.v6,0,OPTICS,6,0x02D1,0.982,False,no_iso_move,668182147
EM_FIELD.v1,1,EM_FIELD,1,0x02B1,0.559,False,no_iso_move,635547306
EM_FIELD.v3,1,EM_FIELD,3,0x02B1,0.567,False,no_residue_improvement,635547306
EM_FIELD.v4,1,EM_FIELD,4,0x02B1,0.648,False,no_residue_improvement,635547306
EM_FIELD.v5,1,EM_FIELD,5,0x02B1,0.676,False,collision,635547306
EM_FIELD.v6,1,EM_FIELD,6,0x02B1,0.691,False,no_iso_move,635547306
EM_FIELD.v8,1,EM_FIELD,8,0x02B1,0.724,False,no_residue_improvement,635547306
THERMAL.v1,2,THERMAL,1,0xC1FC,0.782,False,budget_exhausted,20850144
THERMAL.v2,2,THERMAL,2,0xC1FC,0.823,False,mirror_mismatch,20850144
THERMAL.v3,2,THERMAL,3,0xC1FC,0.392,False,mirror_mismatch,20850144
THERMAL.v4,2,THERMAL,4,0xC1FC,0.379,False,collision,20850144
THERMAL.v6,2,THERMAL,6,0xC1FC,0.673,False,collision,20850144
THERMAL.v7,2,THERMAL,7,0xC1FC,0.566,False,mirror_mismatch,20850144
THERMAL.v8,2,THERMAL,8,0xC1FC,0.597,False,mirror_mismatch,20850144
MECH_DYNAMICS.v1,3,MECH_DYNAMICS,1,0x602A,0.715,False,budget_exhausted,714787196
MECH_DYNAMICS.v2,3,MECH_DYNAMICS,2,0x602A,0.86,False,collision,714787196
MECH_DYNAMICS.v3,3,MECH_DYNAMICS,3,0x602A,0.655,False,no_iso_move,714787196
MECH_DYNAMICS.v4,3,MECH_DYNAMICS,4,0x602A,0.69,False,no_iso_move,714787196
MECH_DYNAMICS.v6,3,MECH_DYNAMICS,6,0x602A,0.483,False,collision,714787196
MECH_DYNAMICS.v7,3,MECH_DYNAMICS,7,0x602A,0.729,False,no_residue_improvement,714787196
MECH_DYNAMICS.v8,3,MECH_DYNAMICS,8,0x602A,0.435,False,no_iso_move,714787196
CRYO_OPTICS.v1,4,CRYO_OPTICS,1,0xABE4,0.852,False,budget_exhausted,512608108
CRYO_OPTICS.v2,4,CRYO_OPTICS,2,0xABE4,0.572,False,mirror_mismatch,512608108
CRYO_OPTICS.v3,4,CRYO_OPTICS,3,0xABE4,0.725,False,mirror_mismatch,512608108
CRYO_OPTICS.v6,4,CRYO_OPTICS,6,0xABE4,0.497,False,budget_exhausted,512608108
CRYO_OPTICS.v8,4,CRYO_OPTICS,8,0xABE4,0.511,False,mirror_mismatch,512608108
THz_META.v1,5,THz_META,1,0x6935,0.482,False,collision,580409307
THz_META.v2,5,THz_META,2,0x6935,0.51,False,mirror_mismatch,580409307
THz_META.v3,5,THz_META,3,0x6935,0.428,False,budget_exhausted,580409307
THz_META.v5,5,THz_META,5,0x6935,0.404,False,collision,580409307
PHOTONICS_COMB.v2,6,PHOTONICS_COMB,2,0x0335,0.433,False,no_iso_move,430975660
PHOTONICS_COMB.v4,6,PHOTONICS_COMB,4,0x0335,0.552,False,no_iso_move,430975660
PHOTONICS_COMB.v5,6,PHOTONICS_COMB,5,0x0335,0.696,False,budget_exhausted,430975660
PHOTONICS_COMB.v6,6,PHOTONICS_COMB,6,0x0335,0.515,False,budget_exhausted,430975660
PHOTONICS_COMB.v7,6,PHOTONICS_COMB,7,0x0335,0.635,False,collision,430975660
PHOTONICS_COMB.v8,6,PHOTONICS_COMB,8,0x0335,0.655,False,budget_exhausted,430975660
SPINTRONICS_Q.v1,7,SPINTRONICS_Q,1,0x1ABD,0.58,False,budget_exhausted,581802451
SPINTRONICS_Q.v2,7,SPINTRONICS_Q,2,0x1ABD,0.981,False,collision,581802451
SPINTRONICS_Q.v3,7,SPINTRONICS_Q,3,0x1ABD,0.536,False,no_residue_improvement,581802451
SPINTRONICS_Q.v8,7,SPINTRONICS_Q,8,0x1ABD,0.654,False,no_iso_move,581802451
ACOUSTICS.v1,8,ACOUSTICS,1,0x9272,0.428,False,no_iso_move,465053227
ACOUSTICS.v2,8,ACOUSTICS,2,0x9272,0.635,False,budget_exhausted,465053227
ACOUSTICS.v4,8,ACOUSTICS,4,0x9272,0.795,False,collision,465053227
ACOUSTICS.v5,8,ACOUSTICS,5,0x9272,0.901,False,budget_exhausted,465053227
ACOUSTICS.v6,8,ACOUSTICS,6,0x9272,0.713,False,mirror_mismatch,465053227
ACOUSTICS.v7,8,ACOUSTICS,7,0x9272,0.735,False,mirror_mismatch,465053227
ACOUSTICS.v8,8,ACOUSTICS,8,0x9272,1.0,False,no_iso_move,465053227
RF_STEERING.v1,9,RF_STEERING,1,0x3D43,0.615,False,mirror_mismatch,916534296
RF_STEERING.v2,9,RF_STEERING,2,0x3D43,0.625,False,no_residue_improvement,916534296
RF_STEERING.v3,9,RF_STEERING,3,0x3D43,0.842,False,collision,916534296
RF_STEERING.v4,9,RF_STEERING,4,0x3D43,0.49,False,no_residue_improvement,916534296
RF_STEERING.v5,9,RF_STEERING,5,0x3D43,0.442,False,no_residue_improvement,916534296
RF_STEERING.v6,9,RF_STEERING,6,0x3D43,0.587,False,budget_exhausted,916534296
RF_STEERING.v7,9,RF_STEERING,7,0x3D43,0.834,False,collision,916534296
RF_STEERING.v8,9,RF_STEERING,8,0x3D43,0.993,False,no_iso_move,916534296
GRAVITY_WAVE.v1,10,GRAVITY_WAVE,1,0x1CB0,0.61,False,mirror_mismatch,947523613
GRAVITY_WAVE.v2,10,GRAVITY_WAVE,2,0x1CB0,0.442,False,mirror_mismatch,947523613
GRAVITY_WAVE.v3,10,GRAVITY_WAVE,3,0x1CB0,0.531,False,no_residue_improvement,947523613
GRAVITY_WAVE.v4,10,GRAVITY_WAVE,4,0x1CB0,0.662,False,mirror_mismatch,947523613
GRAVITY_WAVE.v5,10,GRAVITY_WAVE,5,0x1CB0,0.57,False,no_residue_improvement,947523613
GRAVITY_WAVE.v6,10,GRAVITY_WAVE,6,0x1CB0,1.0,False,no_iso_move,947523613
GRAVITY_WAVE.v7,10,GRAVITY_WAVE,7,0x1CB0,0.785,False,no_residue_improvement,947523613
GRAVITY_WAVE.v8,10,GRAVITY_WAVE,8,0x1CB0,0.502,False,no_residue_improvement,947523613
PLASMA_SIM.v1,11,PLASMA_SIM,1,0x1543,0.478,False,no_iso_move,577459294
PLASMA_SIM.v3,11,PLASMA_SIM,3,0x1543,0.64,False,no_residue_improvement,577459294
PLASMA_SIM.v4,11,PLASMA_SIM,4,0x1543,0.423,False,no_iso_move,577459294
PLASMA_SIM.v5,11,PLASMA_SIM,5,0x1543,0.468,False,no_iso_move,577459294
PLASMA_SIM.v6,11,PLASMA_SIM,6,0x1543,0.899,False,no_residue_improvement,577459294
PLASMA_SIM.v7,11,PLASMA_SIM,7,0x1543,0.777,False,no_residue_improvement,577459294
PLASMA_SIM.v8,11,PLASMA_SIM,8,0x1543,0.535,False,mirror_mismatch,577459294
NEUTRON_OPTICS.v2,12,NEUTRON_OPTICS,2,0x7002,0.713,False,mirror_mismatch,80628423
NEUTRON_OPTICS.v4,12,NEUTRON_OPTICS,4,0x7002,0.747,False,collision,80628423
NEUTRON_OPTICS.v5,12,NEUTRON_OPTICS,5,0x7002,0.823,False,budget_exhausted,80628423
NEUTRON_OPTICS.v6,12,NEUTRON_OPTICS,6,0x7002,0.661,False,mirror_mismatch,80628423
NEUTRON_OPTICS.v7,12,NEUTRON_OPTICS,7,0x7002,0.632,False,budget_exhausted,80628423
NEUTRON_OPTICS.v8,12,NEUTRON_OPTICS,8,0x7002,0.542,False,collision,80628423
ION_TRAP_CTRL.v1,13,ION_TRAP_CTRL,1,0x9C42,0.537,False,budget_exhausted,958207970
ION_TRAP_CTRL.v3,13,ION_TRAP_CTRL,3,0x9C42,0.582,False,collision,958207970
ION_TRAP_CTRL.v4,13,ION_TRAP_CTRL,4,0x9C42,0.82,False,mirror_mismatch,958207970
ION_TRAP_CTRL.v5,13,ION_TRAP_CTRL,5,0x9C42,0.547,False,collision,958207970
ION_TRAP_CTRL.v8,13,ION_TRAP_CTRL,8,0x9C42,0.246,False,no_iso_move,958207970
MAGNETIC_MATERIALS.v1,14,MAGNETIC_MATERIALS,1,0x9A90,0.724,False,no_residue_improvement,337433016
MAGNETIC_MATERIALS.v2,14,MAGNETIC_MATERIALS,2,0x9A90,0.534,False,mirror_mismatch,337433016
MAGNETIC_MATERIALS.v3,14,MAGNETIC_MATERIALS,3,0x9A90,0.737,False,collision,337433016
MAGNETIC_MATERIALS.v4,14,MAGNETIC_MATERIALS,4,0x9A90,0.54,False,budget_exhausted,337433016
MAGNETIC_MATERIALS.v5,14,MAGNETIC_MATERIALS,5,0x9A90,1.0,False,no_residue_improvement,337433016
MAGNETIC_MATERIALS.v7,14,MAGNETIC_MATERIALS,7,0x9A90,0.469,False,no_residue_improvement,337433016
MAGNETIC_MATERIALS.v8,14,MAGNETIC_MATERIALS,8,0x9A90,0.917,False,no_iso_move,337433016
SUPERCONDUCTING_Q.v1,15,SUPERCONDUCTING_Q,1,0x86A3,0.717,False,no_residue_improvement,249367507
SUPERCONDUCTING_Q.v2,15,SUPERCONDUCTING_Q,2,0x86A3,0.636,False,budget_exhausted,249367507
SUPERCONDUCTING_Q.v3,15,SUPERCONDUCTING_Q,3,0x86A3,0.433,False,mirror_mismatch,249367507
SUPERCONDUCTING_Q.v4,15,SUPERCONDUCTING_Q,4,0x86A3,0.436,False,no_iso_move,249367507
SUPERCONDUCTING_Q.v6,15,SUPERCONDUCTING_Q,6,0x86A3,0.301,False,no_iso_move,249367507
SUPERCONDUCTING_Q.v7,15,SUPERCONDUCTING_Q,7,0x86A3,0.523,False,collision,249367507
SUPERCONDUCTING_Q.v8,15,SUPERCONDUCTING_Q,8,0x86A3,0.79,False,no_iso_move,249367507
BIO_COHERENCE.v1,16,BIO_COHERENCE,1,0xBCAE,0.527,False,budget_exhausted,722078487
BIO_COHERENCE.v2,16,BIO_COHERENCE,2,0xBCAE,0.542,False,collision,722078487
BIO_COHERENCE.v3,16,BIO_COHERENCE,3,0xBCAE,0.638,False,no_residue_improvement,722078487
BIO_COHERENCE.v6,16,BIO_COHERENCE,6,0xBCAE,0.607,False,no_iso_move,722078487
BIO_COHERENCE.v7,16,BIO_COHERENCE,7,0xBCAE,0.495,False,collision,722078487
BIO_COHERENCE.v8,16,BIO_COHERENCE,8,0xBCAE,0.647,False,mirror_mismatch,722078487
ODMR_PROTEIN.v1,17,ODMR_PROTEIN,1,0x4BC7,0.513,False,no_iso_move,239366706
ODMR_PROTEIN.v4,17,ODMR_PROTEIN,4,0x4BC7,0.605,False,collision,239366706
ODMR_PROTEIN.v5,17,ODMR_PROTEIN,5,0x4BC7,0.721,False,budget_exhausted,239366706
ODMR_PROTEIN.v6,17,ODMR_PROTEIN,6,0x4BC7,0.264,False,budget_exhausted,239366706
ODMR_PROTEIN.v7,17,ODMR_PROTEIN,7,0x4BC7,0.415,False,no_residue_improvement,239366706
FRET_KINETICS.v1,18,FRET_KINETICS,1,0x1AC2,0.811,False,collision,442937448
FRET_KINETICS.v3,18,FRET_KINETICS,3,0x1AC2,0.628,False,mirror_mismatch,442937448
FRET_KINETICS.v4,18,FRET_KINETICS,4,0x1AC2,0.882,False,collision,442937448
FRET_KINETICS.v5,18,FRET_KINETICS,5,0x1AC2,0.588,False,collision,442937448
FRET_KINETICS.v6,18,FRET_KINETICS,6,0x1AC2,0.536,False,no_iso_move,442937448
FRET_KINETICS.v8,18,FRET_KINETICS,8,0x1AC2,0.888,False,budget_exhausted,442937448
OD_EC_GROWTH.v1,19,OD_EC_GROWTH,1,0x772C,0.8,False,mirror_mismatch,311543517
OD_EC_GROWTH.v3,19,OD_EC_GROWTH,3,0x772C,0.599,False,collision,311543517
OD_EC_GROWTH.v5,19,OD_EC_GROWTH,5,0x772C,0.884,False,no_residue_improvement,311543517
OD_EC_GROWTH.v7,19,OD_EC_GROWTH,7,0x772C,0.944,False,budget_exhausted,311543517
OD_EC_GROWTH.v8,19,OD_EC_GROWTH,8,0x772C,0.809,False,no_residue_improvement,311543517
PCR_QPLOT.v1,20,PCR_QPLOT,1,0xD826,0.468,False,mirror_mismatch,828345226
PCR_QPLOT.v2,20,PCR_QPLOT,2,0xD826,0.813,False,mirror_mismatch,828345226
PCR_QPLOT.v3,20,PCR_QPLOT,3,0xD826,0.589,False,budget_exhausted,828345226
PCR_QPLOT.v4,20,PCR_QPLOT,4,0xD826,0.449,False,budget_exhausted,828345226
PCR_QPLOT.v5,20,PCR_QPLOT,5,0xD826,0.579,False,no_iso_move,828345226
SINGLE_CELL_FLUO.v1,21,SINGLE_CELL_FLUO,1,0x53C1,0.962,False,mirror_mismatch,143131241
SINGLE_CELL_FLUO.v3,21,SINGLE_CELL_FLUO,3,0x53C1,0.763,False,collision,143131241
SINGLE_CELL_FLUO.v7,21,SINGLE_CELL_FLUO,7,0x53C1,0.786,False,no_residue_improvement,143131241
SINGLE_CELL_FLUO.v8,21,SINGLE_CELL_FLUO,8,0x53C1,0.512,False,collision,143131241
EEG_RHYTHM.v1,22,EEG_RHYTHM,1,0x7D80,0.618,False,no_iso_move,693252368
EEG_RHYTHM.v2,22,EEG_RHYTHM,2,0x7D80,0.595,False,no_residue_improvement,693252368
EEG_RHYTHM.v3,22,EEG_RHYTHM,3,0x7D80,0.58,False,no_residue_improvement,693252368
EEG_RHYTHM.v4,22,EEG_RHYTHM,4,0x7D80,0.648,False,no_iso_move,693252368
EEG_RHYTHM.v5,22,EEG_RHYTHM,5,0x7D80,0.747,False,mirror_mismatch,693252368
EEG_RHYTHM.v7,22,EEG_RHYTHM,7,0x7D80,0.614,False,no_residue_improvement,693252368
OPTO_PULSE.v1,23,OPTO_PULSE,1,0x8C7B,0.704,False,collision,15320363
OPTO_PULSE.v5,23,OPTO_PULSE,5,0x8C7B,0.584,False,no_iso_move,15320363
OPTO_PULSE.v6,23,OPTO_PULSE,6,0x8C7B,0.971,False,mirror_mismatch,15320363
OPTO_PULSE.v7,23,OPTO_PULSE,7,0x8C7B,0.679,False,no_iso_move,15320363
OPTO_PULSE.v8,23,OPTO_PULSE,8,0x8C7B,0.314,False,no_residue_improvement,15320363
FLOW_CYTOMETRY.v1,24,FLOW_CYTOMETRY,1,0x2749,0.804,False,no_iso_move,833569458
FLOW_CYTOMETRY.v2,24,FLOW_CYTOMETRY,2,0x2749,1.0,False,budget_exhausted,833569458
FLOW_CYTOMETRY.v4,24,FLOW_CYTOMETRY,4,0x2749,0.542,False,no_iso_move,833569458
FLOW_CYTOMETRY.v5,24,FLOW_CYTOMETRY,5,0x2749,0.574,False,no_residue_improvement,833569458
FLOW_CYTOMETRY.v6,24,FLOW_CYTOMETRY,6,0x2749,0.627,False,no_iso_move,833569458
FLOW_CYTOMETRY.v7,24,FLOW_CYTOMETRY,7,0x2749,0.582,False,mirror_mismatch,833569458
FLOW_CYTOMETRY.v8,24,FLOW_CYTOMETRY,8,0x2749,0.52,False,no_iso_move,833569458
MICROFLUIDICS_TEMP.v1,25,MICROFLUIDICS_TEMP,1,0x56CB,0.748,False,collision,139515138
MICROFLUIDICS_TEMP.v2,25,MICROFLUIDICS_TEMP,2,0x56CB,0.629,False,mirror_mismatch,139515138
MICROFLUIDICS_TEMP.v3,25,MICROFLUIDICS_TEMP,3,0x56CB,0.493,False,no_residue_improvement,139515138
MICROFLUIDICS_TEMP.v5,25,MICROFLUIDICS_TEMP,5,0x56CB,0.575,False,budget_exhausted,139515138
MICROFLUIDICS_TEMP.v6,25,MICROFLUIDICS_TEMP,6,0x56CB,0.775,False,mirror_mismatch,139515138
MICROFLUIDICS_TEMP.v7,25,MICROFLUIDICS_TEMP,7,0x56CB,0.543,False,budget_exhausted,139515138
MICROFLUIDICS_TEMP.v8,25,MICROFLUIDICS_TEMP,8,0x56CB,0.568,False,collision,139515138
CHEM_KINETICS.v1,26,CHEM_KINETICS,1,0x42EB,0.672,False,mirror_mismatch,867435278
CHEM_KINETICS.v2,26,CHEM_KINETICS,2,0x42EB,0.843,False,budget_exhausted,867435278
CHEM_KINETICS.v3,26,CHEM_KINETICS,3,0x42EB,0.787,False,collision,867435278
CHEM_KINETICS.v4,26,CHEM_KINETICS,4,0x42EB,0.382,False,collision,867435278
CHEM_KINETICS.v6,26,CHEM_KINETICS,6,0x42EB,0.751,False,budget_exhausted,867435278
CHEM_KINETICS.v7,26,CHEM_KINETICS,7,0x42EB,0.3,False,mirror_mismatch,867435278
CHEM_KINETICS.v8,26,CHEM_KINETICS,8,0x42EB,0.399,False,budget_exhausted,867435278
DRUG_BINDING_ITC.v2,27,DRUG_BINDING_ITC,2,0xAC4B,0.987,False,no_iso_move,431359703
DRUG_BINDING_ITC.v3,27,DRUG_BINDING_ITC,3,0xAC4B,0.416,False,mirror_mismatch,431359703
DRUG_BINDING_ITC.v4,27,DRUG_BINDING_ITC,4,0xAC4B,0.793,False,budget_exhausted,431359703
DRUG_BINDING_ITC.v5,27,DRUG_BINDING_ITC,5,0xAC4B,0.596,False,collision,431359703
DRUG_BINDING_ITC.v7,27,DRUG_BINDING_ITC,7,0xAC4B,0.804,False,budget_exhausted,431359703
DRUG_BINDING_ITC.v8,27,DRUG_BINDING_ITC,8,0xAC4B,0.914,False,no_iso_move,431359703
SPR_SENSOR.v1,28,SPR_SENSOR,1,0x4DF2,0.842,False,no_iso_move,284006151
SPR_SENSOR.v2,28,SPR_SENSOR,2,0x4DF2,0.697,False,collision,284006151
SPR_SENSOR.v3,28,SPR_SENSOR,3,0x4DF2,0.542,False,collision,284006151
SPR_SENSOR.v4,28,SPR_SENSOR,4,0x4DF2,0.763,False,no_residue_improvement,284006151
SPR_SENSOR.v5,28,SPR_SENSOR,5,0x4DF2,0.56,False,no_iso_move,284006151
SPR_SENSOR.v6,28,SPR_SENSOR,6,0x4DF2,0.614,False,mirror_mismatch,284006151
SPR_SENSOR.v7,28,SPR_SENSOR,7,0x4DF2,0.806,False,mirror_mismatch,284006151
AFM_FORCE.v1,29,AFM_FORCE,1,0x104A,0.541,False,no_residue_improvement,258156665
AFM_FORCE.v3,29,AFM_FORCE,3,0x104A,0.614,False,no_residue_improvement,258156665
AFM_FORCE.v4,29,AFM_FORCE,4,0x104A,0.58,False,no_residue_improvement,258156665
AFM_FORCE.v5,29,AFM_FORCE,5,0x104A,0.2,False,mirror_mismatch,258156665
AFM_FORCE.v6,29,AFM_FORCE,6,0x104A,1.0,False,no_residue_improvement,258156665
AFM_FORCE.v7,29,AFM_FORCE,7,0x104A,0.53,False,no_iso_move,258156665
CRISPR_CHECK.v2,30,CRISPR_CHECK,2,0xE6FE,0.592,False,no_iso_move,625632106
CRISPR_CHECK.v3,30,CRISPR_CHECK,3,0xE6FE,0.807,False,no_residue_improvement,625632106
CRISPR_CHECK.v6,30,CRISPR_CHECK,6,0xE6FE,0.713,False,no_residue_improvement,625632106
METABO_PROFILER.v1,31,METABO_PROFILER,1,0x0ECF,0.681,False,budget_exhausted,672803946
METABO_PROFILER.v2,31,METABO_PROFILER,2,0x0ECF,0.499,False,mirror_mismatch,672803946
METABO_PROFILER.v3,31,METABO_PROFILER,3,0x0ECF,0.57,False,mirror_mismatch,672803946
METABO_PROFILER.v5,31,METABO_PROFILER,5,0x0ECF,0.556,False,no_iso_move,672803946
METABO_PROFILER.v6,31,METABO_PROFILER,6,0x0ECF,0.339,False,collision,672803946
METABO_PROFILER.v7,31,METABO_PROFILER,7,0x0ECF,0.91,False,budget_exhausted,672803946
XRD_PHASE.v1,32,XRD_PHASE,1,0x243D,0.638,False,mirror_mismatch,289727953
XRD_PHASE.v2,32,XRD_PHASE,2,0x243D,0.6,False,no_residue_improvement,289727953
XRD_PHASE.v3,32,XRD_PHASE,3,0x243D,0.531,False,budget_exhausted,289727953
XRD_PHASE.v5,32,XRD_PHASE,5,0x243D,0.392,False,no_iso_move,289727953
XRD_PHASE.v6,32,XRD_PHASE,6,0x243D,0.729,False,mirror_mismatch,289727953
XRD_PHASE.v7,32,XRD_PHASE,7,0x243D,0.798,False,no_iso_move,289727953
XRD_PHASE.v8,32,XRD_PHASE,8,0x243D,0.679,False,collision,289727953
ELLIPSOMETRY.v3,33,ELLIPSOMETRY,3,0x3848,0.311,False,no_iso_move,536438363
ELLIPSOMETRY.v4,33,ELLIPSOMETRY,4,0x3848,0.935,False,no_iso_move,536438363
ELLIPSOMETRY.v5,33,ELLIPSOMETRY,5,0x3848,1.0,False,collision,536438363
ELLIPSOMETRY.v6,33,ELLIPSOMETRY,6,0x3848,0.807,False,no_residue_improvement,536438363
ELLIPSOMETRY.v7,33,ELLIPSOMETRY,7,0x3848,0.589,False,budget_exhausted,536438363
RHEOLOGY.v1,34,RHEOLOGY,1,0xC9F2,0.79,False,collision,362103750
RHEOLOGY.v3,34,RHEOLOGY,3,0xC9F2,0.845,False,collision,362103750
RHEOLOGY.v4,34,RHEOLOGY,4,0xC9F2,0.616,False,collision,362103750
RHEOLOGY.v5,34,RHEOLOGY,5,0xC9F2,0.587,False,no_iso_move,362103750
RHEOLOGY.v6,34,RHEOLOGY,6,0xC9F2,0.546,False,mirror_mismatch,362103750
RHEOLOGY.v7,34,RHEOLOGY,7,0xC9F2,0.558,False,no_residue_improvement,362103750
RHEOLOGY.v8,34,RHEOLOGY,8,0xC9F2,0.684,False,no_iso_move,362103750
EMISSIVITY_STACK.v1,35,EMISSIVITY_STACK,1,0xE20D,1.0,False,no_residue_improvement,580926831
EMISSIVITY_STACK.v4,35,EMISSIVITY_STACK,4,0xE20D,0.621,False,no_residue_improvement,580926831
EMISSIVITY_STACK.v6,35,EMISSIVITY_STACK,6,0xE20D,0.666,False,collision,580926831
EMISSIVITY_STACK.v8,35,EMISSIVITY_STACK,8,0xE20D,0.919,False,no_residue_improvement,580926831
PHASE_CHANGE.v1,36,PHASE_CHANGE,1,0x0DAF,0.751,False,no_iso_move,981889949
PHASE_CHANGE.v2,36,PHASE_CHANGE,2,0x0DAF,0.342,False,no_residue_improvement,981889949
PHASE_CHANGE.v3,36,PHASE_CHANGE,3,0x0DAF,0.869,False,no_residue_improvement,981889949
PHASE_CHANGE.v5,36,PHASE_CHANGE,5,0x0DAF,0.509,False,collision,981889949
PHASE_CHANGE.v6,36,PHASE_CHANGE,6,0x0DAF,0.547,False,no_residue_improvement,981889949
PHASE_CHANGE.v7,36,PHASE_CHANGE,7,0x0DAF,0.662,False,budget_exhausted,981889949
PHASE_CHANGE.v8,36,PHASE_CHANGE,8,0x0DAF,0.438,False,mirror_mismatch,981889949
NANOINDENT.v3,37,NANOINDENT,3,0x987C,0.738,False,budget_exhausted,779040785
NANOINDENT.v4,37,NANOINDENT,4,0x987C,0.393,False,budget_exhausted,779040785
NANOINDENT.v5,37,NANOINDENT,5,0x987C,0.351,False,mirror_mismatch,779040785
NANOINDENT.v7,37,NANOINDENT,7,0x987C,1.0,False,collision,779040785
NANOINDENT.v8,37,NANOINDENT,8,0x987C,0.537,False,mirror_mismatch,779040785
THERMAL_CONDUCT.v2,38,THERMAL_CONDUCT,2,0xDD22,0.567,False,no_residue_improvement,475466573
THERMAL_CONDUCT.v3,38,THERMAL_CONDUCT,3,0xDD22,0.352,False,collision,475466573
THERMAL_CONDUCT.v4,38,THERMAL_CONDUCT,4,0xDD22,0.659,False,collision,475466573
THERMAL_CONDUCT.v5,38,THERMAL_CONDUCT,5,0xDD22,0.688,False,budget_exhausted,475466573
THERMAL_CONDUCT.v7,38,THERMAL_CONDUCT,7,0xDD22,0.432,False,collision,475466573
DIELECTRIC_SPECTRA.v2,39,DIELECTRIC_SPECTRA,2,0x4719,0.695,False,budget_exhausted,633459829
DIELECTRIC_SPECTRA.v3,39,DIELECTRIC_SPECTRA,3,0x4719,0.77,False,no_residue_improvement,633459829
DIELECTRIC_SPECTRA.v5,39,DIELECTRIC_SPECTRA,5,0x4719,0.504,False,no_iso_move,633459829
DIELECTRIC_SPECTRA.v6,39,DIELECTRIC_SPECTRA,6,0x4719,0.745,False,collision,633459829
DIELECTRIC_SPECTRA.v7,39,DIELECTRIC_SPECTRA,7,0x4719,0.513,False,collision,633459829
DIELECTRIC_SPECTRA.v8,39,DIELECTRIC_SPECTRA,8,0x4719,0.62,False,no_iso_move,633459829
COSMOS_LENSING.v1,40,COSMOS_LENSING,1,0xB940,0.699,False,no_residue_improvement,753153607
COSMOS_LENSING.v2,40,COSMOS_LENSING,2,0xB940,0.697,False,mirror_mismatch,753153607
COSMOS_LENSING.v3,40,COSMOS_LENSING,3,0xB940,0.719,False,mirror_mismatch,753153607
COSMOS_LENSING.v4,40,COSMOS_LENSING,4,0xB940,0.771,False,collision,753153607
COSMOS_LENSING.v5,40,COSMOS_LENSING,5,0xB940,0.917,False,no_residue_improvement,753153607
COSMOS_LENSING.v6,40,COSMOS_LENSING,6,0xB940,0.362,False,collision,753153607
COSMOS_LENSING.v7,40,COSMOS_LENSING,7,0xB940,0.598,False,no_iso_move,753153607
PSF_DEBLUR.v3,41,PSF_DEBLUR,3,0x6856,0.514,False,no_iso_move,166916803
PSF_DEBLUR.v6,41,PSF_DEBLUR,6,0x6856,0.542,False,no_residue_improvement,166916803
PSF_DEBLUR.v7,41,PSF_DEBLUR,7,0x6856,0.877,False,mirror_mismatch,166916803
PSF_DEBLUR.v8,41,PSF_DEBLUR,8,0x6856,0.598,False,no_iso_move,166916803
PHOTOZ_PRIOR.v1,42,PHOTOZ_PRIOR,1,0xE7C4,0.662,False,mirror_mismatch,708033986
PHOTOZ_PRIOR.v3,42,PHOTOZ_PRIOR,3,0xE7C4,0.307,False,budget_exhausted,708033986
PHOTOZ_PRIOR.v5,42,PHOTOZ_PRIOR,5,0xE7C4,0.705,False,no_iso_move,708033986
PHOTOZ_PRIOR.v6,42,PHOTOZ_PRIOR,6,0xE7C4,0.74,False,no_residue_improvement,708033986
PHOTOZ_PRIOR.v7,42,PHOTOZ_PRIOR,7,0xE7C4,0.577,False,budget_exhausted,708033986
PHOTOZ_PRIOR.v8,42,PHOTOZ_PRIOR,8,0xE7C4,0.955,False,budget_exhausted,708033986
SUBHALO_PERTURB.v1,43,SUBHALO_PERTURB,1,0x4A22,0.615,False,no_iso_move,392762964
SUBHALO_PERTURB.v2,43,SUBHALO_PERTURB,2,0x4A22,0.347,False,budget_exhausted,392762964
SUBHALO_PERTURB.v3,43,SUBHALO_PERTURB,3,0x4A22,0.489,False,collision,392762964
SUBHALO_PERTURB.v4,43,SUBHALO_PERTURB,4,0x4A22,0.915,False,budget_exhausted,392762964
SUBHALO_PERTURB.v6,43,SUBHALO_PERTURB,6,0x4A22,0.518,False,no_iso_move,392762964
SUBHALO_PERTURB.v7,43,SUBHALO_PERTURB,7,0x4A22,0.954,False,budget_exhausted,392762964
SUBHALO_PERTURB.v8,43,SUBHALO_PERTURB,8,0x4A22,0.637,False,budget_exhausted,392762964
TIME_DELAY.v1,44,TIME_DELAY,1,0x10AF,0.713,False,budget_exhausted,530071450
TIME_DELAY.v2,44,TIME_DELAY,2,0x10AF,0.962,False,no_iso_move,530071450
TIME_DELAY.v3,44,TIME_DELAY,3,0x10AF,0.293,False,mirror_mismatch,530071450
TIME_DELAY.v5,44,TIME_DELAY,5,0x10AF,0.641,False,mirror_mismatch,530071450
TIME_DELAY.v6,44,TIME_DELAY,6,0x10AF,0.377,False,no_iso_move,530071450
TIME_DELAY.v7,44,TIME_DELAY,7,0x10AF,0.651,False,collision,530071450
FLAT_FIELD.v2,45,FLAT_FIELD,2,0xA701,0.705,False,budget_exhausted,695544668
FLAT_FIELD.v3,45,FLAT_FIELD,3,0xA701,0.434,False,no_iso_move,695544668
FLAT_FIELD.v4,45,FLAT_FIELD,4,0xA701,0.751,False,budget_exhausted,695544668
FLAT_FIELD.v5,45,FLAT_FIELD,5,0xA701,0.528,False,budget_exhausted,695544668
FLAT_FIELD.v7,45,FLAT_FIELD,7,0xA701,0.657,False,mirror_mismatch,695544668
FLAT_FIELD.v8,45,FLAT_FIELD,8,0xA701,0.587,False,no_residue_improvement,695544668
DARK_CURRENT.v1,46,DARK_CURRENT,1,0xF047,0.304,False,no_iso_move,318211819
DARK_CURRENT.v2,46,DARK_CURRENT,2,0xF047,0.769,False,no_iso_move,318211819
DARK_CURRENT.v3,46,DARK_CURRENT,3,0xF047,0.659,False,no_iso_move,318211819
DARK_CURRENT.v6,46,DARK_CURRENT,6,0xF047,0.717,False,budget_exhausted,318211819
DARK_CURRENT.v7,46,DARK_CURRENT,7,0xF047,0.449,False,no_residue_improvement,318211819
STRAY_LIGHT.v1,47,STRAY_LIGHT,1,0x75A2,0.609,False,collision,499911842
STRAY_LIGHT.v2,47,STRAY_LIGHT,2,0x75A2,0.582,False,mirror_mismatch,499911842
STRAY_LIGHT.v3,47,STRAY_LIGHT,3,0x75A2,0.985,False,collision,499911842
STRAY_LIGHT.v4,47,STRAY_LIGHT,4,0x75A2,0.88,False,mirror_mismatch,499911842
STRAY_LIGHT.v5,47,STRAY_LIGHT,5,0x75A2,0.597,False,budget_exhausted,499911842
STRAY_LIGHT.v6,47,STRAY_LIGHT,6,0x75A2,0.924,False,budget_exhausted,499911842
STRAY_LIGHT.v7,47,STRAY_LIGHT,7,0x75A2,0.514,False,mirror_mismatch,499911842
STRAY_LIGHT.v8,47,STRAY_LIGHT,8,0x75A2,0.622,False,collision,499911842
NMR_SPECTRA.v2,48,NMR_SPECTRA,2,0x035A,0.561,False,budget_exhausted,443546233
NMR_SPECTRA.v3,48,NMR_SPECTRA,3,0x035A,0.676,False,collision,443546233
NMR_SPECTRA.v6,48,NMR_SPECTRA,6,0x035A,0.986,False,mirror_mismatch,443546233
NMR_SPECTRA.v8,48,NMR_SPECTRA,8,0x035A,0.455,False,collision,443546233
FTIR.v1,49,FTIR,1,0x27C9,0.586,False,no_iso_move,792111254
FTIR.v3,49,FTIR,3,0x27C9,0.718,False,no_residue_improvement,792111254
FTIR.v5,49,FTIR,5,0x27C9,0.413,False,no_residue_improvement,792111254
FTIR.v6,49,FTIR,6,0x27C9,0.778,False,collision,792111254
FTIR.v7,49,FTIR,7,0x27C9,0.636,False,no_residue_improvement,792111254
FTIR.v8,49,FTIR,8,0x27C9,0.606,False,mirror_mismatch,792111254
RAMAN.v2,50,RAMAN,2,0xDFE6,0.63,False,collision,975204050
RAMAN.v3,50,RAMAN,3,0xDFE6,0.407,False,budget_exhausted,975204050
RAMAN.v4,50,RAMAN,4,0xDFE6,0.248,False,mirror_mismatch,975204050
RAMAN.v5,50,RAMAN,5,0xDFE6,0.528,False,collision,975204050
RAMAN.v6,50,RAMAN,6,0xDFE6,0.546,False,mirror_mismatch,975204050
RAMAN.v7,50,RAMAN,7,0xDFE6,0.551,False,collision,975204050
RAMAN.v8,50,RAMAN,8,0xDFE6,0.836,False,collision,975204050
UV_VIS.v1,51,UV_VIS,1,0x7BA8,0.295,False,no_residue_improvement,357153286
UV_VIS.v2,51,UV_VIS,2,0x7BA8,0.713,False,mirror_mismatch,357153286
UV_VIS.v3,51,UV_VIS,3,0x7BA8,0.719,False,no_iso_move,357153286
UV_VIS.v4,51,UV_VIS,4,0x7BA8,0.886,False,no_iso_move,357153286
UV_VIS.v5,51,UV_VIS,5,0x7BA8,0.544,False,mirror_mismatch,357153286
UV_VIS.v6,51,UV_VIS,6,0x7BA8,0.745,False,collision,357153286
UV_VIS.v7,51,UV_VIS,7,0x7BA8,0.908,False,no_residue_improvement,357153286
UV_VIS.v8,51,UV_VIS,8,0x7BA8,0.462,False,mirror_mismatch,357153286
HPLC_RT.v2,52,HPLC_RT,2,0xA268,0.684,False,no_iso_move,239724907
HPLC_RT.v5,52,HPLC_RT,5,0xA268,0.544,False,mirror_mismatch,239724907
HPLC_RT.v6,52,HPLC_RT,6,0xA268,0.734,False,collision,239724907
HPLC_RT.v7,52,HPLC_RT,7,0xA268,0.83,False,no_residue_improvement,239724907
HPLC_RT.v8,52,HPLC_RT,8,0xA268,0.469,False,collision,239724907
GC_MS.v2,53,GC_MS,2,0xF0D9,1.0,False,collision,318449740
GC_MS.v3,53,GC_MS,3,0xF0D9,0.535,False,budget_exhausted,318449740
GC_MS.v4,53,GC_MS,4,0xF0D9,0.884,False,mirror_mismatch,318449740
GC_MS.v6,53,GC_MS,6,0xF0D9,0.718,False,mirror_mismatch,318449740
GC_MS.v7,53,GC_MS,7,0xF0D9,0.724,False,mirror_mismatch,318449740
GC_MS.v8,53,GC_MS,8,0xF0D9,0.822,False,no_residue_improvement,318449740
CALORIMETRY.v1,54,CALORIMETRY,1,0xFB2D,0.58,False,budget_exhausted,781305571
CALORIMETRY.v2,54,CALORIMETRY,2,0xFB2D,0.639,False,no_residue_improvement,781305571
CALORIMETRY.v3,54,CALORIMETRY,3,0xFB2D,0.576,False,no_residue_improvement,781305571
CALORIMETRY.v4,54,CALORIMETRY,4,0xFB2D,0.46,False,mirror_mismatch,781305571
CALORIMETRY.v5,54,CALORIMETRY,5,0xFB2D,0.665,False,collision,781305571
CALORIMETRY.v6,54,CALORIMETRY,6,0xFB2D,0.5,False,collision,781305571
CALORIMETRY.v8,54,CALORIMETRY,8,0xFB2D,0.665,False,no_residue_improvement,781305571
ELECTROCHEM_CV.v1,55,ELECTROCHEM_CV,1,0x9505,0.355,False,no_iso_move,274017025
ELECTROCHEM_CV.v2,55,ELECTROCHEM_CV,2,0x9505,0.51,False,no_iso_move,274017025
ELECTROCHEM_CV.v3,55,ELECTROCHEM_CV,3,0x9505,1.0,False,budget_exhausted,274017025
ELECTROCHEM_CV.v4,55,ELECTROCHEM_CV,4,0x9505,0.812,False,no_residue_improvement,274017025
ELECTROCHEM_CV.v5,55,ELECTROCHEM_CV,5,0x9505,0.47,False,no_iso_move,274017025
ELECTROCHEM_CV.v6,55,ELECTROCHEM_CV,6,0x9505,0.448,False,budget_exhausted,274017025
ELECTROCHEM_CV.v7,55,ELECTROCHEM_CV,7,0x9505,0.674,False,budget_exhausted,274017025
ELECTROCHEM_CV.v8,55,ELECTROCHEM_CV,8,0x9505,0.702,False,no_residue_improvement,274017025
ROBOT_KIN.v1,56,ROBOT_KIN,1,0x49C3,0.269,False,no_residue_improvement,333088927
ROBOT_KIN.v2,56,ROBOT_KIN,2,0x49C3,0.536,False,budget_exhausted,333088927
ROBOT_KIN.v4,56,ROBOT_KIN,4,0x49C3,0.45,False,budget_exhausted,333088927
ROBOT_KIN.v5,56,ROBOT_KIN,5,0x49C3,0.668,False,mirror_mismatch,333088927
ROBOT_KIN.v8,56,ROBOT_KIN,8,0x49C3,0.54,False,mirror_mismatch,333088927
VISUAL_SERVO.v1,57,VISUAL_SERVO,1,0x81CD,0.714,False,no_residue_improvement,907157543
VISUAL_SERVO.v2,57,VISUAL_SERVO,2,0x81CD,0.959,False,collision,907157543
VISUAL_SERVO.v3,57,VISUAL_SERVO,3,0x81CD,0.746,False,mirror_mismatch,907157543
VISUAL_SERVO.v4,57,VISUAL_SERVO,4,0x81CD,0.597,False,mirror_mismatch,907157543
VISUAL_SERVO.v5,57,VISUAL_SERVO,5,0x81CD,0.876,False,no_iso_move,907157543
VISUAL_SERVO.v6,57,VISUAL_SERVO,6,0x81CD,0.889,False,no_iso_move,907157543
VISUAL_SERVO.v7,57,VISUAL_SERVO,7,0x81CD,1.0,False,no_residue_improvement,907157543
VISUAL_SERVO.v8,57,VISUAL_SERVO,8,0x81CD,0.384,False,no_residue_improvement,907157543
SLAM_INVAR.v2,58,SLAM_INVAR,2,0xCEEE,0.743,False,budget_exhausted,423436671
SLAM_INVAR.v3,58,SLAM_INVAR,3,0xCEEE,0.446,False,budget_exhausted,423436671
SLAM_INVAR.v4,58,SLAM_INVAR,4,0xCEEE,0.446,False,budget_exhausted,423436671
SLAM_INVAR.v5,58,SLAM_INVAR,5,0xCEEE,0.578,False,mirror_mismatch,423436671
SLAM_INVAR.v6,58,SLAM_INVAR,6,0xCEEE,0.536,False,no_iso_move,423436671
SLAM_INVAR.v7,58,SLAM_INVAR,7,0xCEEE,0.672,False,collision,423436671
SLAM_INVAR.v8,58,SLAM_INVAR,8,0xCEEE,0.771,False,budget_exhausted,423436671
ACTUATOR_CAL.v2,59,ACTUATOR_CAL,2,0xEED4,0.552,False,no_residue_improvement,4360601
ACTUATOR_CAL.v4,59,ACTUATOR_CAL,4,0xEED4,0.824,False,no_residue_improvement,4360601
ACTUATOR_CAL.v5,59,ACTUATOR_CAL,5,0xEED4,0.543,False,collision,4360601
ACTUATOR_CAL.v6,59,ACTUATOR_CAL,6,0xEED4,0.69,False,collision,4360601
ACTUATOR_CAL.v7,59,ACTUATOR_CAL,7,0xEED4,0.846,False,collision,4360601
ACTUATOR_CAL.v8,59,ACTUATOR_CAL,8,0xEED4,0.435,False,budget_exhausted,4360601
SENSOR_FUSION.v1,60,SENSOR_FUSION,1,0xAAB7,0.573,False,budget_exhausted,228092852
SENSOR_FUSION.v2,60,SENSOR_FUSION,2,0xAAB7,0.559,False,mirror_mismatch,228092852
SENSOR_FUSION.v3,60,SENSOR_FUSION,3,0xAAB7,0.646,False,budget_exhausted,228092852
SENSOR_FUSION.v4,60,SENSOR_FUSION,4,0xAAB7,0.855,False,no_iso_move,228092852
SENSOR_FUSION.v5,60,SENSOR_FUSION,5,0xAAB7,0.586,False,mirror_mismatch,228092852
SENSOR_FUSION.v7,60,SENSOR_FUSION,7,0xAAB7,0.707,False,collision,228092852
REALTIME_SCHED.v1,61,REALTIME_SCHED,1,0x1E8D,0.566,False,mirror_mismatch,324984111
REALTIME_SCHED.v2,61,REALTIME_SCHED,2,0x1E8D,0.748,False,budget_exhausted,324984111
REALTIME_SCHED.v4,61,REALTIME_SCHED,4,0x1E8D,0.412,False,mirror_mismatch,324984111
REALTIME_SCHED.v7,61,REALTIME_SCHED,7,0x1E8D,0.8,False,collision,324984111
REALTIME_SCHED.v8,61,REALTIME_SCHED,8,0x1E8D,0.758,False,mirror_mismatch,324984111
SEC_POLICY.v1,62,SEC_POLICY,1,0x28D4,0.949,False,mirror_mismatch,934096791
SEC_POLICY.v2,62,SEC_POLICY,2,0x28D4,0.622,False,no_iso_move,934096791
SEC_POLICY.v3,62,SEC_POLICY,3,0x28D4,0.374,False,budget_exhausted,934096791
SEC_POLICY.v5,62,SEC_POLICY,5,0x28D4,0.52,False,collision,934096791
SEC_POLICY.v6,62,SEC_POLICY,6,0x28D4,0.82,False,no_residue_improvement,934096791
SEC_POLICY.v7,62,SEC_POLICY,7,0x28D4,1.0,False,no_residue_improvement,934096791
SEC_POLICY.v8,62,SEC_POLICY,8,0x28D4,0.418,False,budget_exhausted,934096791
MATH_PROOF.v1,63,MATH_PROOF,1,0xF7E9,0.65,False,budget_exhausted,548835
MATH_PROOF.v2,63,MATH_PROOF,2,0xF7E9,0.566,False,no_iso_move,548835
MATH_PROOF.v3,63,MATH_PROOF,3,0xF7E9,0.509,False,mirror_mismatch,548835
MATH_PROOF.v4,63,MATH_PROOF,4,0xF7E9,0.411,False,budget_exhausted,548835
MATH_PROOF.v5,63,MATH_PROOF,5,0xF7E9,0.694,False,budget_exhausted,548835
MATH_PROOF.v7,63,MATH_PROOF,7,0xF7E9,0.45,False,budget_exhausted,548835
MATH_PROOF.v8,63,MATH_PROOF,8,0xF7E9,0.605,False,mirror_mismatch,548835
