overlay_id,slot_index,sidecar,view_index,hue16,grad,binary_pass,fail_reason,seed
OPTICS.v7,0,OPTICS,7,0x02D1,0.436,True,,668182147
OPTICS.v8,0,OPTICS,8,0x02D1,0.546,True,,668182147
EM_FIELD.v2,1,EM_FIELD,2,0x02B1,0.653,True,,635547306
EM_FIELD.v7,1,EM_FIELD,7,0x02B1,0.862,True,,635547306
THERMAL.v5,2,THERMAL,5,0xC1FC,0.565,True,,20850144
MECH_DYNAMICS.v5,3,MECH_DYNAMICS,5,0x602A,0.559,True,,714787196
CRYO_OPTICS.v4,4,CRYO_OPTICS,4,0xABE4,0.776,True,,512608108
CRYO_OPTICS.v5,4,CRYO_OPTICS,5,0xABE4,0.875,True,,512608108
CRYO_OPTICS.v7,4,CRYO_OPTICS,7,0xABE4,0.788,True,,512608108
THz_META.v4,5,THz_META,4,0x6935,0.715,True,,580409307
THz_META.v6,5,THz_META,6,0x6935,0.632,True,,580409307
THz_META.v7,5,THz_META,7,0x6935,0.398,True,,580409307
THz_META.v8,5,THz_META,8,0x6935,0.492,True,,580409307
PHOTONICS_COMB.v1,6,PHOTONICS_COMB,1,0x0335,0.527,True,,430975660
PHOTONICS_COMB.v3,6,PHOTONICS_COMB,3,0x0335,0.587,True,,430975660
SPINTRONICS_Q.v4,7,SPINTRONICS_Q,4,0x1ABD,0.672,True,,581802451
SPINTRONICS_Q.v5,7,SPINTRONICS_Q,5,0x1ABD,0.638,True,,581802451
SPINTRONICS_Q.v6,7,SPINTRONICS_Q,6,0x1ABD,0.767,True,,581802451
SPINTRONICS_Q.v7,7,SPINTRONICS_Q,7,0x1ABD,0.784,True,,581802451
ACOUSTICS.v3,8,ACOUSTICS,3,0x9272,0.986,True,,465053227
PLASMA_SIM.v2,11,PLASMA_SIM,2,0x1543,0.737,True,,577459294
NEUTRON_OPTICS.v1,12,NEUTRON_OPTICS,1,0x7002,0.769,True,,80628423
NEUTRON_OPTICS.v3,12,NEUTRON_OPTICS,3,0x7002,0.926,True,,80628423
ION_TRAP_CTRL.v2,13,ION_TRAP_CTRL,2,0x9C42,0.72,True,,958207970
ION_TRAP_CTRL.v6,13,ION_TRAP_CTRL,6,0x9C42,0.802,True,,958207970
ION_TRAP_CTRL.v7,13,ION_TRAP_CTRL,7,0x9C42,0.621,True,,958207970
MAGNETIC_MATERIALS.v6,14,MAGNETIC_MATERIALS,6,0x9A90,0.992,True,,337433016
SUPERCONDUCTING_Q.v5,15,SUPERCONDUCTING_Q,5,0x86A3,0.902,True,,249367507
BIO_COHERENCE.v4,16,BIO_COHERENCE,4,0xBCAE,0.532,True,,722078487
BIO_COHERENCE.v5,16,BIO_COHERENCE,5,0xBCAE,0.687,True,,722078487
ODMR_PROTEIN.v2,17,ODMR_PROTEIN,2,0x4BC7,0.799,True,,239366706
ODMR_PROTEIN.v3,17,ODMR_PROTEIN,3,0x4BC7,0.336,True,,239366706
ODMR_PROTEIN.v8,17,ODMR_PROTEIN,8,0x4BC7,0.688,True,,239366706
FRET_KINETICS.v2,18,FRET_KINETICS,2,0x1AC2,0.739,True,,442937448
FRET_KINETICS.v7,18,FRET_KINETICS,7,0x1AC2,0.874,True,,442937448
OD_EC_GROWTH.v2,19,OD_EC_GROWTH,2,0x772C,0.448,True,,311543517
OD_EC_GROWTH.v4,19,OD_EC_GROWTH,4,0x772C,0.906,True,,311543517
OD_EC_GROWTH.v6,19,OD_EC_GROWTH,6,0x772C,0.748,True,,311543517
PCR_QPLOT.v6,20,PCR_QPLOT,6,0xD826,0.617,True,,828345226
PCR_QPLOT.v7,20,PCR_QPLOT,7,0xD826,0.643,True,,828345226
PCR_QPLOT.v8,20,PCR_QPLOT,8,0xD826,0.925,True,,828345226
SINGLE_CELL_FLUO.v2,21,SINGLE_CELL_FLUO,2,0x53C1,0.549,True,,143131241
SINGLE_CELL_FLUO.v4,21,SINGLE_CELL_FLUO,4,0x53C1,0.768,True,,143131241
SINGLE_CELL_FLUO.v5,21,SINGLE_CELL_FLUO,5,0x53C1,0.42,True,,143131241
SINGLE_CELL_FLUO.v6,21,SINGLE_CELL_FLUO,6,0x53C1,0.837,True,,143131241
EEG_RHYTHM.v6,22,EEG_RHYTHM,6,0x7D80,0.954,True,,693252368
EEG_RHYTHM.v8,22,EEG_RHYTHM,8,0x7D80,0.776,True,,693252368
OPTO_PULSE.v2,23,OPTO_PULSE,2,0x8C7B,0.543,True,,15320363
OPTO_PULSE.v3,23,OPTO_PULSE,3,0x8C7B,0.577,True,,15320363
OPTO_PULSE.v4,23,OPTO_PULSE,4,0x8C7B,0.6,True,,15320363
FLOW_CYTOMETRY.v3,24,FLOW_CYTOMETRY,3,0x2749,0.743,True,,833569458
MICROFLUIDICS_TEMP.v4,25,MICROFLUIDICS_TEMP,4,0x56CB,0.57,True,,139515138
CHEM_KINETICS.v5,26,CHEM_KINETICS,5,0x42EB,0.649,True,,867435278
DRUG_BINDING_ITC.v1,27,DRUG_BINDING_ITC,1,0xAC4B,0.713,True,,431359703
DRUG_BINDING_ITC.v6,27,DRUG_BINDING_ITC,6,0xAC4B,0.548,True,,431359703
SPR_SENSOR.v8,28,SPR_SENSOR,8,0x4DF2,0.861,True,,284006151
AFM_FORCE.v2,29,AFM_FORCE,2,0x104A,0.764,True,,258156665
AFM_FORCE.v8,29,AFM_FORCE,8,0x104A,0.787,True,,258156665
CRISPR_CHECK.v1,30,CRISPR_CHECK,1,0xE6FE,0.763,True,,625632106
CRISPR_CHECK.v4,30,CRISPR_CHECK,4,0xE6FE,0.811,True,,625632106
CRISPR_CHECK.v5,30,CRISPR_CHECK,5,0xE6FE,0.974,True,,625632106
CRISPR_CHECK.v7,30,CRISPR_CHECK,7,0xE6FE,0.672,True,,625632106
CRISPR_CHECK.v8,30,CRISPR_CHECK,8,0xE6FE,0.645,True,,625632106
METABO_PROFILER.v4,31,METABO_PROFILER,4,0x0ECF,0.761,True,,672803946
METABO_PROFILER.v8,31,METABO_PROFILER,8,0x0ECF,0.485,True,,672803946
XRD_PHASE.v4,32,XRD_PHASE,4,0x243D,0.584,True,,289727953
ELLIPSOMETRY.v1,33,ELLIPSOMETRY,1,0x3848,0.706,True,,536438363
ELLIPSOMETRY.v2,33,ELLIPSOMETRY,2,0x3848,0.97,True,,536438363
ELLIPSOMETRY.v8,33,ELLIPSOMETRY,8,0x3848,0.623,True,,536438363
RHEOLOGY.v2,34,RHEOLOGY,2,0xC9F2,0.572,True,,362103750
EMISSIVITY_STACK.v2,35,EMISSIVITY_STACK,2,0xE20D,0.597,True,,580926831
EMISSIVITY_STACK.v3,35,EMISSIVITY_STACK,3,0xE20D,0.743,True,,580926831
EMISSIVITY_STACK.v5,35,EMISSIVITY_STACK,5,0xE20D,0.636,True,,580926831
EMISSIVITY_STACK.v7,35,EMISSIVITY_STACK,7,0xE20D,0.437,True,,580926831
PHASE_CHANGE.v4,36,PHASE_CHANGE,4,0x0DAF,0.602,True,,981889949
NANOINDENT.v1,37,NANOINDENT,1,0x987C,0.487,True,,779040785
NANOINDENT.v2,37,NANOINDENT,2,0x987C,0.363,True,,779040785
NANOINDENT.v6,37,NANOINDENT,6,0x987C,0.762,True,,779040785
THERMAL_CONDUCT.v1,38,THERMAL_CONDUCT,1,0xDD22,0.662,True,,475466573
THERMAL_CONDUCT.v6,38,THERMAL_CONDUCT,6,0xDD22,0.791,True,,475466573
THERMAL_CONDUCT.v8,38,THERMAL_CONDUCT,8,0xDD22,0.596,True,,475466573
DIELECTRIC_SPECTRA.v1,39,DIELECTRIC_SPECTRA,1,0x4719,0.883,True,,633459829
DIELECTRIC_SPECTRA.v4,39,DIELECTRIC_SPECTRA,4,0x4719,0.899,True,,633459829
COSMOS_LENSING.v8,40,COSMOS_LENSING,8,0xB940,0.946,True,,753153607
PSF_DEBLUR.v1,41,PSF_DEBLUR,1,0x6856,0.358,True,,166916803
PSF_DEBLUR.v2,41,PSF_DEBLUR,2,0x6856,0.866,True,,166916803
PSF_DEBLUR.v4,41,PSF_DEBLUR,4,0x6856,0.539,True,,166916803
PSF_DEBLUR.v5,41,PSF_DEBLUR,5,0x6856,0.618,True,,166916803
PHOTOZ_PRIOR.v2,42,PHOTOZ_PRIOR,2,0xE7C4,0.596,True,,708033986
PHOTOZ_PRIOR.v4,42,PHOTOZ_PRIOR,4,0xE7C4,0.617,True,,708033986
SUBHALO_PERTURB.v5,43,SUBHALO_PERTURB,5,0x4A22,0.608,True,,392762964
TIME_DELAY.v4,44,TIME_DELAY,4,0x10AF,0.655,True,,530071450
TIME_DELAY.v8,44,TIME_DELAY,8,0x10AF,0.625,True,,530071450
FLAT_FIELD.v1,45,FLAT_FIELD,1,0xA701,0.884,True,,695544668
FLAT_FIELD.v6,45,FLAT_FIELD,6,0xA701,1.0,True,,695544668
DARK_CURRENT.v4,46,DARK_CURRENT,4,0xF047,0.841,True,,318211819
DARK_CURRENT.v5,46,DARK_CURRENT,5,0xF047,0.96,True,,318211819
DARK_CURRENT.v8,46,DARK_CURRENT,8,0xF047,0.532,True,,318211819
NMR_SPECTRA.v1,48,NMR_SPECTRA,1,0x035A,0.896,True,,443546233
NMR_SPECTRA.v4,48,NMR_SPECTRA,4,0x035A,0.663,True,,443546233
NMR_SPECTRA.v5,48,NMR_SPECTRA,5,0x035A,1.0,True,,443546233
NMR_SPECTRA.v7,48,NMR_SPECTRA,7,0x035A,0.641,True,,443546233
FTIR.v2,49,FTIR,2,0x27C9,0.274,True,,792111254
FTIR.v4,49,FTIR,4,0x27C9,0.864,True,,792111254
RAMAN.v1,50,RAMAN,1,0xDFE6,0.456,True,,975204050
HPLC_RT.v1,52,HPLC_RT,1,0xA268,0.743,True,,239724907
HPLC_RT.v3,52,HPLC_RT,3,0xA268,0.455,True,,239724907
HPLC_RT.v4,52,HPLC_RT,4,0xA268,0.564,True,,239724907
GC_MS.v1,53,GC_MS,1,0xF0D9,0.588,True,,318449740
GC_MS.v5,53,GC_MS,5,0xF0D9,0.63,True,,318449740
CALORIMETRY.v7,54,CALORIMETRY,7,0xFB2D,0.637,True,,781305571
ROBOT_KIN.v3,56,ROBOT_KIN,3,0x49C3,0.276,True,,333088927
ROBOT_KIN.v6,56,ROBOT_KIN,6,0x49C3,0.624,True,,333088927
ROBOT_KIN.v7,56,ROBOT_KIN,7,0x49C3,0.792,True,,333088927
SLAM_INVAR.v1,58,SLAM_INVAR,1,0xCEEE,0.88,True,,423436671
ACTUATOR_CAL.v1,59,ACTUATOR_CAL,1,0xEED4,0.392,True,,4360601
ACTUATOR_CAL.v3,59,ACTUATOR_CAL,3,0xEED4,0.825,True,,4360601
SENSOR_FUSION.v6,60,SENSOR_FUSION,6,0xAAB7,0.833,True,,228092852
SENSOR_FUSION.v8,60,SENSOR_FUSION,8,0xAAB7,0.957,True,,228092852
REALTIME_SCHED.v3,61,REALTIME_SCHED,3,0x1E8D,0.715,True,,324984111
REALTIME_SCHED.v5,61,REALTIME_SCHED,5,0x1E8D,0.616,True,,324984111
REALTIME_SCHED.v6,61,REALTIME_SCHED,6,0x1E8D,0.714,True,,324984111
SEC_POLICY.v4,62,SEC_POLICY,4,0x28D4,0.766,True,,934096791
MATH_PROOF.v6,63,MATH_PROOF,6,0xF7E9,0.471,True,,548835
