{
  "begin": {
    "event": "begin",
    "op": "<op>",
    "module": "<pkg.mod>",
    "policy_hash": "<hash>",
    "safe_cube": {
      "allowed": true,
      "reason": "init"
    },
    "payload": {
      "context": "<context>"
    }
  },
  "append": {
    "event": "append",
    "op": "<op>",
    "module": "<pkg.mod>",
    "payload": {
      "delta": "<delta>",
      "score": "<score>"
    }
  },
  "finalize": {
    "event": "finalize",
    "op": "<op>",
    "module": "<pkg.mod>",
    "payload": {
      "summary": "<summary>",
      "status": "ok|fail"
    }
  }
}