{
  "name": "id_21",
  "id": 21,
  "rails": "QD",
  "seed": 108253868,
  "url": "https://writings.stephenwolfram.com/2025/09/the-ruliology-of-lambdas/",
  "domain": "writings.stephenwolfram.com",
  "status": "verified",
  "interfaces": {
    "input": {
      "type": "cqe:rest_state",
      "schema": "parity/octet/h16 overlays"
    },
    "output": {
      "type": "cqe:overlay_bundle",
      "schema": "OPE/FCE receipts + overlays"
    }
  },
  "metrics": {
    "OPE_P8_D": 6,
    "OPE_debt": 0.0305824275834794,
    "FCE_Dvotes": 41,
    "FCE_debt": 0.0324512763099217,
    "mirror_primary": 0,
    "mirror_mirror": 0,
    "mirror_debt": 0.0305824275834794
  },
  "artifacts": {
    "ledger": "receipts/ledger_snapshot.csv",
    "wrapper_receipts": "receipts/wrapper_receipts_latest.csv"
  },
  "runner": "sdk.cqe.runner:run_module"
}