{
  "$schema": "http://json-schema.org/draft-07/schema#",
  "title": "CQE Ledger Entry",
  "type": "object",
  "required": [
    "timestamp",
    "bundle",
    "before_bits",
    "after_bits",
    "action"
  ],
  "properties": {
    "timestamp": {
      "type": "string"
    },
    "bundle": {
      "type": "string"
    },
    "before_bits": {
      "type": "string",
      "pattern": "^[01]{4,64}$"
    },
    "after_bits": {
      "type": "string",
      "pattern": "^[01]{4,64}$"
    },
    "action": {
      "type": "string"
    },
    "reason": {
      "type": "string"
    }
  }
}