{
  "$schema": "http://json-schema.org/draft-07/schema#",
  "title": "CQE Bench Schema",
  "type": "object",
  "required": [
    "id",
    "name",
    "cartridges",
    "objective"
  ],
  "properties": {
    "id": {
      "type": "string",
      "pattern": "^B[A-D]$"
    },
    "name": {
      "type": "string"
    },
    "cartridges": {
      "type": "array",
      "items": {
        "type": "string",
        "pattern": "^C\\d{2}$"
      }
    },
    "objective": {
      "type": "string"
    }
  }
}