{
  "name": "id_9",
  "id": 9,
  "rails": "QD",
  "seed": 1406092690,
  "url": "https://phys.org/news/2025-09-nanoscale-optical-device-enables-independent.html",
  "domain": "phys.org",
  "status": "verified",
  "interfaces": {
    "input": {
      "type": "cqe:rest_state",
      "schema": "parity/octet/h16 overlays"
    },
    "output": {
      "type": "cqe:overlay_bundle",
      "schema": "OPE/FCE receipts + overlays"
    }
  },
  "metrics": {
    "OPE_P8_D": 6,
    "OPE_debt": 0.0337434853831973,
    "FCE_Dvotes": 39,
    "FCE_debt": 0.0333421044868254,
    "mirror_primary": 0,
    "mirror_mirror": 0,
    "mirror_debt": 0.0337434853831973
  },
  "artifacts": {
    "ledger": "receipts/ledger_snapshot.csv",
    "wrapper_receipts": "receipts/wrapper_receipts_latest.csv"
  },
  "runner": "sdk.cqe.runner:run_module"
}