{
  "tokens": 247,
  "legalized_any_frac": 0.9473684210526315,
  "bridges_any_frac": 1.0,
  "by_shape": {
    "tick_H": 0.41700404858299595,
    "tick_M": 0.6639676113360324,
    "tick_S": 0.6396761133603239,
    "mid_H": 0.0,
    "mid_M": 0.0,
    "mid_S": 0.0,
    "ratio_HvM": 0.0,
    "ratio_MvS": 0.004048582995951417,
    "ratio_HvS": 0.024291497975708502
  },
  "bridges": {
    "ring_H": 0.004048582995951417,
    "ring_M": 0.004048582995951417,
    "ring_S": 0.020242914979757085,
    "residue_bridge": 1.0,
    "tunnel_prime": 1.0,
    "cascade_suggest_frac": 1.0
  }
}