{
  "policy": {
    "version": "cqe_policy_v1",
    "geometry": {
      "enabled": true,
      "weight": 1.0,
      "kissing_weight": 0.2,
      "sparsity_weight": 0.02,
      "parity_weight_lane": 1.0,
      "parity_weight_global": 1.0,
      "notes": "Strict build; tune weight down for exploration."
    },
    "acceptance": {
      "eps_phi": 1e-06,
      "strict_only": true,
      "plateau_cap": 0,
      "midpoint_requires_parity_drop": true
    },
    "operators": {
      "enable_rtheta": true,
      "enable_weyl_reflect": true,
      "enable_midpoint": true,
      "enable_parity_mirror": true,
      "sector_balance_lambda": 0.0
    },
    "shells": {
      "mode": "radial",
      "base": 0.15,
      "factors": [
        2,
        2,
        2
      ],
      "stop_metric": "strict_gain",
      "stop_threshold": 0.001,
      "ema_alpha": 0.5
    },
    "governance": {
      "lane_permutation_whitelist_id": "whitelist_v3",
      "monster_profile": "monster_whitelist_v3",
      "consent_required": true
    },
    "viz": {
      "frame_id": "e8_viz_nodes_vX",
      "neighbor_graph_id": "e8_graph_edges_vX",
      "allowed_sectors": [
        "NE",
        "N"
      ]
    },
    "logging": {
      "reason_codes": true,
      "sign_handshakes": false,
      "overlay_store_mode": "accepted_only",
      "metrics": true,
      "otel": false
    }
  },
  "stages": [
    {
      "stage": 0,
      "shell": {
        "R": 0.15
      },
      "return": 0.0,
      "return_ema": 0.0,
      "accepts": 0,
      "attempts": 3,
      "delta_phi": 0.0
    }
  ],
  "rings": [
    {
      "ring": 0,
      "lanes": [
        {
          "lane_id": 0,
          "op": "Identity",
          "overlay_id": "fabd6c9d914118d561f8a021ee4c7dbe64489aac91f919b354ee17bf40072dc2",
          "accepted": true,
          "phi": 3.800858535423024
        }
      ]
    },
    {
      "ring": 1,
      "lanes": [
        {
          "op": "Rtheta",
          "accepted": false,
          "phi_before": 3.800858535423024,
          "phi_after": 3.8008585354230235,
          "delta": -4.440892098500626e-16,
          "reason": "out_of_shell"
        },
        {
          "op": "Midpoint",
          "accepted": false,
          "phi_before": 3.800858535423024,
          "phi_after": 2.450319633855756,
          "delta": -1.3505389015672682,
          "reason": "out_of_shell"
        },
        {
          "op": "WeylReflect",
          "accepted": false,
          "phi_before": 3.800858535423024,
          "phi_after": 4.893328612828965,
          "delta": 1.0924700774059408,
          "reason": "out_of_shell"
        }
      ],
      "shell": {
        "R": 0.15
      },
      "stage": 0
    }
  ],
  "overlay_store": {},
  "boundaries": [],
  "status": "terminated_threshold"
}