[
  {
    "id": "TEL_OPTICS_MINI",
    "title": "Toroidal telescope mini-run",
    "hypothesis": "WFE ≤ 22 nm with LC polarization and vent cadence tuned.",
    "views": [
      {
        "name": "Airy",
        "score": 1
      },
      {
        "name": "FFT pupil",
        "score": 1
      },
      {
        "name": "Zernike",
        "score": 1
      },
      {
        "name": "Phase retrieval",
        "score": 1
      },
      {
        "name": "Thermal pulse",
        "score": 1
      },
      {
        "name": "Vent cadence",
        "score": 1
      },
      {
        "name": "Polar L/R",
        "score": 1
      },
      {
        "name": "Linear XY",
        "score": 1
      }
    ],
    "mirror": {
      "pairs": [
        [
          "FFT",
          "iFFT"
        ],
        [
          "L",
          "R"
        ]
      ],
      "residual": 0.04,
      "tolerance": 0.05
    },
    "delta_allowed": [
      "astig_trim",
      "bias_3.1_to_3.0"
    ],
    "strict": {
      "wfe_nm": {
        "prev": 25,
        "new": 22
      }
    },
    "expect_4bit": "1111"
  }
]