[
  {
    "overlay_id": "OPTICS.ANCHOR.A1",
    "sidecar": "OPTICS",
    "rest_hash": "3e9075c5d7fe7ea6",
    "fourbit": "1011",
    "receipts_hash": "2afe372db0fb9487",
    "merkle_root": "4dc31dbf8040e14571606e1db27cc39c48154fd28aacfc0384488077a93596d8",
    "receipts": [
      {
        "rail": "\u03b8_res (Rayleigh)",
        "value": 0.09226912332786777,
        "unit": "arcsec",
        "pass": true
      },
      {
        "rail": "WFE_rms (nm)",
        "value": 14.177446878757825,
        "unit": "nm",
        "pass": true
      },
      {
        "rail": "MTF_floor",
        "value": 0.4292054215615862,
        "unit": "1",
        "pass": true
      },
      {
        "rail": "Strehl",
        "value": 0.9585971918727536,
        "unit": "1",
        "pass": true
      }
    ]
  },
  {
    "overlay_id": "THERMAL.ANCHOR.A1",
    "sidecar": "THERMAL",
    "rest_hash": "3df810f84e45704b",
    "fourbit": "1101",
    "receipts_hash": "5266aa9e956b0f84",
    "merkle_root": "cc58c0b02fa7ffb25dcdc045e2844bf3964a25767e6f4298590b29da53996cd9",
    "receipts": [
      {
        "rail": "\u0394T_per_tick (K)",
        "value": 0.1,
        "unit": "K",
        "pass": true
      },
      {
        "rail": "Radiator_eff",
        "value": 0.87,
        "unit": "1",
        "pass": true
      },
      {
        "rail": "Vent_duty",
        "value": 0.25,
        "unit": "1",
        "pass": true
      },
      {
        "rail": "CTE_WFE_drift (nm)",
        "value": 10.0,
        "unit": "nm",
        "pass": true
      }
    ]
  }
]