{
  "overlay_id": "EM_FIELD.ANCHOR.PILOT",
  "sidecar": "EM_FIELD",
  "fourbit": "1111",
  "rest_hash": "e3910bcf44aa857f",
  "receipts": [
    {
      "sidecar": "EM_FIELD",
      "rail": "Beam_Error (deg)",
      "value": 0.02,
      "unit": "deg",
      "pass": true
    },
    {
      "sidecar": "EM_FIELD",
      "rail": "Axial_Ratio (dB)",
      "value": 1.5,
      "unit": "dB",
      "pass": true
    },
    {
      "sidecar": "EM_FIELD",
      "rail": "Efficiency",
      "value": 0.86,
      "unit": "1",
      "pass": true
    },
    {
      "sidecar": "EM_FIELD",
      "rail": "Whiteness (sidelobe)",
      "value": 0.03,
      "unit": "1",
      "pass": true
    },
    {
      "sidecar": "EM_FIELD\u2192OPTICS",
      "rail": "\u0394MTF penalty",
      "value": -0.0707945784384138,
      "unit": "1",
      "pass": true
    }
  ]
}