sidecar,rail,value,unit,pass
OPTICS,θ_res (Rayleigh),0.09226912332786777,arcsec,True
OPTICS,WFE_rms (nm),14.177446878757825,nm,True
OPTICS,MTF_floor,0.4292054215615862,1,True
OPTICS,Strehl,0.9585971918727536,1,True
THERMAL,ΔT_per_tick (K),0.1,K,True
THERMAL,Radiator_eff,0.87,1,True
THERMAL,Vent_duty,0.25,1,True
THERMAL,CTE_WFE_drift (nm),10.0,nm,True
POLAR,Axial_Ratio (dB),1.5,dB,True
POLAR,Ecross/Eco,0.8413951416451951,1,True
MATH,Units_OK,True,bool,True
MATH,Canonical_Form_OK,True,bool,True
