seed,variant
AGRM,AGRM
AGRM,agrm
Archivist,ARCHIVIST
Archivist,Archivist
Archivist,archivist
Assembly,ASSEMBLY
Assembly,Assembly
Assembly,assembly
Beacons,BEACONS
Beacons,Beacons
Beacons,beacons
Center,CENTER
Center,Center
Center,center
DTT,DTT
DTT,dtt
E-DBSU,E DBSU
E-DBSU,E-DBSU
E-DBSU,EDBSU
E-DBSU,e dbsu
E‑DBSU,E‑DBSU
E‑DBSU,e‑dbsu
Line,LINE
Line,Line
Line,line
MDHG,MDHG
MDHG,mdhg
MORSR,MORSR
MORSR,morsr
Mannequin,MANNEQUIN
Mannequin,Mannequin
Mannequin,mannequin
Ops,OPS
Ops,Ops
Ops,ops
Pool,POOL
Pool,Pool
Pool,pool
Porter,PORTER
Porter,Porter
Porter,porter
SafeCube,SAFECUBE
SafeCube,SafeCube
SafeCube,safecube
Snap,SNAP
Snap,Snap
Snap,snap
SnapOps,SNAPOPS
SnapOps,SnapOps
SnapOps,snapops
TPG,TPG
TPG,tpg
ThinkTank,THINKTANK
ThinkTank,ThinkTank
ThinkTank,thinktank
Trails,TRAILS
Trails,Trails
Trails,trails
W5H,W5H
W5H,w5h
Wave,WAVE
Wave,Wave
Wave,wave
Weyl,WEYL
Weyl,Weyl
Weyl,weyl
arms,ARMS
arms,arms
beacon,BEACON
beacon,beacon
breakdown,BREAKDOWN
breakdown,breakdown
bridge,BRIDGE
bridge,bridge
bridges,BRIDGES
bridges,bridges
compression,COMPRESSION
compression,compression
cube,CUBE
cube,cube
double,DOUBLE
double,double
double-unknown,DOUBLE UNKNOWN
double-unknown,double unknown
double-unknown,double-unknown
double-unknown,doubleunknown
glyph,GLYPH
glyph,glyph
lattice,LATTICE
lattice,lattice
lattices,LATTICES
lattices,lattices
neg-beacon,NEG BEACON
neg-beacon,neg beacon
neg-beacon,neg-beacon
neg-beacon,negbeacon
negative,NEGATIVE
negative,negative
promotion,PROMOTION
promotion,promotion
promotion_breakdown,PROMOTION BREAKDOWN
promotion_breakdown,promotion breakdown
promotion_breakdown,promotion_breakdown
promotion_breakdown,promotionbreakdown
registry,REGISTRY
registry,registry
safe,SAFE
safe,safe
scoring,SCORING
scoring,scoring
scout,SCOUT
scout,scout
sentinel,SENTINEL
sentinel,sentinel
shelling,SHELLING
shelling,shelling
superpermutation,SUPERPERMUTATION
superpermutation,superpermutation
to_graph,TO GRAPH
to_graph,to graph
to_graph,to_graph
to_graph,tograph
to_points,TO POINTS
to_points,to points
to_points,to_points
to_points,topoints
universes,UNIVERSES
universes,universes
unknown,UNKNOWN
unknown,unknown
