,0
Thought for,225
Thought for s,197
ChatGPT said,169
You said,169
I ll,162
said Thought,159
ChatGPT said Thought,159
said Thought for,158
ChatGPT said Thought for,158
If you,152
said Thought for s,147
A B,106
I can,103
What I,96
If you want,82
core agrm,70
I n,57
s Thought,54
s Thought for,54
This is,53
for s Thought,52
Thought for s Thought,52
for s Thought for,52
and I,50
Here s,50
Ops Center,49
want I,45
you want I,45
If you want I,45
Safe Cube,44
SnapLat v0,42
s Thought for s,40
SNAP Ops,38
I ve,37
What s,37
and I ll,35
want I can,34
you want I can,34
How to,33
You can,33
If you re,31
What it,30
I d,28
at N,27
Think Tank,27
Thought for m,27
Thought for m s,27
I added,26
said Yes,26
You said Yes,26
That s,25
AGRM MDHG,25
a SNAP,25
Assembly Line,25
Add a,23
VWS seeding,23
please ChatGPT,22
It s,22
N k,22
persist False,22
please ChatGPT said,22
I just,21
Why this,21
please ChatGPT said Thought,21
If you want me,21
Let s,20
HTML report,20
Ops Report,20
I have,19
I m,19
Sentinel Arbiter,19
GA SA,19
SNAP Ops Center,19
into MDHG,18
how I,18
AGRM sweeps,18
I also,17
I changed,17
de Bruijn,17
agrm mdhg,17
Golden Runner,17
word and I,17
the word and I,17
word and I ll,17
MDHG and,16
How this,16
I think,16
what I,16
AGRM s,16
Agent Center,16
from agrm,16
agrm agrm,16
SNAP DNA,16
I ll keep,16
What it is,16
What I changed,16
TTL decay,15
Arbiter Porter,15
We can,15
agrm_snap_starter zip,15
What changed,15
zip Full,15
I ll proceed,15
If you re happy,15
If you re good,15
to MDHG,14
MDHG AGRM,14
I ran,14
I implemented,14
MDHG adjacency,14
with TTL,14
agrm spine,14
persist True,14
I can do,14
Sentinel Arbiter Porter,14
N k k,14
It is,13
the Archivist,13
as SNAPs,13
Download the,13
v0 What,13
the MDHG,13
SNAP taxonomy,13
Raw Results,13
DNA audit,13
Here s a,13
What I added,13
s Thought for m,13
Give me,12
If a,12
said Let,12
SNAP schema,12
Wave Pool,12
steps I,12
core snap,12
SNAP with,12
Want me,12
n I,12
I I,12
MDHG hierarchy,12
B Raw,12
You said Let,12
py core agrm,12
What s new,12
Want me to,12
I ll start,12
agrm spine controller_v0_7,12
A B Raw,12
B Raw Results,12
SnapLat v0 What,12
A B Raw Results,12
How I,11
for AGRM,11
and SNAP,11
SP n,11
Suggested next,11
zip How,11
C n,11
into SnapLat,11
Iterative Consensus,11
mdhg_alpha w5h_alpha,11
how I d,11
Here s the,11
I ll add,11
want I ll,11
What I just,11
said Thought for m,11
you want I ll,11
E8 lattice,10
that I,10
For each,10
to N,10
said I,10
s Love,10
SNAP and,10
the SNAP,10
How it,10
DTT Assembly,10
as SNAP,10
zip What,10
Say the,10
Next I,10
said Go,10
Change-Notice Initial,10
Initial addition,10
You ve,10
MORSR WavePool,10
Download What,10
agrm universe,10
CLI verbs,10
B Deltas,10
This is the,10
What I d,10
You said I,10
said Let s,10
Say the word,10
You said Go,10
Change-Notice Initial addition,10
How to use,10
at N k,10
