term,files,covered
AGRM,src/agrm/agrm.py; src/agrm/mdhg/agrmmdhg.py,True
Archivist,src/agrm/snap/archivist.py; src/misc/archivist_v0_1_2025_08_13.py,True
Assembly,src/misc/assembly_v0_1_2025_08_13.py,True
Beacons,src/agrm/snap/neg_beacons.py; src/agrm/snap/beacons.pyi; src/agrm/snap/beacons.py,True
Center,src/mannequin/center_v0_1_2025_08_13.py; src/misc/snap_ops_center_v0_1_2025_08_13.py; src/misc/test_Code_agent_center.py; src/plugins/edges/superperm/ops_center_v0_1_2025_08_13.py,True
DTT,src/misc/dtt_v0_1_2025_08_13.py,True
E8,src/misc/e8.py; src/misc/e8_geometry_shim.py; src/misc/e8_lattice.py; src/misc/e8_roots.py; src/misc/e8_text.py; src/misc/e8dof_state_v0_1_2025_08_13.py; src/misc/test_Code_e8_stratum.py; src/misc/test_e8_geometry.py; src/misc/unify_e8.py,True
Line,src/agrm/mdhg/inlinehash_v0_3_2025_08_13.py; src/misc/pipeline.py; src/misc/vws_bridge_inline_v0_3_2025_08_13.py,True
MDHG,src/agrm/mdhg/agrmmdhg.py; src/agrm/mdhg/mdhg_demo_v0_1_2025_08_13.py; src/agrm/mdhg/mdhg_hybrid_policy.py; src/agrm/mdhg/mdhg_v0_1_2025_08_13.py; src/agrm/mdhg/routing_mdhg_v0_1_2025_08_13.py; src/agrm/mdhg/test_mdhg_hierarchy.py; src/agrm/mdhg/test_mdhg_persistence_policy.py,True
MORSR,src/misc/test_Code_SNAPMORSR.py; src/misc/test_Code_morsr.py; src/misc/test_Code_morsr_utils.py; src/misc/test_Code_run_morsr_on_ledger.py,True
Mannequin,src/mannequin/mannequin_demo_v0_1_2025_08_13.py; src/mannequin/mannequin_stream_demo.py; src/mannequin/mannequin_v0_2_2025_08_13.py,True
Ops,src/agrm/snap_ops_demo_v0_14_2025_08_13.py; src/agrm/mdhg/run_ops_report.py; src/misc/ops_report.py; src/misc/repo_ops.py; src/misc/snap_ops_center_v0_1_2025_08_13.py; src/misc/test_Code_window_ops.py; src/plugins/edges/superperm/ops_center_v0_1_2025_08_13.py,True
Porter,src/mannequin/test_Code_porter_report_templates.py,True
Snap,src/agrm/snap_ops_demo_v0_14_2025_08_13.py; src/agrm/snap/snaps.py; src/mannequin/sap_snap_fastlane_demo_v0_1_2025_08_13.py; src/mannequin/snapdna.py; src/misc/migrate_snap_v1_to_v2.py; src/misc/rest_snaps_endpoint.py; src/misc/snap.py; src/misc/snap_classifier_v0_1_2025_08_13.py; src/misc/snap_demo.py; src/misc/snap_ops_center_v0_1_2025_08_13.py; src/misc/snap_router.py; src/misc/snap_service_writer.py; src/misc/snap_types_v0_1_2025_08_13.py; src/misc/snap_writer.py; src/misc/snaphash.py; src/misc/snapshot.py; src/misc/test_Code_SNAPChef.py; src/misc/test_Code_SNAPCosmos.py; src/misc/test_Code_SNAPCulture.py; src/misc/test_Code_SNAPFauna.py; src/misc/test_Code_SNAPFinance.py; src/misc/test_Code_SNAPMORSR.py; src/misc/test_Code_generate_snap_tools.py; src/misc/test_Code_snap_factory.py; src/misc/test_Code_snap_regency.py; src/misc/test_Code_snapdna.py; src/misc/test_snap_writer.py; src/plugins/edges/superperm/snap_classifier_demo_v0_1_2025_08_13.py; src/plugins/edges/superperm/snap_promoter_v0_1_2025_08_13.py; src/plugins/edges/superperm/test_Code_snap_superperm.py,True
ThinkTank,src/misc/thinktank_v0_1_2025_08_13.py,True
Trails,src/agrm/snap/trails.py,True
W5H,src/agrm/snap/test_w5h_scorer.py; src/agrm/snap/w5h_scorer.py; src/agrm/snap/w5h.pyi; src/agrm/snap/w5h.py,True
beacon,src/agrm/snap/neg_beacons.py; src/agrm/snap/beacons.pyi; src/agrm/snap/beacons.py,True
bridge,src/agrm/mdhg/vws_bridge_v0_1_2025_08_13.py; src/misc/vws_bridge_inline_v0_3_2025_08_13.py; src/tpg/bridge.py,True
cube,src/agrm/safe_cube_demo_v0_12_2025_08_13.py; src/misc/safe_cube.py; src/misc/test_Code_safe_cube.py,True
glyph,src/agrm/test_shelling_glyph.py; src/misc/test_Code_glyph.py,True
lattice,src/misc/e8_lattice.py; src/plugins/edges/superperm/lattice.py,True
promotion,src/agrm/promotion.py; src/agrm/promotion_demo_v0_13_2025_08_13.py; src/agrm/run_elevator_promotion.py; src/agrm/mdhg/elevator_promotion.py; src/plugins/edges/superperm/promotion_guard.py,True
registry,src/misc/policy_registry.py; src/misc/registry_v0_1_2025_08_13.py; src/misc/test_Code_registry.py,True
safe,src/agrm/safe_cube_demo_v0_12_2025_08_13.py; src/agrm/safe_vs_aggressive_v0_2_2025_08_13.py; src/misc/safe_cube.py; src/misc/test_Code_safe_cube.py; src/misc/test_Code_safe_square.py,True
scoring,src/agrm/sfbb_scoring_ab_v0_2_2025_08_13.py,True
shelling,src/agrm/test_shelling_glyph.py; src/misc/shelling.py,True
E-DBSU,,False
E‑DBSU,,False
Pool,,False
SafeCube,,False
SnapOps,,False
TPG,,False
Wave,,False
Weyl,,False
arms,,False
breakdown,,False
bridges,,False
compression,,False
double,,False
double-unknown,,False
lattices,,False
neg-beacon,,False
negative,,False
promotion_breakdown,,False
scout,,False
sentinel,,False
superpermutation,,False
to_graph,,False
to_points,,False
universes,,False
unknown,,False
