case,metric,value,bound,meets_bound,evidence,rest_scale,strict,delta_admissible,status,decision,four_bit,hash
Fast-γ routing (MEC↔CA1),coherence_MEC_CA1_fastγ,0.5027763148926792,0.3,True,Colgin2009,50,HARD,True,WORKING,YES,0011,3ee8f92dbf728926c37331a7f416bb778ca6104560a6cc1e9a8017e96e9e12e2
Slow-γ routing (CA3↔CA1),coherence_CA3_CA1_slowγ,0.4289561502172613,0.25,True,Colgin2009;Bieri2014;Zheng2016,85,HARD,True,WORKING,YES,0001,18b562e5d73fb9797309b74fd59b383533d59ef923398b31d0247ca113017359
Forward replay for planning,prop_forward_replay_awake,0.6318876160279906,0.5,True,Shin2019,75,HARD,True,WORKING,YES,1101,dacfd4064e01d2b6675e3c23a42db765877016cb805ac1a288097d3c0459b916
SWR content encodes trajectories,prop_SWRs_with_path,0.7896174880802276,0.7,True,Krause2022,98,HARD,True,WORKING,YES,1000,840b86ee363183cd4764d8643f1543853ee51bd856aa770d31c232b0b24ccd8f
HPC↔PFC coordination (decision),coordination_index,0.7353400668472093,0.55,True,Tang2021,92,HARD,True,WORKING,YES,0001,17d84718101ced09e5637a0b396cf294fab0a1183528354a8c26b6773830ff22
Theta phase-precession link to memory,phase_prec_strength_mem,0.2769285816372675,0.3,False,Qasim2021;Zheng2024,33,HARD,True,WORKING,YES,0101,5aac2d5fbe611222254f99b47014b2f147f3bd403f689baf627fcd428c7d20ab
