case,metric,value,bound,meets_bound,evidence
Fast-γ routing (MEC↔CA1),coherence_MEC_CA1_fastγ,0.5027763148926792,0.3,True,Colgin2009
Slow-γ routing (CA3↔CA1),coherence_CA3_CA1_slowγ,0.4289561502172613,0.25,True,Colgin2009;Bieri2014;Zheng2016
Forward replay for planning,prop_forward_replay_awake,0.6318876160279906,0.5,True,Shin2019
SWR content encodes trajectories,prop_SWRs_with_path,0.7896174880802276,0.7,True,Krause2022
HPC↔PFC coordination (decision),coordination_index,0.7353400668472093,0.55,True,Tang2021
Theta phase-precession link to memory,phase_prec_strength_mem,0.2769285816372675,0.3,False,Qasim2021;Zheng2024
