{
  "rungs": [
    {
      "name": "Hippocampal (ripples & routing)",
      "overlay": "/mnt/data/derived/hippocampal_kernel_pack/hippocampal_overlay64.json",
      "summary": "/mnt/data/derived/hippocampal_kernel_pack/hippocampal_summary.csv",
      "overlay_hash": "f196ee24f6b5974505ff666200190ad2333eed1c301232b49d19545e1ef2ff89",
      "rung_hash": "a974e9e168a7bcca0d8e29057f1316a9578813ef5d85d283eeb5e5fb40d9d466",
      "nibble": "1010"
    }
  ],
  "ladder_hash": "87c5c9ad295701be82d9f3730b7a6304677c43697a84a688d060c3661c957529",
  "ladder_four_bit": "1000"
}