{
  "id": "C01",
  "title": "Cartridge C01",
  "version": "1.0.0",
  "intent": "invariance_probe",
  "schema": "cqe.cartridge.schema.v1",
  "tokens": [
    {
      "name": "c01_0",
      "bucket": "DELTA",
      "hex16": "0d3f",
      "grad": 0.681,
      "hash": "4975daebc7a0c3b06ff66c5fceccc16fd86c767eb63fd1ebd09f68ff0ce3aa39"
    },
    {
      "name": "c01_1",
      "bucket": "ALPHA",
      "hex16": "75cc",
      "grad": 0.524,
      "hash": "b919dd8bdb4976318bf83e71137ba6a95fed2ad40966076df39d98c250f76bfc"
    },
    {
      "name": "c01_2",
      "bucket": "ALPHA",
      "hex16": "9573",
      "grad": 0.512,
      "hash": "30be6831fa9be53044f9ae6a543f2535a59f76f3b38f49e86e3609ff1319b402"
    },
    {
      "name": "c01_3",
      "bucket": "QUANTA",
      "hex16": "4408",
      "grad": 0.438,
      "hash": "231654c33193da2253b6076e77ebdc53a26053ce3035879f1d98242fb6d14112"
    },
    {
      "name": "c01_4",
      "bucket": "DELTA",
      "hex16": "7a28",
      "grad": 0.944,
      "hash": "c839c8f8c011c91a793eb535ed830f8902605cddc616557f01be006eeaae9b3c"
    },
    {
      "name": "c01_5",
      "bucket": "BETA",
      "hex16": "c6cd",
      "grad": 0.143,
      "hash": "25c0a72fde07c3ed0b6d2bf06141954f6800150d06db69367a03031d7f92dfca"
    },
    {
      "name": "c01_6",
      "bucket": "GAMMA",
      "hex16": "1b8b",
      "grad": 0.428,
      "hash": "cb6298fc34a318d5d75bdd27c6ed779c812630ac96d5834f781b1181b1dff9e7"
    },
    {
      "name": "c01_7",
      "bucket": "QUANTA",
      "hex16": "17df",
      "grad": 0.371,
      "hash": "404004362eaee6603d576623588087b113e176ce0f45098a4d39b2cfb6096e6c"
    },
    {
      "name": "c01_8",
      "bucket": "PEGASUS",
      "hex16": "1298",
      "grad": 0.609,
      "hash": "6ed46fb620e57ea08dc821040e5403f050ce75463b52cd932766cbd37666d42f"
    },
    {
      "name": "c01_9",
      "bucket": "ALPHA",
      "hex16": "d616",
      "grad": 0.328,
      "hash": "acdbc79fdfb706b582778b50d779c5dfa372348014ca6e104d43d22b6a478f24"
    },
    {
      "name": "c01_10",
      "bucket": "QUANTA",
      "hex16": "bb32",
      "grad": 0.926,
      "hash": "c402890fe13aa409dff37fc5372232c9e38cd8b36524e13fd3c7cba61c07ae83"
    },
    {
      "name": "c01_11",
      "bucket": "NOVA",
      "hex16": "1487",
      "grad": 0.724,
      "hash": "3c5dbeb53cfb7f589b5179feca29eb3a31421c30cbfc0ac2c3e616de9bde3d6b"
    }
  ],
  "receipts": {
    "rho": 0.779,
    "whiteness": 0.882,
    "leakage": 0.0082,
    "ece": 0.0192
  },
  "microtests": [
    {
      "seed": 0,
      "expect": "ok"
    },
    {
      "seed": 1,
      "expect": "ok"
    },
    {
      "seed": 2,
      "expect": "ok"
    }
  ]
}