{
  "id": "C02",
  "title": "Cartridge C02",
  "version": "1.0.0",
  "intent": "replay_probe",
  "schema": "cqe.cartridge.schema.v1",
  "tokens": [
    {
      "name": "c02_0",
      "bucket": "DELTA",
      "hex16": "c5a6",
      "grad": 0.683,
      "hash": "0beed4fd642b4e515d6fa9773c6bec241138bf1a75a2203bca40571e57fbe80e"
    },
    {
      "name": "c02_1",
      "bucket": "DELTA",
      "hex16": "78b9",
      "grad": 0.653,
      "hash": "ddb9a8f4c6c7f7f831521b9a7a3d47168440f60073aae001aab4552565b67c13"
    },
    {
      "name": "c02_2",
      "bucket": "ALPHA",
      "hex16": "b26e",
      "grad": 0.736,
      "hash": "3687144ddac6e5c700ddddab816ca9b82dff655c1e89fa2050dedfc4d3bfe0ff"
    },
    {
      "name": "c02_3",
      "bucket": "ORION",
      "hex16": "3619",
      "grad": 0.029,
      "hash": "26c2644d0751de779a2df6be6dfad9d12f0757b4ebf407e36665a2734973e1d6"
    },
    {
      "name": "c02_4",
      "bucket": "DELTA",
      "hex16": "6166",
      "grad": 0.187,
      "hash": "c1f3feb46deb90fcf4c3317e1a3fa2c1d69de3ff5c57d92e780e63a8df41e866"
    },
    {
      "name": "c02_5",
      "bucket": "ORION",
      "hex16": "0b5f",
      "grad": 0.662,
      "hash": "7adae2164a56775f7f50016a4f57c929cd81de65603f0a6ffc4fc1e4043bf745"
    },
    {
      "name": "c02_6",
      "bucket": "ORION",
      "hex16": "3aa7",
      "grad": 0.516,
      "hash": "ad094d5dc15bf842a47c5e6d8ae08b9c1519339ffdd2fc5539ab5b43fe7c86db"
    },
    {
      "name": "c02_7",
      "bucket": "NOVA",
      "hex16": "b221",
      "grad": 0.818,
      "hash": "a7b23d892a2a8d6ed865b7013d896408b82f316de0839c784489c9d294503ea7"
    },
    {
      "name": "c02_8",
      "bucket": "NOVA",
      "hex16": "a37a",
      "grad": 0.068,
      "hash": "9b348d243e4796960f665bf30475cb85cff0fae618903d6abd36057dd8299076"
    },
    {
      "name": "c02_9",
      "bucket": "ORION",
      "hex16": "6635",
      "grad": 0.506,
      "hash": "b735c35d3b5085d7d80194d32e9aca458fe360b63daf8b1cf30c9daf7af239f9"
    },
    {
      "name": "c02_10",
      "bucket": "GAMMA",
      "hex16": "83d0",
      "grad": 0.447,
      "hash": "c5b994a89cfbf9a3aeefec579322dd2a8f16c61e027938a3036271659523ed32"
    },
    {
      "name": "c02_11",
      "bucket": "GAMMA",
      "hex16": "52e0",
      "grad": 0.512,
      "hash": "6d61432b5a1bdc23aae261d1f5a0792e100990feac7fff74e73d98429d3bce6f"
    }
  ],
  "receipts": {
    "rho": 0.896,
    "whiteness": 0.988,
    "leakage": 0.0162,
    "ece": 0.0132
  },
  "microtests": [
    {
      "seed": 0,
      "expect": "ok"
    },
    {
      "seed": 1,
      "expect": "ok"
    },
    {
      "seed": 2,
      "expect": "ok"
    }
  ]
}