{
  "id": "C03",
  "title": "Cartridge C03",
  "version": "1.0.0",
  "intent": "collision_probe",
  "schema": "cqe.cartridge.schema.v1",
  "tokens": [
    {
      "name": "c03_0",
      "bucket": "DELTA",
      "hex16": "a215",
      "grad": 0.705,
      "hash": "76ef580cf9b20186efd5d3afb2b511e19a9bd173f521ff2a2f6c5732eade408a"
    },
    {
      "name": "c03_1",
      "bucket": "DELTA",
      "hex16": "1f57",
      "grad": 0.239,
      "hash": "08f1aae1c2a37663f4444b8a9a4261be0a552b33b9c7023cd58cd42526a35afa"
    },
    {
      "name": "c03_2",
      "bucket": "ALPHA",
      "hex16": "2e79",
      "grad": 0.365,
      "hash": "a66223f6d638c495ea82bccf809d9f12350121ab186763028f7db2505156536c"
    },
    {
      "name": "c03_3",
      "bucket": "NOVA",
      "hex16": "6a37",
      "grad": 0.836,
      "hash": "f5cbc72df53839764b4b340040b8b6a7bd8e733800e6c6e6d9720ca560ded6ae"
    },
    {
      "name": "c03_4",
      "bucket": "DELTA",
      "hex16": "ffc8",
      "grad": 0.818,
      "hash": "b5b875025f0f3f1ba46e761b2c09924d423238a68ddd12e4c820b9d92f3e078d"
    },
    {
      "name": "c03_5",
      "bucket": "NOVA",
      "hex16": "ccb5",
      "grad": 0.768,
      "hash": "0951c0979a80619b25472cfc5547affbcf7ac1b32986a9c6dae441db57f90e17"
    },
    {
      "name": "c03_6",
      "bucket": "BETA",
      "hex16": "34ae",
      "grad": 0.86,
      "hash": "f884bbbc4ff6a5c3ab20b9cb23cd45afabbd3a1f4cd60a2e46ac6b70da1a2e7e"
    },
    {
      "name": "c03_7",
      "bucket": "BETA",
      "hex16": "77fe",
      "grad": 0.467,
      "hash": "8d8f1823959a9e6e5eb00e6345a78eb3f2b336d27ffa6fa812df442f9462a7ee"
    },
    {
      "name": "c03_8",
      "bucket": "ORION",
      "hex16": "6640",
      "grad": 0.141,
      "hash": "1d8152164bb7d7af9a34927fa15bb85b7d9153231083047a2045a3b0bbba2948"
    },
    {
      "name": "c03_9",
      "bucket": "PEGASUS",
      "hex16": "8d3d",
      "grad": 0.555,
      "hash": "39d715b03405d9965180dbdaf9db5d207991cc42512b1d0de128dd5d5a123d0b"
    },
    {
      "name": "c03_10",
      "bucket": "DELTA",
      "hex16": "1550",
      "grad": 0.576,
      "hash": "9ecbddb9b3758c855aaa0cff89c27aedd48a5d48b1402b2495632f6a0275affb"
    },
    {
      "name": "c03_11",
      "bucket": "QUANTA",
      "hex16": "d5af",
      "grad": 0.383,
      "hash": "63fc6cd3f095f9f27d8790ffc6ec49115dbe28176ac5f4f81667f91696c491e8"
    }
  ],
  "receipts": {
    "rho": 0.772,
    "whiteness": 0.965,
    "leakage": 0.0035,
    "ece": 0.0097
  },
  "microtests": [
    {
      "seed": 0,
      "expect": "ok"
    },
    {
      "seed": 1,
      "expect": "ok"
    },
    {
      "seed": 2,
      "expect": "ok"
    }
  ]
}