{
  "id": "C04",
  "title": "Cartridge C04",
  "version": "1.0.0",
  "intent": "overlay_probe",
  "schema": "cqe.cartridge.schema.v1",
  "tokens": [
    {
      "name": "c04_0",
      "bucket": "QUANTA",
      "hex16": "8084",
      "grad": 0.867,
      "hash": "2ffa8c066fb84464afbbfab7bfa1f97b47ae8ccb4adee697b55672694d4542d2"
    },
    {
      "name": "c04_1",
      "bucket": "PEGASUS",
      "hex16": "3a62",
      "grad": 0.98,
      "hash": "5c8634fc7bc08236bd9542746f9ef72bb2101d27430909ed8ed7072af117e1fa"
    },
    {
      "name": "c04_2",
      "bucket": "PEGASUS",
      "hex16": "c89b",
      "grad": 0.93,
      "hash": "488ffd9cd40370f9f0146e1f0f09f71e7060e18c0671f99050fbfab7af7884ad"
    },
    {
      "name": "c04_3",
      "bucket": "ORION",
      "hex16": "8368",
      "grad": 0.08,
      "hash": "c10d9dc8209152ab5caa770db08408e9cf301b4843aa19d782ddc41d1313951e"
    },
    {
      "name": "c04_4",
      "bucket": "QUANTA",
      "hex16": "c7f9",
      "grad": 0.73,
      "hash": "1146b1e831697c2490b0cd238775d749249ff0782cec8facc3cfe5b06b454da6"
    },
    {
      "name": "c04_5",
      "bucket": "ORION",
      "hex16": "94e5",
      "grad": 0.719,
      "hash": "123f67ead4549dcae5ce363ce2272394e4dc90f58011f9f14e7a9da84be34a04"
    },
    {
      "name": "c04_6",
      "bucket": "ALPHA",
      "hex16": "a376",
      "grad": 0.793,
      "hash": "986eea1f39fd97dc11b5d17bdbcaa4cbb800bf601acb63e6b2441c1e12ff7c88"
    },
    {
      "name": "c04_7",
      "bucket": "DELTA",
      "hex16": "81c3",
      "grad": 0.622,
      "hash": "2ace1a0c2436a6b00fdab759587c6c7bde453c4d9dd9c33e6d724f798e07d57b"
    },
    {
      "name": "c04_8",
      "bucket": "ALPHA",
      "hex16": "d0a4",
      "grad": 0.847,
      "hash": "d4170dde66d9e5f7b304d7f3544b22b7dcf9d4e4208845caed19b341ccf337f5"
    },
    {
      "name": "c04_9",
      "bucket": "ORION",
      "hex16": "1b66",
      "grad": 0.454,
      "hash": "b2f30910499a0be657713b0cba7463e4b4beed50e0c1305e78c19e70a12c8143"
    },
    {
      "name": "c04_10",
      "bucket": "QUANTA",
      "hex16": "79f1",
      "grad": 0.39,
      "hash": "f09bba78754ffb2505329d7e66bf6b5e7c271e2579b63b942ed2e88a60027abf"
    },
    {
      "name": "c04_11",
      "bucket": "ORION",
      "hex16": "06b3",
      "grad": 0.432,
      "hash": "08e405b10c13fd5e0c05aaf3b66c02e773f442f4fd0a7aab3803e3fa00cb0879"
    }
  ],
  "receipts": {
    "rho": 0.727,
    "whiteness": 0.861,
    "leakage": 0.0199,
    "ece": 0.0136
  },
  "microtests": [
    {
      "seed": 0,
      "expect": "ok"
    },
    {
      "seed": 1,
      "expect": "ok"
    },
    {
      "seed": 2,
      "expect": "ok"
    }
  ]
}