{
  "id": "C05",
  "title": "Cartridge C05",
  "version": "1.0.0",
  "intent": "palette_probe",
  "schema": "cqe.cartridge.schema.v1",
  "tokens": [
    {
      "name": "c05_0",
      "bucket": "GAMMA",
      "hex16": "b019",
      "grad": 0.544,
      "hash": "db4bd1e0e6dedc7465d3924b211b6db689c6ea6cc9d3f62334911a5e3496c998"
    },
    {
      "name": "c05_1",
      "bucket": "ORION",
      "hex16": "00e1",
      "grad": 0.46,
      "hash": "516c40c41126e1b8f69417684ed7507799383633efda12368c8a6a3fdd7c56a1"
    },
    {
      "name": "c05_2",
      "bucket": "QUANTA",
      "hex16": "539f",
      "grad": 0.998,
      "hash": "b6cbdb5cf72f7b777bc28a4fccd8ea5b5c719329eb2434559670451ffb0d3efa"
    },
    {
      "name": "c05_3",
      "bucket": "GAMMA",
      "hex16": "fc6d",
      "grad": 0.682,
      "hash": "0a5a8daae840aa9877284c167f2d6469d6a1ea2e0c07d1d25b2a43671ae41a7e"
    },
    {
      "name": "c05_4",
      "bucket": "ORION",
      "hex16": "ba2b",
      "grad": 0.656,
      "hash": "c4bb1d89bf691cd53e13cfd53008518d6add6c40ddd2b950f3c931f377ae725d"
    },
    {
      "name": "c05_5",
      "bucket": "GAMMA",
      "hex16": "4254",
      "grad": 0.022,
      "hash": "6622dae88c38f2c6f4d9b0de86f565e3cd721126f792bbadb86db0a1f3d3284e"
    },
    {
      "name": "c05_6",
      "bucket": "BETA",
      "hex16": "a675",
      "grad": 0.765,
      "hash": "26de8cda4fc41f4d892edf96b34c0c1c49772943ede364239fedf7f7ce6b3800"
    },
    {
      "name": "c05_7",
      "bucket": "DELTA",
      "hex16": "d3b2",
      "grad": 0.176,
      "hash": "668a30afa0580ac6b3892db6263083dc26bf939a1aeef5b11efad5050320b9cc"
    },
    {
      "name": "c05_8",
      "bucket": "ALPHA",
      "hex16": "3778",
      "grad": 0.047,
      "hash": "7797cb88854f3c8fb407545987c54f075caaebc9d72b927aef97c98300ef5684"
    },
    {
      "name": "c05_9",
      "bucket": "NOVA",
      "hex16": "eed4",
      "grad": 0.817,
      "hash": "5d39389841c03db9c102d9851f705fa9b7432cacc6efcf89cc7e36dd53e91ecc"
    },
    {
      "name": "c05_10",
      "bucket": "PEGASUS",
      "hex16": "0460",
      "grad": 0.911,
      "hash": "1a7e204651e4bbbd43abb4708289ed2e5902d161fb739d69688a3a01659be8bd"
    },
    {
      "name": "c05_11",
      "bucket": "ORION",
      "hex16": "c4e4",
      "grad": 0.994,
      "hash": "5c55c93d0e33db6a0ee360642b214ff52da1abe3ebb79b98dc1a421b2ca8f206"
    }
  ],
  "receipts": {
    "rho": 0.744,
    "whiteness": 0.895,
    "leakage": 0.0172,
    "ece": 0.0128
  },
  "microtests": [
    {
      "seed": 0,
      "expect": "ok"
    },
    {
      "seed": 1,
      "expect": "ok"
    },
    {
      "seed": 2,
      "expect": "ok"
    }
  ]
}