{
  "id": "C06",
  "title": "Cartridge C06",
  "version": "1.0.0",
  "intent": "gradient_probe",
  "schema": "cqe.cartridge.schema.v1",
  "tokens": [
    {
      "name": "c06_0",
      "bucket": "ALPHA",
      "hex16": "0962",
      "grad": 0.636,
      "hash": "68a7ea2250e5531b69cc0e4013dfefb99c6b9a17cc12218347101bc21a1e3bef"
    },
    {
      "name": "c06_1",
      "bucket": "BETA",
      "hex16": "b44f",
      "grad": 0.221,
      "hash": "e4aed32e815ea698cb2b165040cbfe8ce2b601f75fefc210502576f401ed60a4"
    },
    {
      "name": "c06_2",
      "bucket": "PEGASUS",
      "hex16": "b85e",
      "grad": 0.359,
      "hash": "b0a95e3832bcac37659ed9755e7c336fda77cee3bc7b4c8478b26089ab28bca7"
    },
    {
      "name": "c06_3",
      "bucket": "ALPHA",
      "hex16": "7c74",
      "grad": 0.004,
      "hash": "6996771ec6eca93838b56d48713db8c43ea80a5dab4ad2be914c1fe128f279e2"
    },
    {
      "name": "c06_4",
      "bucket": "ORION",
      "hex16": "b672",
      "grad": 0.87,
      "hash": "fe1e60a52e0a385ffb5516dc6f23abe4aa1514042c5f2320038d10b7db0c280c"
    },
    {
      "name": "c06_5",
      "bucket": "PEGASUS",
      "hex16": "08b2",
      "grad": 0.449,
      "hash": "5e884c678ab5f8d018c9098408db5d004c22ffa810a1a4670d26a826647a2ff2"
    },
    {
      "name": "c06_6",
      "bucket": "NOVA",
      "hex16": "16d4",
      "grad": 0.046,
      "hash": "2e4b36b48d489bd4dc0a476297e05748fad30eb70ae18f2786a48e408b41c216"
    },
    {
      "name": "c06_7",
      "bucket": "ALPHA",
      "hex16": "b12d",
      "grad": 0.538,
      "hash": "90140b36ab5a8340608e5fc92c72b326a2c17e6ac38d68bcb0c417450b4af5c6"
    },
    {
      "name": "c06_8",
      "bucket": "PEGASUS",
      "hex16": "8b45",
      "grad": 0.802,
      "hash": "366077e35f7a179a65897ae6419f681e3fa6d10c2aad20e6cb1217e1d525895e"
    },
    {
      "name": "c06_9",
      "bucket": "DELTA",
      "hex16": "09e1",
      "grad": 0.472,
      "hash": "ccef0b879824b277e65f59ad5327a73cb9ba26231ca5dee3f84066854be1200b"
    },
    {
      "name": "c06_10",
      "bucket": "BETA",
      "hex16": "b73f",
      "grad": 0.347,
      "hash": "b27831f66666b619f9380575cd4bd67a8b70dcf146f14931df4af36c2d7bff5d"
    },
    {
      "name": "c06_11",
      "bucket": "GAMMA",
      "hex16": "daca",
      "grad": 0.194,
      "hash": "f413e0c38c1a7ac16394905a42fbc92c74e7a991bdeb72f95b222157a04af96e"
    }
  ],
  "receipts": {
    "rho": 0.705,
    "whiteness": 0.847,
    "leakage": 0.0144,
    "ece": 0.0191
  },
  "microtests": [
    {
      "seed": 0,
      "expect": "ok"
    },
    {
      "seed": 1,
      "expect": "ok"
    },
    {
      "seed": 2,
      "expect": "ok"
    }
  ]
}