{
  "id": "C07",
  "title": "Cartridge C07",
  "version": "1.0.0",
  "intent": "bucket_probe",
  "schema": "cqe.cartridge.schema.v1",
  "tokens": [
    {
      "name": "c07_0",
      "bucket": "QUANTA",
      "hex16": "658c",
      "grad": 0.782,
      "hash": "e51b0b52cc7f4ebb8057f58e4d5de84aacd0c51b4022f5a0c1460c5558e43750"
    },
    {
      "name": "c07_1",
      "bucket": "ORION",
      "hex16": "d1e5",
      "grad": 0.791,
      "hash": "2c6c863af88f913f39ced749fbe6cc3ebabfbc28afdab72432b2c4dbccf73748"
    },
    {
      "name": "c07_2",
      "bucket": "BETA",
      "hex16": "ed0c",
      "grad": 0.457,
      "hash": "89a546b00cd6dc75d0bf1ed1eaee151ddf4c8410e18a6c7ef79fcb66692bd4b8"
    },
    {
      "name": "c07_3",
      "bucket": "GAMMA",
      "hex16": "2f1b",
      "grad": 0.301,
      "hash": "cb05a175253d383b17a49680bd81f396e13efae5d4fbaf1fc1fec8ac41d08215"
    },
    {
      "name": "c07_4",
      "bucket": "NOVA",
      "hex16": "6873",
      "grad": 0.71,
      "hash": "b5f43a33a0dbafd281a7adf83f2941e10192c712f74ff11fa217fae0025d76c8"
    },
    {
      "name": "c07_5",
      "bucket": "ORION",
      "hex16": "514e",
      "grad": 0.335,
      "hash": "eb81b1f529a6b8e20d7340b1ca0b279474721f2556343bf0112018172d7685ff"
    },
    {
      "name": "c07_6",
      "bucket": "DELTA",
      "hex16": "697e",
      "grad": 0.414,
      "hash": "a472f9eee0e96749150ab898bf6d4ea62a6cdf7005b1962b1eb6cbb85962fbc1"
    },
    {
      "name": "c07_7",
      "bucket": "QUANTA",
      "hex16": "c4a3",
      "grad": 0.1,
      "hash": "adfbe1f71e6f593cad8abb103c95b6290f48e6d6303596b13f3106e856da24bc"
    },
    {
      "name": "c07_8",
      "bucket": "QUANTA",
      "hex16": "0211",
      "grad": 0.823,
      "hash": "6e5d7d721f08764e308bf755c1219d5ff43d8903c8f9cdc99fa106e462c5e7d2"
    },
    {
      "name": "c07_9",
      "bucket": "BETA",
      "hex16": "410d",
      "grad": 0.716,
      "hash": "88f905188ec0fb9c7b81d013a01cad5f6ef12b891f0be14ddcad1cc1a1afca25"
    },
    {
      "name": "c07_10",
      "bucket": "NOVA",
      "hex16": "0c4d",
      "grad": 0.983,
      "hash": "6c45aba0fcc323562b722be564f62e019cc53d575b4da764f84e53bf4c7968ce"
    },
    {
      "name": "c07_11",
      "bucket": "ORION",
      "hex16": "2ac1",
      "grad": 0.267,
      "hash": "a74fae1b8458754f643a392cbdce7c4193eedd0d01900ceb1dc3fe7464240bb1"
    }
  ],
  "receipts": {
    "rho": 0.693,
    "whiteness": 0.944,
    "leakage": 0.0001,
    "ece": 0.0034
  },
  "microtests": [
    {
      "seed": 0,
      "expect": "ok"
    },
    {
      "seed": 1,
      "expect": "ok"
    },
    {
      "seed": 2,
      "expect": "ok"
    }
  ]
}