{
  "id": "C08",
  "title": "Cartridge C08",
  "version": "1.0.0",
  "intent": "symmetry_probe",
  "schema": "cqe.cartridge.schema.v1",
  "tokens": [
    {
      "name": "c08_0",
      "bucket": "QUANTA",
      "hex16": "43ce",
      "grad": 0.609,
      "hash": "956d3282b5840bd65cef374c39107fb2f29d8847d96a00c4eda7515c21633aad"
    },
    {
      "name": "c08_1",
      "bucket": "ALPHA",
      "hex16": "406d",
      "grad": 0.154,
      "hash": "527ca3c01ed58e99fe2f8d61e5790813e64e765c003058267b27311957ce73ca"
    },
    {
      "name": "c08_2",
      "bucket": "PEGASUS",
      "hex16": "828a",
      "grad": 0.033,
      "hash": "684e81e4e687a8c0f70011f86195993c50cbc8da34c59d96a17e20157cbe4850"
    },
    {
      "name": "c08_3",
      "bucket": "NOVA",
      "hex16": "d9af",
      "grad": 0.608,
      "hash": "9538094166d27cb47224d7a29e46b114053def624661a2992a41c2c7c11508d2"
    },
    {
      "name": "c08_4",
      "bucket": "PEGASUS",
      "hex16": "f3ec",
      "grad": 0.012,
      "hash": "787637cf1b3a546b32b8e012bf6ba613b8039ea9c4f3712f12afda3ef3d25fcd"
    },
    {
      "name": "c08_5",
      "bucket": "QUANTA",
      "hex16": "a0c5",
      "grad": 0.703,
      "hash": "3963ed3d4ee52c5e1317455a84349ebe884803d40c7d05dba4aeeadb4cbc59c4"
    },
    {
      "name": "c08_6",
      "bucket": "NOVA",
      "hex16": "7aaa",
      "grad": 0.406,
      "hash": "00cc9f66d52efc3893b19370137d22d9d96bbf09905fb00e115d1b4c6b5a0b46"
    },
    {
      "name": "c08_7",
      "bucket": "DELTA",
      "hex16": "5abc",
      "grad": 0.208,
      "hash": "5561a6f494de972b7e5f0954df537cd896610ecff761f4a2518e5e905c7fa01d"
    },
    {
      "name": "c08_8",
      "bucket": "DELTA",
      "hex16": "ace2",
      "grad": 0.978,
      "hash": "7a4bb6212d9fe6126717d9e9446bf524fd888e55615824e5a025ff523f202960"
    },
    {
      "name": "c08_9",
      "bucket": "ALPHA",
      "hex16": "8db8",
      "grad": 0.61,
      "hash": "21d105adb2bb3cb5d225393254cd2af5063c4bab02af683c318da7afa6024dc6"
    },
    {
      "name": "c08_10",
      "bucket": "ALPHA",
      "hex16": "7a4d",
      "grad": 0.686,
      "hash": "83b73ed9c2366e3d05d06d393b4bb38fad1286d930db2b6a1a61b6f57c0ff3e7"
    },
    {
      "name": "c08_11",
      "bucket": "BETA",
      "hex16": "38d1",
      "grad": 0.651,
      "hash": "1c575644c24b5bfa83a1611e3b126893e9bd103332ab20eefbd5d5624fc78b44"
    }
  ],
  "receipts": {
    "rho": 0.852,
    "whiteness": 0.931,
    "leakage": 0.0084,
    "ece": 0.0121
  },
  "microtests": [
    {
      "seed": 0,
      "expect": "ok"
    },
    {
      "seed": 1,
      "expect": "ok"
    },
    {
      "seed": 2,
      "expect": "ok"
    }
  ]
}