{
  "id": "C09",
  "title": "Cartridge C09",
  "version": "1.0.0",
  "intent": "invariance_probe",
  "schema": "cqe.cartridge.schema.v1",
  "tokens": [
    {
      "name": "c09_0",
      "bucket": "PEGASUS",
      "hex16": "8415",
      "grad": 0.744,
      "hash": "6fdb096868f3c664bc3f38b31444b89e4f4650d57df83ffe38368cbbff5250e0"
    },
    {
      "name": "c09_1",
      "bucket": "PEGASUS",
      "hex16": "2954",
      "grad": 0.562,
      "hash": "8fd144fb1f59df3d6341c3595c130e090d9ace336584a4c93b135afbbaedd0d8"
    },
    {
      "name": "c09_2",
      "bucket": "ALPHA",
      "hex16": "2eab",
      "grad": 0.157,
      "hash": "227bd43a0ec94b8d50fe3ac1ad0e006d4628a56bb7e237893e8c0f63ddd7f208"
    },
    {
      "name": "c09_3",
      "bucket": "ALPHA",
      "hex16": "8f0e",
      "grad": 0.144,
      "hash": "4d179b209d8cc886675dd10b1e46f992f5157944069971f1be588300fef3873e"
    },
    {
      "name": "c09_4",
      "bucket": "ORION",
      "hex16": "a3d4",
      "grad": 0.999,
      "hash": "0660c89c29d06caf28786ee55b208b947b7f880ff1649aa64a068ae87429690c"
    },
    {
      "name": "c09_5",
      "bucket": "QUANTA",
      "hex16": "5a3f",
      "grad": 0.1,
      "hash": "8121ef3e32d756811b4262f427c9fae8563023ac3d7f6c3343e36b43747d2a26"
    },
    {
      "name": "c09_6",
      "bucket": "NOVA",
      "hex16": "4c16",
      "grad": 0.544,
      "hash": "94260c7cf7ab19de855e7f96d286dde180f45df69c5dc51f2d873a02a856c546"
    },
    {
      "name": "c09_7",
      "bucket": "BETA",
      "hex16": "a3c7",
      "grad": 0.748,
      "hash": "dce56ae6355baad3221554f0be871502c48e0f0ea829fabb884ddc948c7509e3"
    },
    {
      "name": "c09_8",
      "bucket": "NOVA",
      "hex16": "feb6",
      "grad": 0.184,
      "hash": "99d8236bb09caaed8c20bf1d2b335a8f4576ccec6b66ca326fb4a1b1087df35a"
    },
    {
      "name": "c09_9",
      "bucket": "BETA",
      "hex16": "23fe",
      "grad": 0.488,
      "hash": "44757059835fb316d43c688d8fc6ea10d14dc8b1b2c4e33f8114b635782fa7d4"
    },
    {
      "name": "c09_10",
      "bucket": "ORION",
      "hex16": "d7bd",
      "grad": 0.661,
      "hash": "06736882a2a8178954db6db5053717ccd4f142399dba989a04273fa21f57a084"
    },
    {
      "name": "c09_11",
      "bucket": "GAMMA",
      "hex16": "908e",
      "grad": 0.786,
      "hash": "7076a687dbbb7bea8f3b53906c14d6816fed2589eb573eb75c0c7ef3b56f9033"
    }
  ],
  "receipts": {
    "rho": 0.731,
    "whiteness": 0.989,
    "leakage": 0.0184,
    "ece": 0.0107
  },
  "microtests": [
    {
      "seed": 0,
      "expect": "ok"
    },
    {
      "seed": 1,
      "expect": "ok"
    },
    {
      "seed": 2,
      "expect": "ok"
    }
  ]
}