{
  "id": "C10",
  "title": "Cartridge C10",
  "version": "1.0.0",
  "intent": "replay_probe",
  "schema": "cqe.cartridge.schema.v1",
  "tokens": [
    {
      "name": "c10_0",
      "bucket": "ALPHA",
      "hex16": "6765",
      "grad": 0.506,
      "hash": "0acf9cc2bef260a98648361131048adc76094fc9d834f0c10ccc059ad9daae61"
    },
    {
      "name": "c10_1",
      "bucket": "DELTA",
      "hex16": "6a77",
      "grad": 0.688,
      "hash": "15850fd70d829f393d1e07bfff35ecb4b0eb89884957b226b91c047c17ae31e2"
    },
    {
      "name": "c10_2",
      "bucket": "QUANTA",
      "hex16": "5050",
      "grad": 0.466,
      "hash": "71e486a86982c2a114cd0205964ea7644786613ef4f4207e40b510587e818819"
    },
    {
      "name": "c10_3",
      "bucket": "DELTA",
      "hex16": "1741",
      "grad": 0.088,
      "hash": "5fe59e077ac4190f56ba8b956f4d114bb1da1c4305a61c640e8fd50f10728bcd"
    },
    {
      "name": "c10_4",
      "bucket": "ALPHA",
      "hex16": "ccdb",
      "grad": 0.164,
      "hash": "837a3477d73fdb9e824c1e79907668cbe8f88f26e8125a5176b09a510f763b1f"
    },
    {
      "name": "c10_5",
      "bucket": "ORION",
      "hex16": "c97b",
      "grad": 0.452,
      "hash": "078fb16f264f5e1f9100fe3f6df8a7aeeb7c36aa8fc6f12941e81c6db8216ca4"
    },
    {
      "name": "c10_6",
      "bucket": "BETA",
      "hex16": "9233",
      "grad": 0.943,
      "hash": "50f945847817fe5585bdc96a993fcbdf900b7b2fa06c75ee6f5c7f5dc2ffdee4"
    },
    {
      "name": "c10_7",
      "bucket": "PEGASUS",
      "hex16": "f6b9",
      "grad": 0.357,
      "hash": "d82c627cb7f8ebcca7906df081cc2d050030b6f726c9008cc888476ab12aa815"
    },
    {
      "name": "c10_8",
      "bucket": "PEGASUS",
      "hex16": "8e02",
      "grad": 0.637,
      "hash": "abaa6c2b59577a3ac6f36f25a687280962b064e1a2c068239cbcacec6221f6df"
    },
    {
      "name": "c10_9",
      "bucket": "PEGASUS",
      "hex16": "3fd2",
      "grad": 0.124,
      "hash": "7a4a5d7fb7500707566beed45d3fb2eebc199029b5c2f12bcbe444e6b8784220"
    },
    {
      "name": "c10_10",
      "bucket": "ORION",
      "hex16": "83ef",
      "grad": 0.527,
      "hash": "a7d03301fff28b41ff0959a831f101d715d7f401b56c762c532f1d8dedb14ee1"
    },
    {
      "name": "c10_11",
      "bucket": "ORION",
      "hex16": "8043",
      "grad": 0.081,
      "hash": "3cc639c665c9a5fb44d2a92e9219948b5d03ecf306f43a78815dfe74805ce274"
    }
  ],
  "receipts": {
    "rho": 0.716,
    "whiteness": 0.96,
    "leakage": 0.0155,
    "ece": 0.0198
  },
  "microtests": [
    {
      "seed": 0,
      "expect": "ok"
    },
    {
      "seed": 1,
      "expect": "ok"
    },
    {
      "seed": 2,
      "expect": "ok"
    }
  ]
}