{
  "id": "C11",
  "title": "Cartridge C11",
  "version": "1.0.0",
  "intent": "collision_probe",
  "schema": "cqe.cartridge.schema.v1",
  "tokens": [
    {
      "name": "c11_0",
      "bucket": "ALPHA",
      "hex16": "83b5",
      "grad": 0.007,
      "hash": "b84176462c6b002e94b6a97e56c764fb00a26eec07b66c6942d84e533de425ff"
    },
    {
      "name": "c11_1",
      "bucket": "DELTA",
      "hex16": "300d",
      "grad": 0.321,
      "hash": "dee69c323a840ecd85ab50a33d46ebdfd9ec83ceeb586db4f8507918a111bbd7"
    },
    {
      "name": "c11_2",
      "bucket": "GAMMA",
      "hex16": "d516",
      "grad": 0.189,
      "hash": "61bd0314f8e2d3baf8b0b9382a391736eeff525f24aad64430c6c7283c9de371"
    },
    {
      "name": "c11_3",
      "bucket": "GAMMA",
      "hex16": "0413",
      "grad": 0.848,
      "hash": "26e835746da1ba803ae841b0fcde7cd8f47608cdec1b3178b52e353b9c46c787"
    },
    {
      "name": "c11_4",
      "bucket": "PEGASUS",
      "hex16": "0edd",
      "grad": 0.797,
      "hash": "16b73105c651bb79a18d23bb8cbcef07109ca777a74f19f218dbf2ad3e2af07b"
    },
    {
      "name": "c11_5",
      "bucket": "ORION",
      "hex16": "515d",
      "grad": 0.431,
      "hash": "05910f460f2f109df2c00c6db2a46f69dbcd28de419907411653eeb3565d21b4"
    },
    {
      "name": "c11_6",
      "bucket": "QUANTA",
      "hex16": "67d5",
      "grad": 0.188,
      "hash": "f0ad86f7c428d2d842d4e9d52af00acf01151367885485cc0eecb18e8ce97020"
    },
    {
      "name": "c11_7",
      "bucket": "BETA",
      "hex16": "03ee",
      "grad": 0.254,
      "hash": "8785f4ec34cc4304c79719044c9fc4472327361a90483dad9fd4c3a25dd39568"
    },
    {
      "name": "c11_8",
      "bucket": "QUANTA",
      "hex16": "6dc9",
      "grad": 0.687,
      "hash": "205d1d87e7c344edc09798d9b0786f0d8df3d9a1b7ac87947e91e5290201dd68"
    },
    {
      "name": "c11_9",
      "bucket": "QUANTA",
      "hex16": "0863",
      "grad": 0.012,
      "hash": "dc21bd595d857a5ccce07c08bb9b572cdb26e7e7be44f51688fbdce191ef8991"
    },
    {
      "name": "c11_10",
      "bucket": "ORION",
      "hex16": "80c8",
      "grad": 0.133,
      "hash": "a1361e048b5c9818f5f5971aede4230e8a0f991ecac1dfd4d60bc15cca4f9c23"
    },
    {
      "name": "c11_11",
      "bucket": "BETA",
      "hex16": "ffb4",
      "grad": 0.617,
      "hash": "e65b909ef7e29530cb3d4742f28d0be238927e78431f9e00cc852dbc13169369"
    }
  ],
  "receipts": {
    "rho": 0.735,
    "whiteness": 0.866,
    "leakage": 0.0118,
    "ece": 0.017
  },
  "microtests": [
    {
      "seed": 0,
      "expect": "ok"
    },
    {
      "seed": 1,
      "expect": "ok"
    },
    {
      "seed": 2,
      "expect": "ok"
    }
  ]
}