{
  "id": "C12",
  "title": "Cartridge C12",
  "version": "1.0.0",
  "intent": "overlay_probe",
  "schema": "cqe.cartridge.schema.v1",
  "tokens": [
    {
      "name": "c12_0",
      "bucket": "ORION",
      "hex16": "5ea9",
      "grad": 0.428,
      "hash": "ece1225afb2d7385fdd12a110ce30ef7952bca084bb5a2b4ce5c16fd27f6ce00"
    },
    {
      "name": "c12_1",
      "bucket": "ALPHA",
      "hex16": "3253",
      "grad": 0.858,
      "hash": "9f741ba4c9357b420d03bcd5dfeb3e7559eeb812e0bab6fef480d5ced31859bc"
    },
    {
      "name": "c12_2",
      "bucket": "NOVA",
      "hex16": "d01f",
      "grad": 0.236,
      "hash": "f1e10bed22b7daaaf9dc220c28b34a6bcf6dd81258182c76747dd034ba5a1b1c"
    },
    {
      "name": "c12_3",
      "bucket": "DELTA",
      "hex16": "a2e1",
      "grad": 0.125,
      "hash": "0d0f216cc099a88855bfd7ecfbc38cb6b27bd8b199779233d70f792105ed9bc5"
    },
    {
      "name": "c12_4",
      "bucket": "QUANTA",
      "hex16": "8a0d",
      "grad": 0.944,
      "hash": "66c674ef6c0280d634182717d3adbbdd0f132ce994b73a05ce32f5b986501cb5"
    },
    {
      "name": "c12_5",
      "bucket": "BETA",
      "hex16": "2761",
      "grad": 0.339,
      "hash": "1f3a5e846a3c0dce1bf4faaf2837c75b45a874c59cf5be2d8639e52727f2c0a0"
    },
    {
      "name": "c12_6",
      "bucket": "BETA",
      "hex16": "e1ed",
      "grad": 0.276,
      "hash": "69cb9f807d11e0268c15e200fcab6dfc5f1eca1d22b8e116a46b0f58f4a2a3ce"
    },
    {
      "name": "c12_7",
      "bucket": "NOVA",
      "hex16": "d52a",
      "grad": 0.542,
      "hash": "fa9203445562b85191235aa6829be8acf23b3e6a8155b2f51821925c8b5b3346"
    },
    {
      "name": "c12_8",
      "bucket": "GAMMA",
      "hex16": "cb3d",
      "grad": 0.196,
      "hash": "fe7fcdfd3f39bf1bd29f854305df64569f4f33c3e9ea0a83a2480ce9535501b4"
    },
    {
      "name": "c12_9",
      "bucket": "QUANTA",
      "hex16": "c7cf",
      "grad": 0.974,
      "hash": "7d93c6e418363dbd2cec64640c2ee3ec0289377acb90408d864877a78b26d45e"
    },
    {
      "name": "c12_10",
      "bucket": "GAMMA",
      "hex16": "fe73",
      "grad": 0.77,
      "hash": "ea4700346049d8e2605001f4dcb4b1644bf2fc6888c7a2db94a7a3b01343a520"
    },
    {
      "name": "c12_11",
      "bucket": "QUANTA",
      "hex16": "0ca8",
      "grad": 0.762,
      "hash": "18c141aea9bffdc6aabad2e9675cda8f9cc36adc1496c25ae7f60d175ea2e6f6"
    }
  ],
  "receipts": {
    "rho": 0.691,
    "whiteness": 0.945,
    "leakage": 0.0095,
    "ece": 0.003
  },
  "microtests": [
    {
      "seed": 0,
      "expect": "ok"
    },
    {
      "seed": 1,
      "expect": "ok"
    },
    {
      "seed": 2,
      "expect": "ok"
    }
  ]
}