{
  "id": "C13",
  "title": "Cartridge C13",
  "version": "1.0.0",
  "intent": "palette_probe",
  "schema": "cqe.cartridge.schema.v1",
  "tokens": [
    {
      "name": "c13_0",
      "bucket": "QUANTA",
      "hex16": "b199",
      "grad": 0.372,
      "hash": "137711e9b3fc3462b2c26fa45c087904a60527f86e42c2ba1b037594dd59b018"
    },
    {
      "name": "c13_1",
      "bucket": "NOVA",
      "hex16": "c8d6",
      "grad": 0.108,
      "hash": "c7818dbd39b652032956da2050933c5f6dd2801e508c8cce165fa5b6ca1f0fd3"
    },
    {
      "name": "c13_2",
      "bucket": "PEGASUS",
      "hex16": "d67c",
      "grad": 0.057,
      "hash": "277aad95f89576b7e902f4da4139218de93ce3882a08a0598dc412f9344290bf"
    },
    {
      "name": "c13_3",
      "bucket": "ORION",
      "hex16": "f2e2",
      "grad": 0.823,
      "hash": "9cea46e98b15b4055b0309c5f7a4c6885bffe41ecf7d1edefdc814e93e13ffe4"
    },
    {
      "name": "c13_4",
      "bucket": "PEGASUS",
      "hex16": "0755",
      "grad": 0.309,
      "hash": "7ca400ba831524a6f5130903d28fa74c591b09d593f55924eb54e27b8488bfbd"
    },
    {
      "name": "c13_5",
      "bucket": "QUANTA",
      "hex16": "07f6",
      "grad": 0.748,
      "hash": "1092d5c0a41a4e1654963b299fc80fdc4d8b54341463510a6d2c74b7267915a2"
    },
    {
      "name": "c13_6",
      "bucket": "ORION",
      "hex16": "7002",
      "grad": 0.497,
      "hash": "a1a13292b808a23cfba1961cbaba192e7be8332bc79d2c6f57ce6f70039b24b3"
    },
    {
      "name": "c13_7",
      "bucket": "ALPHA",
      "hex16": "333c",
      "grad": 0.008,
      "hash": "1d59ea5c0151ca323e97554cfb1986888403e2c0a6dd2735a1deb1cc42d40c21"
    },
    {
      "name": "c13_8",
      "bucket": "PEGASUS",
      "hex16": "ee5f",
      "grad": 0.386,
      "hash": "42eb935aaf9806c69166a5b9dec3bf018fc56685897c1141d27a2da42473b221"
    },
    {
      "name": "c13_9",
      "bucket": "QUANTA",
      "hex16": "d297",
      "grad": 0.911,
      "hash": "f2f9523d7a44545fb6e10ab76b76be17d59406de72648dbe144922715fc150b6"
    },
    {
      "name": "c13_10",
      "bucket": "ORION",
      "hex16": "5575",
      "grad": 0.88,
      "hash": "1f63644e95ee544b0aa0a9b4c723199c13a1db5f565eee5073d84f69b394bbfd"
    },
    {
      "name": "c13_11",
      "bucket": "QUANTA",
      "hex16": "54ae",
      "grad": 0.443,
      "hash": "ab0853b0bddb4e4267163ee7eaa00feccca70f3b02a20d73fc7e0554302172ac"
    }
  ],
  "receipts": {
    "rho": 0.813,
    "whiteness": 0.826,
    "leakage": 0.0118,
    "ece": 0.0184
  },
  "microtests": [
    {
      "seed": 0,
      "expect": "ok"
    },
    {
      "seed": 1,
      "expect": "ok"
    },
    {
      "seed": 2,
      "expect": "ok"
    }
  ]
}