{
  "id": "C14",
  "title": "Cartridge C14",
  "version": "1.0.0",
  "intent": "gradient_probe",
  "schema": "cqe.cartridge.schema.v1",
  "tokens": [
    {
      "name": "c14_0",
      "bucket": "NOVA",
      "hex16": "3a9a",
      "grad": 0.416,
      "hash": "30ec3b3692702f0f4d9ba81c1740853448fd7519e42dc08abc01151870be377a"
    },
    {
      "name": "c14_1",
      "bucket": "QUANTA",
      "hex16": "b431",
      "grad": 0.598,
      "hash": "ba2154e6e4b14f6c656f0c667ac99ac21f66d6d44ad8eeac8aa5a3aec7758dc8"
    },
    {
      "name": "c14_2",
      "bucket": "NOVA",
      "hex16": "b573",
      "grad": 0.03,
      "hash": "292ac41ee9ac44eff8d15bf8d6b39f0181fe02eee4779fd3ad37bb10aafea74a"
    },
    {
      "name": "c14_3",
      "bucket": "ORION",
      "hex16": "2da5",
      "grad": 0.351,
      "hash": "36d45a14539261f7be0fb766b8e08f2d94762db47a38f8f69eca90438f7bf62f"
    },
    {
      "name": "c14_4",
      "bucket": "QUANTA",
      "hex16": "ab83",
      "grad": 0.208,
      "hash": "554dae60dcc04f387c90e75906758d3add22d4d5dca23244bdc9790f598c6827"
    },
    {
      "name": "c14_5",
      "bucket": "ORION",
      "hex16": "0f8e",
      "grad": 0.239,
      "hash": "114cac3d730a0790091d1b6cd50b832bfd7214f350e906093f00604aaf9af733"
    },
    {
      "name": "c14_6",
      "bucket": "GAMMA",
      "hex16": "58f9",
      "grad": 0.648,
      "hash": "980e5e90cf5b74795c1dbdc1f89232dfe9f1fbcaa84e4e282f53260c816b9723"
    },
    {
      "name": "c14_7",
      "bucket": "ALPHA",
      "hex16": "3f0a",
      "grad": 0.751,
      "hash": "bd13353ffd70ee95d1cb9a121720422661049bccf14cb6b13a46ef1f7130340c"
    },
    {
      "name": "c14_8",
      "bucket": "NOVA",
      "hex16": "96c6",
      "grad": 0.499,
      "hash": "8ab10584a923497d22d91f3ed185e27e087fb361169a5cf3502cfd2b6d0a5c14"
    },
    {
      "name": "c14_9",
      "bucket": "PEGASUS",
      "hex16": "9db0",
      "grad": 0.421,
      "hash": "566f39ac4a8f8999225f02786a0bf5b37a763b5159889160153537153ddc2ef6"
    },
    {
      "name": "c14_10",
      "bucket": "ALPHA",
      "hex16": "4ebf",
      "grad": 0.138,
      "hash": "020d78ad75c6c520eb7c22560512b9fc6bbc8e8770cee9be54d0ea305eb00d8b"
    },
    {
      "name": "c14_11",
      "bucket": "GAMMA",
      "hex16": "8318",
      "grad": 0.517,
      "hash": "2f23c387d9d84f91836f37dd0636025981c5d11debc68f5548014ca7521e9df8"
    }
  ],
  "receipts": {
    "rho": 0.895,
    "whiteness": 0.85,
    "leakage": 0.0092,
    "ece": 0.0147
  },
  "microtests": [
    {
      "seed": 0,
      "expect": "ok"
    },
    {
      "seed": 1,
      "expect": "ok"
    },
    {
      "seed": 2,
      "expect": "ok"
    }
  ]
}