{
  "id": "C15",
  "title": "Cartridge C15",
  "version": "1.0.0",
  "intent": "bucket_probe",
  "schema": "cqe.cartridge.schema.v1",
  "tokens": [
    {
      "name": "c15_0",
      "bucket": "GAMMA",
      "hex16": "13c2",
      "grad": 0.863,
      "hash": "af30c0d09bcd1179d896667fd0c99c330f3c530778b59ff8c3762ef112661b4d"
    },
    {
      "name": "c15_1",
      "bucket": "GAMMA",
      "hex16": "f422",
      "grad": 0.206,
      "hash": "f237d6ff0cfe5c7eb5389037a97487fdcbf424745b407688c2f1553149840183"
    },
    {
      "name": "c15_2",
      "bucket": "BETA",
      "hex16": "66cc",
      "grad": 0.449,
      "hash": "7c2b317017aab9f1a2e1184e3183977755f9788661988734080acf2e3e16a92e"
    },
    {
      "name": "c15_3",
      "bucket": "PEGASUS",
      "hex16": "23eb",
      "grad": 0.142,
      "hash": "9efd2192f65973f43958397030c6142528faba8514425bdca4ccf947388022ea"
    },
    {
      "name": "c15_4",
      "bucket": "DELTA",
      "hex16": "2bbb",
      "grad": 0.386,
      "hash": "0d065136a549019e83fa319f9ce20ec53372dcd2c391da78f6471cdfaec9238e"
    },
    {
      "name": "c15_5",
      "bucket": "GAMMA",
      "hex16": "f7d8",
      "grad": 0.115,
      "hash": "afc79e5717958aa159fbfb57c6df5cbf301d3d937c2717fef64d82e072b4d244"
    },
    {
      "name": "c15_6",
      "bucket": "ORION",
      "hex16": "f028",
      "grad": 0.362,
      "hash": "20c16f29ee9de0cdf4c599f7a11a5a5d2830fc0501131a9b0c64b57b202a74fa"
    },
    {
      "name": "c15_7",
      "bucket": "ALPHA",
      "hex16": "3a32",
      "grad": 0.996,
      "hash": "133a8cf707b245b7ebe3bb2a965d578e125a7882be07f6a8c17664a2880f7fa7"
    },
    {
      "name": "c15_8",
      "bucket": "QUANTA",
      "hex16": "81b5",
      "grad": 0.741,
      "hash": "5c221311500f5a6b1a5b2eab729f11526fcd1a0c9255730035d543afbeedbf90"
    },
    {
      "name": "c15_9",
      "bucket": "PEGASUS",
      "hex16": "c785",
      "grad": 0.684,
      "hash": "1f3db1e8b75271564177e282957087d3c61484dddbefa09e429f8df0dfe91c2d"
    },
    {
      "name": "c15_10",
      "bucket": "ORION",
      "hex16": "bd52",
      "grad": 0.888,
      "hash": "dbee5fae1884f978e861450a1ecbcedfe4f7438ea5cd8f2484f3339b29434a53"
    },
    {
      "name": "c15_11",
      "bucket": "GAMMA",
      "hex16": "e0e5",
      "grad": 0.572,
      "hash": "d16c9647662cf0a0ff54c69e3ddcf3a8dd105a1e79753ac21eed85ea6b0a1e04"
    }
  ],
  "receipts": {
    "rho": 0.736,
    "whiteness": 0.862,
    "leakage": 0.0074,
    "ece": 0.0181
  },
  "microtests": [
    {
      "seed": 0,
      "expect": "ok"
    },
    {
      "seed": 1,
      "expect": "ok"
    },
    {
      "seed": 2,
      "expect": "ok"
    }
  ]
}