{
  "id": "C16",
  "title": "Cartridge C16",
  "version": "1.0.0",
  "intent": "symmetry_probe",
  "schema": "cqe.cartridge.schema.v1",
  "tokens": [
    {
      "name": "c16_0",
      "bucket": "ORION",
      "hex16": "7847",
      "grad": 0.474,
      "hash": "7805b62d3a92eda7d73cd563e38aead011907e8e85634fcfa166247cf20e56c2"
    },
    {
      "name": "c16_1",
      "bucket": "DELTA",
      "hex16": "ef1c",
      "grad": 0.173,
      "hash": "ea80c611f34dff37072b5fe92022a6757a59d87a8c297cb9ea0617c96bcb5d7a"
    },
    {
      "name": "c16_2",
      "bucket": "QUANTA",
      "hex16": "2ea3",
      "grad": 0.951,
      "hash": "63b793f44d1ea59a1318bb69a03cd4f8952540b59b3de6c31da47dc693c8abbe"
    },
    {
      "name": "c16_3",
      "bucket": "NOVA",
      "hex16": "de1c",
      "grad": 0.324,
      "hash": "631e0b32b0f39a3d05060cf876efe87873fcb38560f590b89d76d163a276e774"
    },
    {
      "name": "c16_4",
      "bucket": "ORION",
      "hex16": "e32a",
      "grad": 0.513,
      "hash": "e2d078077d143e906d9147ce4f0e56aa0dc4ccaabaea130e602865064b91409a"
    },
    {
      "name": "c16_5",
      "bucket": "PEGASUS",
      "hex16": "aad8",
      "grad": 0.629,
      "hash": "1d5623ab2cc800cdd082a720040ab8a689932619d0fe52a8f6574f7edb9ecf3f"
    },
    {
      "name": "c16_6",
      "bucket": "GAMMA",
      "hex16": "f788",
      "grad": 0.369,
      "hash": "f250b75b60174f15de1c4fa0077506bcde35a60f7723c89c236c9ae079cc206e"
    },
    {
      "name": "c16_7",
      "bucket": "ORION",
      "hex16": "bb52",
      "grad": 0.752,
      "hash": "9da3f5a9582407b5e8bb5f29aa3d7ead655743ea23a42ef119aa8c97c55a7545"
    },
    {
      "name": "c16_8",
      "bucket": "DELTA",
      "hex16": "b36f",
      "grad": 0.975,
      "hash": "a6b1f484a23046d92a9ec933a24811b23ed744b8e57f678bcf43eb40828b3ee7"
    },
    {
      "name": "c16_9",
      "bucket": "QUANTA",
      "hex16": "e5d9",
      "grad": 0.531,
      "hash": "ba1d3b6844d6c104f63814903a1e2d740a9b63cc3223b33574752e26b6f15936"
    },
    {
      "name": "c16_10",
      "bucket": "GAMMA",
      "hex16": "7490",
      "grad": 0.404,
      "hash": "4e0b3870b8d95b76aa89d57220eaf2fe86489590f442a192e96ae6cf626d5f69"
    },
    {
      "name": "c16_11",
      "bucket": "NOVA",
      "hex16": "e0b9",
      "grad": 0.536,
      "hash": "a06be89b25c9a54f31a7d3ba147216f773528b697e6d2b022172f5b0c3af4427"
    }
  ],
  "receipts": {
    "rho": 0.657,
    "whiteness": 0.986,
    "leakage": 0.0189,
    "ece": 0.009
  },
  "microtests": [
    {
      "seed": 0,
      "expect": "ok"
    },
    {
      "seed": 1,
      "expect": "ok"
    },
    {
      "seed": 2,
      "expect": "ok"
    }
  ]
}