{
  "id": "C17",
  "title": "Cartridge C17",
  "version": "1.0.0",
  "intent": "invariance_probe",
  "schema": "cqe.cartridge.schema.v1",
  "tokens": [
    {
      "name": "c17_0",
      "bucket": "QUANTA",
      "hex16": "89c7",
      "grad": 0.702,
      "hash": "58380d8c9e1319bf87cbf47756ab944f9296c861dea4a964ef2422189bdb11db"
    },
    {
      "name": "c17_1",
      "bucket": "PEGASUS",
      "hex16": "52ac",
      "grad": 0.53,
      "hash": "293cad99c8d32e979beb3a41837d75f85bb56c29a86fdf2a2110aa2d02ffa1d9"
    },
    {
      "name": "c17_2",
      "bucket": "BETA",
      "hex16": "4134",
      "grad": 0.677,
      "hash": "4d32f8a324ccac69da5cc48806c47d7fb076d6c84977d6bfeb8bcaf780a6f502"
    },
    {
      "name": "c17_3",
      "bucket": "DELTA",
      "hex16": "fbba",
      "grad": 0.252,
      "hash": "501b2557e2ebc6c7ae1194aae5a517f539c37b9dfa2ce129bd5b1798a6ccab21"
    },
    {
      "name": "c17_4",
      "bucket": "DELTA",
      "hex16": "f9a5",
      "grad": 0.206,
      "hash": "f2cf01aa02952e6dfa25157987461467d778866a0473771f33723824a3b49871"
    },
    {
      "name": "c17_5",
      "bucket": "NOVA",
      "hex16": "2c3c",
      "grad": 0.904,
      "hash": "ddd48926150f45ce9fce21a5688af2e3514642ada99c26274d3d2dc2c29e4149"
    },
    {
      "name": "c17_6",
      "bucket": "NOVA",
      "hex16": "365e",
      "grad": 0.415,
      "hash": "063e329485352e0e3f1c330005f55bef24b1f60147710fe2495b62b2bd3ebb4d"
    },
    {
      "name": "c17_7",
      "bucket": "DELTA",
      "hex16": "c5d0",
      "grad": 0.895,
      "hash": "eabe0f22014c5df916269524a0ffe9163fbab5321222a131516da9c844b08a6d"
    },
    {
      "name": "c17_8",
      "bucket": "DELTA",
      "hex16": "c4ce",
      "grad": 0.271,
      "hash": "ad3dec5bd460d24b6253a3d5484187643d3a7b8d922e0807ad49ad2b5934b38e"
    },
    {
      "name": "c17_9",
      "bucket": "DELTA",
      "hex16": "09c8",
      "grad": 0.064,
      "hash": "748082825a49efc9724f800cff9e21dba82fe029530a3a30803a4d7564c524f1"
    },
    {
      "name": "c17_10",
      "bucket": "ORION",
      "hex16": "e3d0",
      "grad": 0.988,
      "hash": "d1aef11f48de59dbc40f182ee21080d13abc9f21e0d24abd4d0be3d4ccbf9a71"
    },
    {
      "name": "c17_11",
      "bucket": "ALPHA",
      "hex16": "c3fa",
      "grad": 0.242,
      "hash": "0e94a74fcb25d45b213736efe330dce2b83cfd9b0ac736baf48324cd825366e7"
    }
  ],
  "receipts": {
    "rho": 0.852,
    "whiteness": 0.914,
    "leakage": 0.0182,
    "ece": 0.0086
  },
  "microtests": [
    {
      "seed": 0,
      "expect": "ok"
    },
    {
      "seed": 1,
      "expect": "ok"
    },
    {
      "seed": 2,
      "expect": "ok"
    }
  ]
}