{
  "id": "C18",
  "title": "Cartridge C18",
  "version": "1.0.0",
  "intent": "replay_probe",
  "schema": "cqe.cartridge.schema.v1",
  "tokens": [
    {
      "name": "c18_0",
      "bucket": "QUANTA",
      "hex16": "ebbf",
      "grad": 0.825,
      "hash": "db26abd565978451b789e7ca2ddf1b1102900849c8f070704332ad99e3dbc9ac"
    },
    {
      "name": "c18_1",
      "bucket": "DELTA",
      "hex16": "6b30",
      "grad": 0.727,
      "hash": "42fc515174bdaa908826aad11dc55c8d96015d8b16d817697dc19e96c5c6c13e"
    },
    {
      "name": "c18_2",
      "bucket": "BETA",
      "hex16": "b745",
      "grad": 0.944,
      "hash": "c1ac3af2d3ea3450f694b1a2712a672d9c814839552e92c7cffc41e11e182f81"
    },
    {
      "name": "c18_3",
      "bucket": "BETA",
      "hex16": "4db2",
      "grad": 0.787,
      "hash": "85f3668def903af8f177f19575075333b28a7ada61930d2be774704856e82430"
    },
    {
      "name": "c18_4",
      "bucket": "GAMMA",
      "hex16": "c6e2",
      "grad": 0.258,
      "hash": "a85697f50070aaab9c26629b86d9114a6b971ff62afd56a708907d37a6954807"
    },
    {
      "name": "c18_5",
      "bucket": "QUANTA",
      "hex16": "1485",
      "grad": 0.74,
      "hash": "bea174988569751d27ef214b2ca433c3d9a7f8152a6e0022c344c767aa0682f4"
    },
    {
      "name": "c18_6",
      "bucket": "GAMMA",
      "hex16": "dd8f",
      "grad": 0.545,
      "hash": "cb88c77dda49f57dee13d50934b18d42e17d3580276b1ab6d371f773b9c6f4d0"
    },
    {
      "name": "c18_7",
      "bucket": "ORION",
      "hex16": "9fc2",
      "grad": 0.887,
      "hash": "4cc0b3b80d80be6f3b922b9db0a66e928af887bb9cd1be060e0b6e07a1e1de41"
    },
    {
      "name": "c18_8",
      "bucket": "NOVA",
      "hex16": "4307",
      "grad": 0.91,
      "hash": "913449a6f2311cd1f12a7a4e301aacc32991e91d9bd295c0b90b4a56aee69f97"
    },
    {
      "name": "c18_9",
      "bucket": "ALPHA",
      "hex16": "534f",
      "grad": 0.827,
      "hash": "e3d7212150c3500755ebc6e034a9d3a75c689af0d4953c928602ee072dcfb793"
    },
    {
      "name": "c18_10",
      "bucket": "DELTA",
      "hex16": "3324",
      "grad": 0.665,
      "hash": "a8099584b53d2901799abb2439f0913a181e6fb8ea5ca60772a98a5950795b2b"
    },
    {
      "name": "c18_11",
      "bucket": "ALPHA",
      "hex16": "c2e3",
      "grad": 0.702,
      "hash": "fae4acfba574fc22cbaf11060f56445f70d74a37cc7c23b7e09e3fd977f67305"
    }
  ],
  "receipts": {
    "rho": 0.896,
    "whiteness": 0.834,
    "leakage": 0.0065,
    "ece": 0.0188
  },
  "microtests": [
    {
      "seed": 0,
      "expect": "ok"
    },
    {
      "seed": 1,
      "expect": "ok"
    },
    {
      "seed": 2,
      "expect": "ok"
    }
  ]
}