{
  "count": 10,
  "top_cells": [
    [
      "I:0,0,0,0,0,0,0,0",
      2
    ],
    [
      "I:12,2,8,0,0,0,0,0",
      1
    ],
    [
      "I:5,5,2,8,0,0,0,0",
      1
    ],
    [
      "I:7,2,8,3,6,5,7,8",
      1
    ],
    [
      "I:4,4,6,4,2,1,8,5",
      1
    ],
    [
      "I:3,9,8,0,0,0,0,0",
      1
    ],
    [
      "I:9,9,7,5,1,6,7,8",
      1
    ],
    [
      "I:9,12,6,11,8,6,8,4",
      1
    ],
    [
      "I:7,9,3,8,9,2,9,1",
      1
    ]
  ],
  "distortion": {
    "mean": 0.584853,
    "max": 1.0
  }
}