shim_path,decl_count,sha256
src/agrm/_shims.py,7,522e3e1b036acb585002780fff197d05ba09dc74639c27690f7265842aa919dd
src/misc/_shims.py,1,80ca9145e1f733199d873638a08b4219e451a2ead9133e0830f9f28defe44f88
src/mannequin/_shims.py,3,763f8eb297e25331a2892c9441ca8cd32c1c3b7ab2d7061de5c7d4e12b837ffc
src/agrm/mdhg/_shims.py,8,e1e53062878dea3c14cb2a1a8ac8430a7979fde61a35fdc17172bdc8a7c4359d
src/plugins/edges/superperm/_shims.py,1,80ca9145e1f733199d873638a08b4219e451a2ead9133e0830f9f28defe44f88
src/tpg/_shims.py,5,133c2d42f4d82775bc84f21bcbbb278b398096141ee9e200f084867d873a55d2
src/agrm/snap/_shims.py,5,58cb539176c8b1a09ada708fdf6242d40438914e239cd658f27a00994e9aa734
