{
  "vectors_shape": [
    5,
    8
  ],
  "first_vector": [
    0.0965542197227478,
    0.0965542197227478,
    0.845219075679779,
    0.24054470658302307,
    -0.3641296327114105,
    -0.24054470658302307,
    -0.0965542197227478,
    0.0965542197227478
  ],
  "docs_bank": {
    "shape": "E8:Shells",
    "dims": 8,
    "capacity": 256,
    "next": 5,
    "sample": [
      {
        "i": 0,
        "meta": {
          "shape": "E8",
          "dims": 8,
          "coxeter": [
            0.017365824431180954,
            0.03473164513707161,
            1.1108695268630981,
            1.3318686485290527,
            0.6977290511131287,
            0.23836496472358704,
            -0.017365803942084312,
            -0.23836496472358704
          ],
          "gdist": 0.5390432646920044,
          "shell": "Shell:1",
          "k_roots": 3,
          "roots_idx": null,
          "salt": "E8",
          "kind": "text",
          "payload_preview": "E8 lattice intro"
        }
      },
      {
        "i": 1,
        "meta": {
          "shape": "E8",
          "dims": 8,
          "coxeter": [
            0.5537264347076416,
            0.23942188918590546,
            -0.07488267868757248,
            -0.8754364252090454,
            -0.8079591989517212,
            -1.122263789176941,
            -0.5611318945884705,
            0.24682730436325073
          ],
          "gdist": 0.5342640110751926,
          "shell": "Shell:1",
          "k_roots": 3,
          "roots_idx": null,
          "salt": "E8",
          "kind": "text",
          "payload_preview": "Routing with houses and shells"
        }
      },
      {
        "i": 2,
        "meta": {
          "shape": "E8",
          "dims": 8,
          "coxeter": [
            0.3922959864139557,
            -0.7219594717025757,
            -0.32966348528862,
            -0.3677636682987213,
            -0.37594112753868103,
            -0.38411855697631836,
            0.008177447132766247,
            -0.38411855697631836
          ],
          "gdist": 0.565535013117732,
          "shell": "Shell:1",
          "k_roots": 3,
          "roots_idx": null,
          "salt": "E8",
          "kind": "text",
          "payload_preview": "Governance SAP arbiter"
        }
      },
      {
        "i": 3,
        "meta": {
          "shape": "E8",
          "dims": 8,
          "coxeter": [
            -0.7871173620223999,
            -0.6103386282920837,
            -0.43355992436408997,
            -0.2567811906337738,
            -0.9348003268241882,
            -0.6103386878967285,
            -0.4335598945617676,
            0.5012404322624207
          ],
          "gdist": 0.5042385000130223,
          "shell": "Shell:1",
          "k_roots": 3,
          "roots_idx": null,
          "salt": "E8",
          "kind": "text",
          "payload_preview": "Two-tier hashing with CMPLX"
        }
      },
      {
        "i": 4,
        "meta": {
          "shape": "E8",
          "dims": 8,
          "coxeter": [
            0.3326202630996704,
            0.28686919808387756,
            -0.3170372545719147,
            -0.9209436774253845,
            -0.6039063930511475,
            -0.2712861895561218,
            0.04575112462043762,
            -0.6496574878692627
          ],
          "gdist": 0.5184744910806335,
          "shell": "Shell:1",
          "k_roots": 3,
          "roots_idx": null,
          "salt": "E8",
          "kind": "text",
          "payload_preview": "Superpermutation constructor dry-run"
        }
      }
    ]
  },
  "meta_sample": {
    "shape": "E8",
    "dims": 8,
    "coxeter": [
      0.017365824431180954,
      0.03473164513707161,
      1.1108695268630981,
      1.3318686485290527,
      0.6977290511131287,
      0.23836496472358704,
      -0.017365803942084312,
      -0.23836496472358704
    ],
    "gdist": 0.5390432646920044,
    "shell": "Shell:1",
    "k_roots": 3,
    "roots_idx": null,
    "salt": "E8",
    "kind": "text"
  }
}