{
  "results": [
    {
      "bits": 16,
      "mod": 257,
      "recall@1_nonzero": 0.375,
      "avg_cand": 2.625,
      "p95_cand": 5.0,
      "ops": 109
    },
    {
      "bits": 16,
      "mod": 521,
      "recall@1_nonzero": 0.125,
      "avg_cand": 1.75,
      "p95_cand": 3.0,
      "ops": 102
    },
    {
      "bits": 16,
      "mod": 1021,
      "recall@1_nonzero": 0.0,
      "avg_cand": 1.25,
      "p95_cand": 2.0,
      "ops": 98
    },
    {
      "bits": 24,
      "mod": 257,
      "recall@1_nonzero": 0.25,
      "avg_cand": 2.75,
      "p95_cand": 4.0,
      "ops": 110
    },
    {
      "bits": 24,
      "mod": 521,
      "recall@1_nonzero": 0.0,
      "avg_cand": 2.625,
      "p95_cand": 4.299999999999999,
      "ops": 109
    },
    {
      "bits": 24,
      "mod": 1021,
      "recall@1_nonzero": 0.125,
      "avg_cand": 2.0,
      "p95_cand": 4.0,
      "ops": 104
    },
    {
      "bits": 32,
      "mod": 257,
      "recall@1_nonzero": 0.375,
      "avg_cand": 3.125,
      "p95_cand": 5.0,
      "ops": 113
    },
    {
      "bits": 32,
      "mod": 521,
      "recall@1_nonzero": 0.125,
      "avg_cand": 2.0,
      "p95_cand": 3.299999999999999,
      "ops": 104
    },
    {
      "bits": 32,
      "mod": 1021,
      "recall@1_nonzero": 0.25,
      "avg_cand": 2.0,
      "p95_cand": 3.0,
      "ops": 104
    },
    {
      "bits": 40,
      "mod": 257,
      "recall@1_nonzero": 0.375,
      "avg_cand": 3.125,
      "p95_cand": 5.0,
      "ops": 113
    },
    {
      "bits": 40,
      "mod": 521,
      "recall@1_nonzero": 0.125,
      "avg_cand": 2.0,
      "p95_cand": 3.299999999999999,
      "ops": 104
    },
    {
      "bits": 40,
      "mod": 1021,
      "recall@1_nonzero": 0.25,
      "avg_cand": 2.0,
      "p95_cand": 3.0,
      "ops": 104
    }
  ]
}