{
  "rows": [
    {
      "snaphash_id": "router\u2192shells|b16m257a1.0b0.25",
      "seed": 99,
      "bits": 16,
      "mod": 257,
      "alpha": 1.0,
      "beta": 0.25,
      "recall@1_nonzero": 0.125,
      "avg_cand": 2.75,
      "gdist_max": 0.5479160757267124,
      "coherence_mean": 0.3785578329116106
    },
    {
      "snaphash_id": "router\u2192shells|b24m257a0.8b0.4",
      "seed": 99,
      "bits": 24,
      "mod": 257,
      "alpha": 0.8,
      "beta": 0.4,
      "recall@1_nonzero": 0.375,
      "avg_cand": 3.125,
      "gdist_max": 0.56754640438012,
      "coherence_mean": 0.5029873102903366
    },
    {
      "snaphash_id": "router\u2192shells|b32m521a0.8b0.4",
      "seed": 99,
      "bits": 32,
      "mod": 521,
      "alpha": 0.8,
      "beta": 0.4,
      "recall@1_nonzero": 0.0,
      "avg_cand": 2.125,
      "gdist_max": 0.555182004521268,
      "coherence_mean": 0.5351840617659036
    },
    {
      "snaphash_id": "router\u2192shells|b32m1021a1.0b0.2",
      "seed": 99,
      "bits": 32,
      "mod": 1021,
      "alpha": 1.0,
      "beta": 0.2,
      "recall@1_nonzero": 0.0,
      "avg_cand": 1.625,
      "gdist_max": 0.5567650812354508,
      "coherence_mean": 0.7645917385816574
    }
  ],
  "champion": {
    "snaphash_id": "router\u2192shells|b24m257a0.8b0.4",
    "seed": 99,
    "bits": 24,
    "mod": 257,
    "alpha": 0.8,
    "beta": 0.4,
    "recall@1_nonzero": 0.375,
    "avg_cand": 3.125,
    "gdist_max": 0.56754640438012,
    "coherence_mean": 0.5029873102903366
  },
  "snap_save": {
    "file": "/mnt/data/e8_repo/artifacts/snap/edge__champ_router_shells__0.2.0__1754820113612.json",
    "name": "champ_router_shells",
    "kind": "edge",
    "version": "0.2.0"
  }
}