{
  "save": {
    "file": "/mnt/data/e8_repo/artifacts/snap/encoder__encoder_e8_v1__0.1.0__1754818661276.json",
    "name": "encoder_e8_v1",
    "kind": "encoder",
    "version": "0.1.0"
  },
  "load": {
    "found": true,
    "file": "/mnt/data/e8_repo/artifacts/snap/encoder__encoder_e8_v1__0.1.0__1754818661276.json",
    "record": {
      "name": "encoder_e8_v1",
      "kind": "encoder",
      "version": "0.1.0",
      "tags": {
        "shape": "E8",
        "dims": 8,
        "banks": [
          "docs",
          "blobs"
        ]
      },
      "payload": {
        "salt": "E8",
        "k_default": 3
      }
    }
  }
}