{
  "rows": [
    {
      "alpha": 1.0,
      "beta": 0.0,
      "cand_count": 16,
      "shell_size": 16,
      "score_mean": -0.03145217150449753,
      "score_max": 0.6900342106819153
    },
    {
      "alpha": 1.0,
      "beta": 0.1,
      "cand_count": 16,
      "shell_size": 16,
      "score_mean": 0.0333389937877655,
      "score_max": 0.7544288039207458
    },
    {
      "alpha": 1.0,
      "beta": 0.25,
      "cand_count": 16,
      "shell_size": 16,
      "score_mean": 0.13052572309970856,
      "score_max": 0.8510207533836365
    },
    {
      "alpha": 0.8,
      "beta": 0.4,
      "cand_count": 16,
      "shell_size": 16,
      "score_mean": 0.23400291800498962,
      "score_max": 0.8096058368682861
    },
    {
      "alpha": 0.6,
      "beta": 0.6,
      "cand_count": 16,
      "shell_size": 16,
      "score_mean": 0.3698756992816925,
      "score_max": 0.8003882169723511
    },
    {
      "alpha": 1.2,
      "beta": 0.2,
      "cand_count": 16,
      "shell_size": 16,
      "score_mean": 0.09183972328901291,
      "score_max": 0.9568303227424622
    }
  ]
}