{
  "rest_select_request": {
    "context": {
      "active_planes": 4,
      "parity_flags": [
        "even"
      ],
      "crt_mods": [
        2,
        4,
        8,
        32
      ]
    },
    "policy": {
      "auto_promote": true
    }
  },
  "rest_select_response": {
    "rest": "R8",
    "reason": "active_planes=4, even & CRT present"
  },
  "delta_apply_request": {
    "rest": "R8",
    "delta": {
      "family": "M",
      "mods": [
        13
      ],
      "even_lift_proof": "shadow-lift:v1:ok"
    },
    "idempotency_key": "b1e8f5a0-1"
  },
  "delta_apply_response": {
    "ok": true,
    "legal": true,
    "requires_even_lift": false
  },
  "gate_scan_request": {
    "rest": "R8",
    "epsilon": 1e-06,
    "order": [
      1,
      2,
      3,
      4,
      5,
      6,
      7,
      8
    ],
    "state_hash": "seed:S1|frame:13A|rest:R8"
  },
  "gate_scan_response": {
    "latches": [
      1,
      1,
      0,
      1,
      1,
      0,
      1,
      1
    ],
    "advance": false
  },
  "advance_request": {
    "expect_all8": true
  },
  "advance_response": {
    "advanced": true,
    "cycle": 12
  },
  "anchor_match_request": {
    "rest": "R8",
    "delta_digest": "sha256:abcd\u2026",
    "tags": {
      "phase13": "13A",
      "crt_mods": [
        2,
        4,
        8,
        32
      ]
    }
  },
  "anchor_match_response": {
    "matched": true,
    "anchor_id": "anc_007",
    "witness_bits": "11111111"
  },
  "proof_state_request": {
    "ledger_range": [
      120,
      150
    ]
  },
  "proof_state_response": {
    "rest": "R8",
    "deltas": [
      "M13",
      "S(13A)"
    ],
    "latches": "11111111",
    "crt_ok": true,
    "even": true,
    "replay_hash": "h:cafe\u2026"
  }
}