{
  "ver": "gae-1",
  "token": "iceVII",
  "ngd": {
    "thresholds": [
      "drive_1_4"
    ],
    "scale_family": 64,
    "residues": [
      2,
      4,
      8,
      13,
      24,
      32
    ],
    "faces": [
      "dense_solid",
      "octad",
      "E8_witnesses"
    ],
    "witnesses": [
      "lattice",
      "spectral"
    ],
    "evidence": [
      "pressure_gpa>=2.0",
      "temperature_c>=10"
    ]
  },
  "provenance": {
    "model": "LFAI",
    "seed_hash": "S:demo",
    "timestamp": "2025-09-16T22:56:52Z",
    "run_id": "R-ice-0001"
  },
  "ngd_sha256": "DEMO_NGD_SHA256_iceVII",
  "kid": "lfai-key-2025-09",
  "sig_jws": "DEMO_SIGNATURE"
}