card_id,session_id,token_id,title,type,summary,retrieval_tags,connections,pal64_step,receipt,status,provenance
CQE_Roleplay_Scenes_v1_0_Sheets::RAG-00001,CQE_Roleplay_Scenes_v1_0_Sheets,D0017,Worksheet_01.pdf,pdf,PDF 'Worksheet_01.pdf'. Ordered at pal64 step 1. Preview: PDF (1 pages),"['pdf', 'pages:1']","[{'id': 'D0020', 'why': 'adjacent-order'}]",1,0000,WORKING,/mnt/data/fulltest/inputs/CQE_Roleplay_Scenes_v1_0_Sheets/Worksheet_01.pdf
CQE_Roleplay_Scenes_v1_0_Sheets::RAG-00002,CQE_Roleplay_Scenes_v1_0_Sheets,D0020,Worksheet_04.pdf,pdf,PDF 'Worksheet_04.pdf'. Ordered at pal64 step 2. Preview: PDF (1 pages),"['pdf', 'pages:1']","[{'id': 'D0017', 'why': 'adjacent-order'}, {'id': 'D0022', 'why': 'adjacent-order'}]",2,0000,WORKING,/mnt/data/fulltest/inputs/CQE_Roleplay_Scenes_v1_0_Sheets/Worksheet_04.pdf
CQE_Roleplay_Scenes_v1_0_Sheets::RAG-00003,CQE_Roleplay_Scenes_v1_0_Sheets,D0022,Worksheet_06.pdf,pdf,PDF 'Worksheet_06.pdf'. Ordered at pal64 step 3. Preview: PDF (1 pages),"['pdf', 'pages:1']","[{'id': 'D0020', 'why': 'adjacent-order'}, {'id': 'D0021', 'why': 'adjacent-order'}]",3,0000,WORKING,/mnt/data/fulltest/inputs/CQE_Roleplay_Scenes_v1_0_Sheets/Worksheet_06.pdf
CQE_Roleplay_Scenes_v1_0_Sheets::RAG-00004,CQE_Roleplay_Scenes_v1_0_Sheets,D0021,Worksheet_05.pdf,pdf,PDF 'Worksheet_05.pdf'. Ordered at pal64 step 4. Preview: PDF (1 pages),"['pdf', 'pages:1']","[{'id': 'D0022', 'why': 'adjacent-order'}, {'id': 'D0018', 'why': 'adjacent-order'}]",4,0000,WORKING,/mnt/data/fulltest/inputs/CQE_Roleplay_Scenes_v1_0_Sheets/Worksheet_05.pdf
CQE_Roleplay_Scenes_v1_0_Sheets::RAG-00005,CQE_Roleplay_Scenes_v1_0_Sheets,D0018,Worksheet_02.pdf,pdf,PDF 'Worksheet_02.pdf'. Ordered at pal64 step 5. Preview: PDF (1 pages),"['pdf', 'pages:1']","[{'id': 'D0021', 'why': 'adjacent-order'}, {'id': 'D0019', 'why': 'adjacent-order'}]",5,0000,WORKING,/mnt/data/fulltest/inputs/CQE_Roleplay_Scenes_v1_0_Sheets/Worksheet_02.pdf
CQE_Roleplay_Scenes_v1_0_Sheets::RAG-00006,CQE_Roleplay_Scenes_v1_0_Sheets,D0019,Worksheet_03.pdf,pdf,PDF 'Worksheet_03.pdf'. Ordered at pal64 step 6. Preview: PDF (1 pages),"['pdf', 'pages:1']","[{'id': 'D0018', 'why': 'adjacent-order'}, {'id': 'D0008', 'why': 'adjacent-order'}]",6,0000,WORKING,/mnt/data/fulltest/inputs/CQE_Roleplay_Scenes_v1_0_Sheets/Worksheet_03.pdf
CQE_Roleplay_Scenes_v1_0_Sheets::RAG-00007,CQE_Roleplay_Scenes_v1_0_Sheets,D0008,Scene_07.pdf,pdf,PDF 'Scene_07.pdf'. Ordered at pal64 step 7. Preview: PDF (1 pages),"['pdf', 'pages:1']","[{'id': 'D0019', 'why': 'adjacent-order'}, {'id': 'D0015', 'why': 'adjacent-order'}]",7,0000,WORKING,/mnt/data/fulltest/inputs/CQE_Roleplay_Scenes_v1_0_Sheets/Scene_07.pdf
CQE_Roleplay_Scenes_v1_0_Sheets::RAG-00008,CQE_Roleplay_Scenes_v1_0_Sheets,D0015,Scene_14.pdf,pdf,PDF 'Scene_14.pdf'. Ordered at pal64 step 8. Preview: PDF (1 pages),"['pdf', 'pages:1']","[{'id': 'D0008', 'why': 'adjacent-order'}, {'id': 'D0014', 'why': 'adjacent-order'}]",8,0000,WORKING,/mnt/data/fulltest/inputs/CQE_Roleplay_Scenes_v1_0_Sheets/Scene_14.pdf
CQE_Roleplay_Scenes_v1_0_Sheets::RAG-00009,CQE_Roleplay_Scenes_v1_0_Sheets,D0014,Scene_13.pdf,pdf,PDF 'Scene_13.pdf'. Ordered at pal64 step 9. Preview: PDF (1 pages),"['pdf', 'pages:1']","[{'id': 'D0015', 'why': 'adjacent-order'}, {'id': 'D0006', 'why': 'adjacent-order'}]",9,0000,WORKING,/mnt/data/fulltest/inputs/CQE_Roleplay_Scenes_v1_0_Sheets/Scene_13.pdf
CQE_Roleplay_Scenes_v1_0_Sheets::RAG-00010,CQE_Roleplay_Scenes_v1_0_Sheets,D0006,Scene_05.pdf,pdf,PDF 'Scene_05.pdf'. Ordered at pal64 step 10. Preview: PDF (1 pages),"['pdf', 'pages:1']","[{'id': 'D0014', 'why': 'adjacent-order'}, {'id': 'D0013', 'why': 'adjacent-order'}]",10,0000,WORKING,/mnt/data/fulltest/inputs/CQE_Roleplay_Scenes_v1_0_Sheets/Scene_05.pdf
CQE_Roleplay_Scenes_v1_0_Sheets::RAG-00011,CQE_Roleplay_Scenes_v1_0_Sheets,D0013,Scene_12.pdf,pdf,PDF 'Scene_12.pdf'. Ordered at pal64 step 11. Preview: PDF (1 pages),"['pdf', 'pages:1']","[{'id': 'D0006', 'why': 'adjacent-order'}, {'id': 'D0004', 'why': 'adjacent-order'}]",11,0000,WORKING,/mnt/data/fulltest/inputs/CQE_Roleplay_Scenes_v1_0_Sheets/Scene_12.pdf
CQE_Roleplay_Scenes_v1_0_Sheets::RAG-00012,CQE_Roleplay_Scenes_v1_0_Sheets,D0004,Scene_03.pdf,pdf,PDF 'Scene_03.pdf'. Ordered at pal64 step 12. Preview: PDF (1 pages),"['pdf', 'pages:1']","[{'id': 'D0013', 'why': 'adjacent-order'}, {'id': 'D0007', 'why': 'adjacent-order'}]",12,0000,WORKING,/mnt/data/fulltest/inputs/CQE_Roleplay_Scenes_v1_0_Sheets/Scene_03.pdf
CQE_Roleplay_Scenes_v1_0_Sheets::RAG-00013,CQE_Roleplay_Scenes_v1_0_Sheets,D0007,Scene_06.pdf,pdf,PDF 'Scene_06.pdf'. Ordered at pal64 step 13. Preview: PDF (1 pages),"['pdf', 'pages:1']","[{'id': 'D0004', 'why': 'adjacent-order'}, {'id': 'D0012', 'why': 'adjacent-order'}]",13,0000,WORKING,/mnt/data/fulltest/inputs/CQE_Roleplay_Scenes_v1_0_Sheets/Scene_06.pdf
CQE_Roleplay_Scenes_v1_0_Sheets::RAG-00014,CQE_Roleplay_Scenes_v1_0_Sheets,D0012,Scene_11.pdf,pdf,PDF 'Scene_11.pdf'. Ordered at pal64 step 14. Preview: PDF (1 pages),"['pdf', 'pages:1']","[{'id': 'D0007', 'why': 'adjacent-order'}, {'id': 'D0011', 'why': 'adjacent-order'}]",14,0000,WORKING,/mnt/data/fulltest/inputs/CQE_Roleplay_Scenes_v1_0_Sheets/Scene_11.pdf
CQE_Roleplay_Scenes_v1_0_Sheets::RAG-00015,CQE_Roleplay_Scenes_v1_0_Sheets,D0011,Scene_10.pdf,pdf,PDF 'Scene_10.pdf'. Ordered at pal64 step 15. Preview: PDF (1 pages),"['pdf', 'pages:1']","[{'id': 'D0012', 'why': 'adjacent-order'}, {'id': 'D0016', 'why': 'adjacent-order'}]",15,0000,WORKING,/mnt/data/fulltest/inputs/CQE_Roleplay_Scenes_v1_0_Sheets/Scene_10.pdf
CQE_Roleplay_Scenes_v1_0_Sheets::RAG-00016,CQE_Roleplay_Scenes_v1_0_Sheets,D0016,Scene_15.pdf,pdf,PDF 'Scene_15.pdf'. Ordered at pal64 step 16. Preview: PDF (1 pages),"['pdf', 'pages:1']","[{'id': 'D0011', 'why': 'adjacent-order'}, {'id': 'D0010', 'why': 'adjacent-order'}]",16,0000,WORKING,/mnt/data/fulltest/inputs/CQE_Roleplay_Scenes_v1_0_Sheets/Scene_15.pdf
CQE_Roleplay_Scenes_v1_0_Sheets::RAG-00017,CQE_Roleplay_Scenes_v1_0_Sheets,D0010,Scene_09.pdf,pdf,PDF 'Scene_09.pdf'. Ordered at pal64 step 17. Preview: PDF (1 pages),"['pdf', 'pages:1']","[{'id': 'D0016', 'why': 'adjacent-order'}, {'id': 'D0005', 'why': 'adjacent-order'}]",17,0000,WORKING,/mnt/data/fulltest/inputs/CQE_Roleplay_Scenes_v1_0_Sheets/Scene_09.pdf
CQE_Roleplay_Scenes_v1_0_Sheets::RAG-00018,CQE_Roleplay_Scenes_v1_0_Sheets,D0005,Scene_04.pdf,pdf,PDF 'Scene_04.pdf'. Ordered at pal64 step 18. Preview: PDF (1 pages),"['pdf', 'pages:1']","[{'id': 'D0010', 'why': 'adjacent-order'}, {'id': 'D0009', 'why': 'adjacent-order'}]",18,0000,WORKING,/mnt/data/fulltest/inputs/CQE_Roleplay_Scenes_v1_0_Sheets/Scene_04.pdf
CQE_Roleplay_Scenes_v1_0_Sheets::RAG-00019,CQE_Roleplay_Scenes_v1_0_Sheets,D0009,Scene_08.pdf,pdf,PDF 'Scene_08.pdf'. Ordered at pal64 step 19. Preview: PDF (1 pages),"['pdf', 'pages:1']","[{'id': 'D0005', 'why': 'adjacent-order'}, {'id': 'D0003', 'why': 'adjacent-order'}]",19,0000,WORKING,/mnt/data/fulltest/inputs/CQE_Roleplay_Scenes_v1_0_Sheets/Scene_08.pdf
CQE_Roleplay_Scenes_v1_0_Sheets::RAG-00020,CQE_Roleplay_Scenes_v1_0_Sheets,D0003,Scene_02.pdf,pdf,PDF 'Scene_02.pdf'. Ordered at pal64 step 20. Preview: PDF (1 pages),"['pdf', 'pages:1']","[{'id': 'D0009', 'why': 'adjacent-order'}, {'id': 'D0002', 'why': 'adjacent-order'}]",20,0000,WORKING,/mnt/data/fulltest/inputs/CQE_Roleplay_Scenes_v1_0_Sheets/Scene_02.pdf
CQE_Roleplay_Scenes_v1_0_Sheets::RAG-00021,CQE_Roleplay_Scenes_v1_0_Sheets,D0002,Scene_01.pdf,pdf,PDF 'Scene_01.pdf'. Ordered at pal64 step 21. Preview: PDF (1 pages),"['pdf', 'pages:1']","[{'id': 'D0003', 'why': 'adjacent-order'}, {'id': 'D0001', 'why': 'adjacent-order'}]",21,0000,WORKING,/mnt/data/fulltest/inputs/CQE_Roleplay_Scenes_v1_0_Sheets/Scene_01.pdf
CQE_Roleplay_Scenes_v1_0_Sheets::RAG-00022,CQE_Roleplay_Scenes_v1_0_Sheets,D0001,Scene_00.pdf,pdf,PDF 'Scene_00.pdf'. Ordered at pal64 step 22. Preview: PDF (1 pages),"['pdf', 'pages:1']","[{'id': 'D0002', 'why': 'adjacent-order'}]",22,0000,WORKING,/mnt/data/fulltest/inputs/CQE_Roleplay_Scenes_v1_0_Sheets/Scene_00.pdf
