t,H_total_bits,odd_energy,work_spent,bits_erased,odd_energy_drop,DeltaE
0,-0.0,0.0022817054897964536,0.00014260659311227832,0.0,0.0,-0.00014260659311227832
1,2.0,0.004129488481573882,0.0002580930300983671,0.0,0.0,-0.0002580930300983671
2,3.169925001442312,0.01844667852916388,0.0011529174080727425,0.0,0.0,-0.0011529174080727425
3,4.0,0.02007052249575527,0.0012544076559847042,0.0,0.0,-0.0012544076559847042
4,4.243856189774725,0.013213600123831711,0.0008258500077394809,0.0,0.006856922371923559,0.006031072364184079
5,4.503258334775645,0.012497915013224576,0.0007811196883265371,0.0,0.0007156851106071352,-6.54345777194019e-05
6,5.043281272686636,0.02367425197180154,0.0014796407482375964,0.0,0.0,-0.0014796407482375964
7,5.5,0.06495395437803672,0.004059622148627295,0.0,0.0,-0.004059622148627295
8,5.89540555844018,0.07525612234282711,0.004703507646426694,0.0,0.0,-0.004703507646426694
9,6.067854643052199,0.16684500406357639,0.010427812753973528,0.0,0.0,-0.010427812753973528
10,6.395566020854173,0.1701436010033644,0.010633975062710278,0.0,0.0,-0.010633975062710278
11,6.523826227067049,0.11286676105195956,0.007054172565747471,0.0,0.05727683995140484,0.050222667385657366
12,6.490576725008114,0.12435631100777386,0.007772269437985866,0.0332495020589354,0.0,0.02547723262094953
13,6.5732657722222,0.09562441898094146,0.005976526186308841,0.0,0.028731892026832406,0.022755365840523567
14,6.4683813599561155,0.06851935346412562,0.004282459591507852,0.10488441226608458,0.027105065516815838,0.12770701819139257
15,6.407511677737651,0.25764742004220553,0.016102963752637832,0.06086968221846423,0.0,0.044766718465826395
16,6.393649982997097,0.1926605522232011,0.012041284513950066,0.01386169474055432,0.06498686781900442,0.06680727804560868
17,6.5996754379474,0.20973592991351667,0.013108495619594793,0.0,0.0,-0.013108495619594793
18,6.6874345636704255,0.1230631188048069,0.00769144492530043,0.0,0.08667281110870977,0.07898136618340934
19,6.824208448067575,0.08643994009765724,0.005402496256103575,0.0,0.036623178707149665,0.03122068245104609
20,6.957367100943035,0.29390492916004013,0.018369058072502508,0.0,0.0,-0.018369058072502508
21,6.918341190534604,0.6218488658988491,0.038865554118678064,0.03902591040843095,0.0,0.00016035628975288874
22,6.98483479951808,0.47730591013276474,0.029831619383297793,0.0,0.1445429557660844,0.1147113363827866
23,7.009507858885004,0.37802923121994947,0.02362682695124685,0.0,0.09927667891281527,0.07564985196156843
24,7.104348530190423,0.22276318615648216,0.013922699134780135,0.0,0.1552660450634673,0.14134334592868716
25,7.209248634158012,0.13366578148793168,0.008354111342995733,0.0,0.08909740466855048,0.08074329332555474
26,7.38360711258113,0.103755794543234,0.006484737158952127,0.0,0.02990998694469768,0.023425249785745554
27,7.384788286513796,0.08887747999754822,0.0055548424998467655,0.0,0.014878314545685778,0.009323472045839012
28,7.381686434637643,0.12884719378619336,0.008052949611637081,0.0031018518761527503,0.0,-0.004951097735484331
29,7.373972937523083,0.1006333080503034,0.006289581753143959,0.007713497114560042,0.028213885735889954,0.029637801097306037
30,7.46006032107565,0.11664961966740706,0.007290601229212941,0.0,0.0,-0.007290601229212941
31,7.530286523131121,0.08056631486722321,0.005035394679201452,0.0,0.036083304800183846,0.031047910120982396
32,7.598047550006375,0.1457091573992596,0.009106822337453722,0.0,0.0,-0.009106822337453722
33,7.62321781561746,0.13426307453388636,0.008391442158367898,0.0,0.011446082865373242,0.003054640707005344
34,7.642462901215453,0.14829526433523643,0.009268454020952279,0.0,0.0,-0.009268454020952279
35,7.633363854413697,0.161031304622971,0.010064456538935689,0.009099046801755328,0.0,-0.0009654097371803606
36,7.676301463827489,0.2270253760826233,0.01418908600516395,0.0,0.0,-0.01418908600516395
37,7.727801317329133,0.13402634182937986,0.008376646364336236,0.0,0.09299903425324343,0.08462238788890719
38,7.765972318950045,0.10707074761507161,0.006691921725941975,0.0,0.02695559421430825,0.020263672488366274
39,7.773291884911737,0.12709299225929077,0.00794331201620567,0.0,0.0,-0.00794331201620567
40,7.748948972610302,0.08396260733712745,0.005247662958570468,0.02434291230143515,0.043130384922163326,0.06222563426502801
41,7.744519583191925,0.08051748862398811,0.005032343038999255,0.0044293894183766724,0.0034451187131393363,0.0028421650925167536
42,7.859677536051701,0.09894058796439333,0.006183786747774584,0.0,0.0,-0.006183786747774584
43,7.856636724783417,0.17493059034671515,0.010933161896669694,0.0030408112682840382,0.0,-0.007892350628385655
44,7.845328227769889,0.12665887930603745,0.00791617995662734,0.011308497013528651,0.048271711040677706,0.051664028097579015
45,7.900653518627264,0.13261450542053654,0.008288406588783534,0.0,0.0,-0.008288406588783534
46,7.916696277001533,0.10065318070251034,0.006290823793906898,0.0,0.03196132471802621,0.025670500924119308
47,7.965031377007545,0.059798674941042504,0.0037374171838151582,0.0,0.04085450576146783,0.037117088577652675
48,7.997170533770314,0.09869721662352238,0.00616857603897015,0.0,0.0,-0.00616857603897015
49,8.01615356600729,0.14776741969484397,0.009235463730927745,0.0,0.0,-0.009235463730927745
50,7.990866538273211,0.2306560113910216,0.014416000711938852,0.02528702773407865,0.0,0.010871027022139797
51,7.971404260647642,0.13903315585964765,0.008689572241227975,0.019462277625569513,0.09162285553137395,0.10239556091571549
52,7.987642854134576,0.07232332710654926,0.004520207944159331,0.0,0.06670982875309839,0.062189620808939056
53,8.000290839130358,0.028790333617329876,0.0017993958510831164,0.0,0.043532993489219386,0.04173359763813627
54,8.043692055944687,0.06855781298947002,0.00428486331184187,0.0,0.0,-0.00428486331184187
55,8.05025325837607,0.15174338690079062,0.009483961681299405,0.0,0.0,-0.009483961681299405
56,8.022830882754564,0.11599111624148585,0.007249444765092865,0.027422375621506845,0.035752270659304766,0.055925201515718746
57,8.055662749833624,0.06486294626595925,0.004053934141622452,0.0,0.051128169975526605,0.04707423583390415
58,8.064076979799943,0.06194714868305283,0.0038716967926908,0.0,0.0029157975829064153,-0.0009558992097843848
59,8.060763345770425,0.035084368126576365,0.002192773007911023,0.0033136340295172317,0.026862780556476465,0.027983641578082676
60,8.060132381958418,0.020857605389969273,0.00130360033687308,0.0006309638120072236,0.014226762736607092,0.013554126211741235
61,8.055865448483264,0.1182537021360159,0.007390856383500991,0.004266933475154389,0.0,-0.0031239229083466023
62,8.065253239727033,0.2506110163208859,0.015663188520055372,0.0,0.0,-0.015663188520055372
63,7.878627651426925,0.1793145067375379,0.011207156671096124,0.18662558830010845,0.07129650958334799,0.24671494121236032
64,7.868582576413605,0.15811164076527986,0.00988197754783,0.01004507501331986,0.02120286597225804,0.0213659634377479
65,7.892952983238402,0.10570789245653195,0.006606743278533243,0.0,0.052403748308747916,0.04579700503021467
66,7.910601045246101,0.08210220938597851,0.005131388086623654,0.0,0.02360568307055344,0.018474294983929787
67,7.97584592194072,0.10123013989571553,0.00632688374348222,0.0,0.0,-0.00632688374348222
68,7.998579839337538,0.06353259595507288,0.003970787247192052,0.0,0.03769754394064265,0.03372675669345059
69,8.009303942893972,0.18992569737641513,0.011870356086025945,0.0,0.0,-0.011870356086025945
70,8.00935005021346,0.11565625700091842,0.007228516062557402,0.0,0.07426944037549671,0.0670409243129393
71,7.994385366985514,0.06788140207875043,0.004242587629921904,0.014964683227945308,0.047774854922167986,0.05849695052019139
72,8.001461420825198,0.07125481775199545,0.004453426109499715,0.0,0.0,-0.004453426109499715
73,8.004199298599872,0.04263127010038895,0.0026644543812743074,0.0,0.028623547651606497,0.02595909327033219
74,8.057244961818443,0.029960783233958888,0.0018725489521224338,0.0,0.012670486866430065,0.01079793791430763
75,8.067035173844587,0.05462318231646464,0.0034139488947790425,0.0,0.0,-0.0034139488947790425
76,8.05293824119521,0.10316578467034285,0.00644786154189643,0.014096932649376726,0.0,0.007649071107480296
77,8.075010117321735,0.08808033987718043,0.005505021242323776,0.0,0.015085444793162414,0.009580423550838638
78,8.052662466865563,0.10878186133884882,0.006798866333678051,0.022347650456172374,0.0,0.015548784122494323
79,8.055545168595842,0.15282840756722899,0.009551775472951812,0.0,0.0,-0.009551775472951812
80,8.052868385980187,0.08975380107643736,0.005609612567277334,0.002676782615655071,0.06307460649079162,0.060141776539169356
81,8.053970944301971,0.05804945620512158,0.0036280910128200982,0.0,0.031704344871315786,0.028076253858495687
82,8.034752409305995,0.15461767609809013,0.009663604756130633,0.01921853499597681,0.0,0.009554930239846177
83,8.019667801834915,0.10563891679631776,0.006602432299769858,0.015084607471079536,0.04897875930177237,0.057460934473082044
84,8.022475591364964,0.06703284312393512,0.004189552695245944,0.0,0.03860607367238264,0.0344165209771367
85,8.038591843998631,0.05126650163317703,0.0032041563520735653,0.0,0.01576634149075809,0.012562185138684526
86,8.024403851894187,0.04065573421252893,0.0025409833882830586,0.014187992104444547,0.0106107674206481,0.022257776136809588
87,8.028333792030129,0.10828804724479298,0.006768002952799562,0.0,0.0,-0.006768002952799562
88,8.025254847426204,0.11694979422627348,0.007309362139142094,0.0030789446039243273,0.0,-0.004230417535217767
89,8.00995621293464,0.09620608135897185,0.00601288008493574,0.015298634491564655,0.02074371286730163,0.030029467273930546
90,8.004401576492944,0.11873363408424212,0.007420852130265131,0.005554636441695848,0.0,-0.0018662156885692824
91,7.994588114493709,0.11543388199718872,0.007214617624824297,0.009813461999234718,0.0032997520870533953,0.005898596461463817
92,7.992847641487395,0.0986819961389779,0.006167624758686121,0.0017404730063139695,0.016751885858210816,0.012324734105838665
93,7.997916086025221,0.18737073935972903,0.011710671209983065,0.0,0.0,-0.011710671209983065
94,8.00355473870132,0.14486321849689504,0.009053951156055944,0.0,0.04250752086283399,0.03345356970677805
95,7.99815726736327,0.1545497189596005,0.009659357434975034,0.005397471338049797,0.0,-0.004261886096925236
96,7.993161694456421,0.14422259038813373,0.009013911899258356,0.004995572906849155,0.010327128571466782,0.00630878957905758
97,8.00090137292376,0.09211338532406171,0.005757086582753857,0.0,0.05210920506407202,0.046352118481318164
98,7.993631405821137,0.09096533734230966,0.005685333583894351,0.007269967102622843,0.001148047981752054,0.0027326815004805457
99,7.979403140780452,0.10159977292246547,0.006349985807654088,0.014228265040685528,0.0,0.00787827923303144
100,7.975428289406781,0.12309498256781336,0.007693436410488336,0.003974851373670596,0.0,-0.0037185850368177398
101,7.959487574463624,0.06883421855705757,0.004302138659816098,0.015940714943156742,0.05426076401075579,0.06589934029409643
102,7.955002940835453,0.03239628622766353,0.0020247678892289685,0.0044846336281718635,0.03643793232939404,0.03889779806833693
103,7.966092778167737,0.04156369068180539,0.0025977306676128378,0.0,0.0,-0.0025977306676128378
104,7.883093972304495,0.09170838618190141,0.005731774136368839,0.08299880586324182,0.0,0.07726703172687298
105,7.895412864656011,0.05922454381403663,0.0037015339883772922,0.0,0.032483842367864786,0.028782308379487493
106,7.9201999818501925,0.06502900061844048,0.00406431253865253,0.0,0.0,-0.00406431253865253
107,7.921804331670695,0.1819709763492009,0.011373186021825065,0.0,0.0,-0.011373186021825065
108,7.921626005866745,0.12688341156369443,0.007930213222730902,0.00017832580395005238,0.05508756478550647,0.04733567736672562
109,7.930698705932759,0.08366263489460399,0.005228914680912751,0.0,0.04322077666909044,0.03799186198817769
110,7.932016087627144,0.06692081007240014,0.00418255062952501,0.0,0.01674182482220385,0.012559274192678839
111,7.925562033637857,0.06783432140383472,0.00423964508773967,0.006454053989286557,0.0,0.002214408901546887
112,7.917494727046538,0.05409644899542871,0.003381028062214294,0.008067306591319046,0.013737872408406009,0.01842415093751076
113,7.927631929998304,0.08560995803088778,0.005350622376930488,0.0,0.0,-0.005350622376930488
114,7.924150292511076,0.0966989268415813,0.006043682927598831,0.003481637487228184,0.0,-0.002562045440370647
115,7.932127959601024,0.09004614973291145,0.005627884358306962,0.0,0.0066527771086698495,0.0010248927503628876
116,7.931155233715642,0.05564974061333598,0.003478108788333498,0.0009727258853819976,0.03439640911957546,0.031891026216623965
117,7.950998119642836,0.031496909281439014,0.0019685568300899375,0.0,0.024152831331896968,0.02218427450180703
118,7.954148745450801,0.09862184287227609,0.006163865179517256,0.0,0.0,-0.006163865179517256
119,7.954382737679129,0.05858571159816097,0.003661606974885061,0.0,0.040036131274115115,0.036374524299230056
120,7.9449333278136125,0.0860243844815645,0.005376524030097779,0.009449409865516678,0.0,0.004072885835418899
121,7.948568142917261,0.18147619712811075,0.01134226232050692,0.0,0.0,-0.01134226232050692
122,7.954098542704759,0.10459081716989985,0.006536926073118736,0.0,0.0768853799582109,0.07034845388509217
123,7.997968358821963,0.05997928586951795,0.003748705366844872,0.0,0.044611531300381896,0.040862825933537024
124,8.00578408687957,0.03608930791381354,0.0022555817446133454,0.0,0.02388997795570441,0.021634396211091065
125,7.998195068336,0.16487659181473602,0.010304786988421001,0.007589018543570525,0.0,-0.0027157684448504762
126,7.999209101290891,0.1627998422683268,0.010174990141770425,0.0,0.0020767495464092123,-0.008098240595361213
127,7.989784735034341,0.13310931796560438,0.008319332372850268,0.009424366256549632,0.029690524302722426,0.03079555818642179
128,7.984417595051412,0.07724302259231297,0.004827688912019561,0.005367139982928926,0.05586629537329141,0.05640574644420077
129,7.983761174059205,0.05335142890876081,0.0033344643067975523,0.0006564209922075293,0.023891593683552162,0.02121355036896214
130,7.985052403787549,0.10255336925278341,0.006409585578298961,0.0,0.0,-0.006409585578298961
131,7.977699150636061,0.08312397222272605,0.00519524826392038,0.007353253151487493,0.01942939703005736,0.021587401917624476
132,7.982844243602329,0.07338496172263896,0.0045865601076649325,0.0,0.009739010500087089,0.005152450392422157
133,7.997291844062883,0.06603931998687354,0.004127457499179598,0.0,0.007345641735765421,0.0032181842365858228
134,8.010634057374943,0.048092303099502874,0.0030057689437189288,0.0,0.017947016887370666,0.014941247943651738
135,8.021646046990082,0.10705256256121004,0.00669078516007563,0.0,0.0,-0.00669078516007563
136,8.006272171037208,0.24994299785669097,0.01562143736604318,0.015373875952873206,0.0,-0.00024756141316997424
137,8.024237539261446,0.17639300358050147,0.011024562723781339,0.0,0.0735499942761895,0.06252543155240815
138,8.017545213772454,0.18669548444729822,0.011668467777956139,0.006692325488991457,0.0,-0.004976142288964681
139,8.034868734061458,0.12596375651200747,0.007872734782000465,0.0,0.06073172793529075,0.05285899315329028
140,8.039260720075017,0.13189094613532087,0.008243184133457555,0.0,0.0,-0.008243184133457555
141,8.03673529133841,0.13912181389099929,0.008695113368187457,0.002525428736607438,0.0,-0.006169684631580019
142,8.034006032871517,0.11652107796101466,0.007282567372563418,0.002729258466892759,0.022600735929984628,0.01804742702431397
143,8.040757654088534,0.13685067105184573,0.00855316694074036,0.0,0.0,-0.00855316694074036
144,8.046925001757714,0.07954650932823765,0.004971656833014854,0.0,0.05730416172360808,0.052332504890593226
145,8.049012644432112,0.08618793049744478,0.0053867456560903,0.0,0.0,-0.0053867456560903
146,8.047396971810858,0.07714496869178283,0.004821560543236425,0.0016156726212539496,0.009042961805661942,0.005837073883679466
147,8.039641249815304,0.050432958723524976,0.00315205992022031,0.00775572199555441,0.026712009968257858,0.03131567204359196
148,8.023437646748846,0.08468989942824307,0.005293118714265191,0.016203603066458072,0.0,0.01091048435219288
149,8.01155431827192,0.08226312301072794,0.005141445188170495,0.011883328476926636,0.002426776417515125,0.009168659706271266
150,8.024708917808866,0.08470951525571588,0.00529434470348224,0.0,0.0,-0.00529434470348224
151,8.009715185384062,0.04812247226244922,0.0030076545164030785,0.014993732424803952,0.03658704299326666,0.04857312090166753
152,8.000992643391168,0.0841414001959699,0.005258837512248119,0.008722541992893795,0.0,0.0034637044806456766
153,7.990120553625517,0.10216610576508894,0.006385381610318064,0.010872089765650905,0.0,0.004486708155332841
154,7.969768688472034,0.03187246901477833,0.0019920293134236466,0.020351865153482862,0.07029363675031061,0.08865347259036983
155,7.970709033187164,0.15615173754501926,0.009759483596563711,0.0,0.0,-0.009759483596563711
156,7.981876319994896,0.10820790926166676,0.006762994328854173,0.0,0.0479438282833525,0.04118083395449833
157,7.981381221401343,0.06874817577346534,0.004296760985841586,0.0004950985935527896,0.03945973348820142,0.035658071095912625
158,7.9612659132505765,0.15061737272633818,0.009413585795396138,0.020115308150766786,0.0,0.010701722355370648
159,7.945755196636911,0.08798926156460492,0.005499328847787809,0.01551071661366521,0.06262811116173327,0.07263949892761067
160,7.9546356957379425,0.060727352830206076,0.0037954595518878823,0.0,0.02726190873439884,0.023466449182510958
161,7.98017972985081,0.09244010957992818,0.00577750684874551,0.0,0.0,-0.00577750684874551
162,7.983314422429289,0.08284334568146959,0.005177709105091854,0.0,0.009596763898458593,0.00441905479336674
163,7.979606644122458,0.05969812795366462,0.003731132997104038,0.003707778306830889,0.023145217727804965,0.023121863037531817
164,7.978724955138667,0.039024358712377805,0.0024390224195236154,0.0008816889837905961,0.02067376924128682,0.0191164358055538
165,7.990961591376327,0.054119654334719935,0.003382478395919996,0.0,0.0,-0.003382478395919996
166,8.010574408382617,0.034082363781871024,0.0021301477363669385,0.0,0.020037290552848912,0.017907142816481973
167,8.015964413316226,0.10411158111006348,0.00650697381937897,0.0,0.0,-0.00650697381937897
168,8.01226493619116,0.06147881053975459,0.003842425658734663,0.0036994771250657976,0.04263277057030889,0.04248982203664003
169,8.019927186478979,0.04194055738937148,0.0026212848368357177,0.0,0.019538253150383107,0.01691696831354739
170,8.017640569602714,0.043329682540723044,0.0027081051587951877,0.0022866168762654127,0.0,-0.000421488282529775
171,8.024160298450733,0.02587427318958387,0.001617142074348993,0.0,0.017455409351139175,0.01583826727679018
172,8.031664777277705,0.04678092839350375,0.002923808024593985,0.0,0.0,-0.002923808024593985
173,8.007916703023414,0.029849136568488987,0.001865571035530563,0.02374807425429104,0.016931791825014763,0.038814295043775246
174,7.98078231346787,0.08203948755784807,0.005127467972365506,0.027134389555543592,0.0,0.022006921583178088
175,7.975874424395159,0.07815629558015771,0.004884768473759855,0.0049078890727107805,0.0038831919776903534,0.0039063125766412785
176,7.972076401029017,0.09481335635095842,0.005925834771934899,0.0037980233661425444,0.0,-0.002127811405792355
177,7.965353461869151,0.05505370079836541,0.003440856299897838,0.0067229391598653265,0.039759655552593004,0.043041738412560496
178,7.970175576869378,0.10017905895788032,0.006261191184867518,0.0,0.0,-0.006261191184867518
179,7.9561424760748976,0.06887415561022311,0.004304634725638949,0.014033100794480724,0.031304903347657204,0.04103336941649898
180,7.9592930464077325,0.038757426890034946,0.0024223391806271854,0.0,0.03011672872018817,0.027694389539560983
181,7.941083885332835,0.1041984665068352,0.006512404156677199,0.018209161074897118,0.0,0.01169675691821992
182,7.917342743532944,0.08377231392448918,0.005235769620280576,0.023741141799891174,0.02042615258234602,0.03893152476195662
183,7.899486907518681,0.11276831561412384,0.007048019725882739,0.017855836014263105,0.0,0.010807816288380366
184,7.910410598243335,0.17286353886503886,0.010803971179064936,0.0,0.0,-0.010803971179064936
185,7.921696250041775,0.10195985379764157,0.006372490862352597,0.0,0.07090368506739729,0.06453119420504469
186,7.908926056715208,0.04941096063110839,0.003088185039444273,0.012770193326566925,0.052548893166533175,0.062230901453655826
187,7.9135918045663445,0.10708845263094655,0.006693028289434161,0.0,0.0,-0.006693028289434161
188,7.907016174266349,0.08390377580938353,0.00524398598808647,0.006575630299995083,0.023184676821563013,0.024516321133471627
189,7.915185037823173,0.11069225430710045,0.006918265894193776,0.0,0.0,-0.006918265894193776
190,7.904803636525505,0.11785458277826669,0.007365911423641668,0.010381401297667736,0.0,0.003015489874026068
191,7.953385385213364,0.09148060208558281,0.005717537630348922,0.0,0.026373980692683874,0.020656443062334953
192,7.984535528926412,0.06043899708885274,0.0037774373180532936,0.0,0.031041604996730074,0.02726416767867678
193,7.990219418036759,0.1015045385663739,0.006344033660398366,0.0,0.0,-0.006344033660398366
194,7.973185617068624,0.07350387666986449,0.004593992291866526,0.017033800968135004,0.028000661896509405,0.04044047057277789
195,7.931576342344242,0.15804099080028125,0.00987756192501758,0.04160927472438214,0.0,0.031731712799364556
196,7.928569917974456,0.09395094108573242,0.005871933817858274,0.0030064243697855986,0.06409004971454883,0.061224540266476155
197,7.926088360715327,0.05304240640348627,0.003315150400217893,0.002481557259129019,0.040908534682246145,0.040074941541157275
198,7.927693981694408,0.03720092548039777,0.00232505784252486,0.0,0.0158414809230885,0.013516423080563639
199,7.947654408273685,0.08971817321212042,0.00560738582575753,0.0,0.0,-0.00560738582575753
200,7.956217911950993,0.03195942486821531,0.0019974640542634544,0.0,0.057758748343905104,0.05576128428964165
201,7.943183035550977,0.019469893488257624,0.0012168683430161028,0.013034876400015882,0.012489531379957688,0.024307539436957466
202,7.90319034320679,0.017034295539910267,0.0010646434712443917,0.03999269234418712,0.0024355979483473567,0.04136364682129008
203,7.907144986603871,0.06518549428667855,0.0040740933929174095,0.0,0.0,-0.0040740933929174095
204,7.916610865678204,0.08951610214258296,0.0055947563839114315,0.0,0.0,-0.0055947563839114315
205,7.906484373894239,0.05289086616350712,0.0033056791352191906,0.010126491783965186,0.03662523597907584,0.04344604862782184
206,7.8990620960490165,0.17115190581168588,0.010696994113230367,0.007422277845222425,0.0,-0.0032747162680079427
207,7.900884783104734,0.10792884652397505,0.006745552907748444,0.0,0.06322305928771083,0.05647750637996238
208,7.901990519849576,0.059804216951672894,0.0037377635594795563,0.0,0.04812462957230216,0.0443868660128226
209,7.88855028457462,0.029505481266827276,0.0018440925791767047,0.01344023527495608,0.030298735684845618,0.04189487838062499
210,7.891535641799465,0.05462941965270376,0.003414338728293983,0.0,0.0,-0.003414338728293983
211,7.886686933770819,0.11141507729018607,0.006963442330636628,0.004848708028646342,0.0,-0.0021147343019902853
212,7.882973654653027,0.061388692730657834,0.003836793295666112,0.0037132791177922897,0.050026384559528236,0.04990287038165441
213,7.855292071269714,0.08813066693569724,0.005508166683481078,0.027681583383312613,0.0,0.022173416699831534
214,7.8611789078039305,0.15195503723726372,0.009497189827328984,0.0,0.0,-0.009497189827328984
215,7.852345413450207,0.11652358101326755,0.007282723813329223,0.008833494353723381,0.03543145622399617,0.03698222676439033
216,7.84181195243897,0.08732658483441957,0.005457911552151222,0.010533461011236867,0.02919699617884798,0.034272545637933624
217,7.830831262161217,0.12343079324860576,0.007714424578037861,0.010980690277753169,0.0,0.0032662656997153082
218,7.846527034908149,0.07251521423948076,0.004532200889967547,0.0,0.050915579009124995,0.04638337811915745
219,7.8380852421677005,0.12248054372009085,0.007655033982505679,0.008441792740448761,0.0,0.0007867587579430827
220,7.8347382498987965,0.10621961583207606,0.0066387259895047575,0.0033469922689040033,0.01626092788801478,0.012969194167414027
221,7.822925180285681,0.11495715520836594,0.007184822200522874,0.011813069613115346,0.0,0.004628247412592472
222,7.819624044061207,0.11042449168620141,0.006901530730387587,0.0033011362244739217,0.004532663522164526,0.0009322690162508612
223,7.81782529151465,0.06961367992581502,0.004350854995363439,0.0017987525465574805,0.040810811760386395,0.03825870931158044
224,7.8212108701693515,0.11118976087295299,0.006949360054559562,0.0,0.0,-0.006949360054559562
225,7.8183781711010685,0.13306801328659634,0.008316750830412275,0.0028326990682829845,0.0,-0.0054840517621292904
226,7.809098527301198,0.08162784605987286,0.00510174037874205,0.009279643799870563,0.05144016722672348,0.05561807064785199
227,7.818985546530518,0.17338587575853864,0.010836617234908662,0.0,0.0,-0.010836617234908662
228,7.813743793439318,0.10071552835711181,0.006294720522319489,0.005241753091199897,0.07267034740142683,0.07161737997030725
229,7.81152389654274,0.09166691016106937,0.005729181885066836,0.0022198968965785326,0.00904861819604244,0.0055393332075541375
230,7.81855947705755,0.06875350566004673,0.0042970941037529225,0.0,0.02291340450102264,0.018616310397269714
231,7.812021236258342,0.11928616938997155,0.00745538558687322,0.0065382407992080616,0.0,-0.0009171447876651587
232,7.808036670191732,0.07182178402346526,0.004488861501466579,0.003984566066610462,0.047464385366506295,0.04696008993165018
233,7.798654601449459,0.08069778282122027,0.005043611426326263,0.009382068742272764,0.0,0.004338457315946501
234,7.784271368407711,0.046877017751073814,0.0029298136094421134,0.014383233041748156,0.033820765070146454,0.0452741845024525
235,7.791465578336636,0.025306846707851594,0.0015816779192407249,0.0,0.02157017104322222,0.019988493123981495
236,7.7961210540591015,0.02375896627383832,0.0014849353921148956,0.0,0.0015478804340132747,6.29450418983791e-05
237,7.790902927297183,0.021548041685000605,0.0013467526053125363,0.005218126761918462,0.0022109245888377142,0.006082298745443641
238,7.77313520976248,0.023099600089810775,0.0014437250056131732,0.017767717534702854,0.0,0.01632399252908968
239,7.778292855327021,0.1129335236350795,0.007058345227192464,0.0,0.0,-0.007058345227192464
240,7.78427758133656,0.08385943125664135,0.005241214453540085,0.0,0.02907409237843815,0.023832877924898067
241,7.771506151203414,0.05432758629184317,0.003395474143240198,0.012771430133145856,0.029531844964798173,0.03890780095470383
242,7.77211844636141,0.04785158250418997,0.0029907239065118715,0.0,0.006476003787653201,0.003485279881141329
243,7.778906637493327,0.10127360678833017,0.0063296004242706354,0.0,0.0,-0.0063296004242706354
244,7.7791379713313145,0.07015454810725252,0.0043846592567032844,0.0,0.031119058681077644,0.02673439942437436
245,7.745795223816039,0.08910046213080261,0.005568778883175165,0.03334274751527566,0.0,0.027773968632100497
246,7.7671008999189395,0.05696118971526303,0.00356007435720394,0.0,0.03213927241553958,0.02857919805833564
247,7.739822083354826,0.05322546297315595,0.0033265914358222497,0.02727881656411313,0.003735726742107079,0.027687951870397957
248,7.739792464297718,0.062093980301417814,0.0038808737688386143,2.961905710829882e-05,0.0,-0.0038512547117303154
249,7.742027455127255,0.043166902954676616,0.0026979314346672906,0.0,0.0189270773467412,0.01622914591207391
250,7.722110991244731,0.03815506386866483,0.0023846914917915497,0.01991646388252377,0.005011839086011785,0.022543611476744007
251,7.763591715651357,0.11454605548962837,0.007159128468101775,0.0,0.0,-0.007159128468101775
252,7.767175788803884,0.11041423188735161,0.006900889492959469,0.0,0.004131823602276763,-0.0027690658906827058
253,7.772124735736338,0.015225111383325583,0.0009515694614578488,0.0,0.09518912050402603,0.09423755104256819
254,7.747546287810043,0.06657261152477094,0.004160788220298183,0.024578447926295155,0.0,0.020417659705996974
255,7.747744471402986,0.04564783226099965,0.0028529895163124782,0.0,0.020924779263771287,0.018071789747458808
256,7.752436142982082,0.025388459777723266,0.0015867787361077035,0.0,0.020259372483276385,0.018672593747168682
257,7.760006360043114,0.05011619778020639,0.003132262361262901,0.0,0.0,-0.003132262361262901
258,7.758996889107923,0.028801812578202062,0.0018001132861376263,0.0010094709351911035,0.021314385202004325,0.0205237428510578
259,7.752694799786888,0.06349458505300126,0.003968411565812582,0.0063020893210348206,0.0,0.002333677755222238
260,7.747951918788152,0.04885645571989265,0.0030535284824932916,0.004742880998736432,0.01463812933310861,0.01632748184935175
261,7.718804377921702,0.09518277006824094,0.0059489231292650605,0.02914754086644944,0.0,0.02319861773718438
262,7.739911078160013,0.09595531502283608,0.005997207188927254,0.0,0.0,-0.005997207188927254
263,7.725738157562168,0.08920143647490253,0.005575089779681409,0.014172920597844474,0.006753878547933551,0.015351709366096616
264,7.7277462208288625,0.07189908754451678,0.004493692971532296,0.0,0.01730234893038575,0.012808655958853454
265,7.705905398706464,0.09284542278060012,0.005802838923787504,0.021840822122398684,0.0,0.016037983198611182
266,7.707761527665077,0.04695876174274932,0.0029349226089218318,0.0,0.0458866610378508,0.04295173842892897
267,7.688953090471005,0.029649945068698426,0.0018531215667936538,0.018808437194071992,0.017308816674050896,0.034264132301329235
268,7.694886152069997,0.007570569971637003,0.00047316062322731375,0.0,0.022079375097061423,0.02160621447383411
269,7.690665261982987,0.052081757860459876,0.0032551098662787414,0.004220890087009543,0.0,0.000965780220730802
270,7.6981925757908005,0.05446656035082137,0.0034041600219263347,0.0,0.0,-0.0034041600219263347
271,7.67832726301869,0.039976363210654245,0.0024985227006658877,0.019865312772110677,0.014490197140167124,0.03185698721161191
272,7.679836033803558,0.08116219749874248,0.005072637343671405,0.0,0.0,-0.005072637343671405
273,7.686308267798634,0.0469987931464167,0.002937424571651041,0.0,0.03416340435232578,0.03122597978067474
274,7.673360497439277,0.06513512459514967,0.004070945287196854,0.012947770359357236,0.0,0.008876825072160381
275,7.689269258309347,0.040127830017147856,0.002507989376071743,0.0,0.025007294578001812,0.02249930520193007
276,7.691408674561027,0.045723749492632776,0.00285773434328955,0.0,0.0,-0.00285773434328955
277,7.691968244028523,0.03333241478019222,0.002083275923762012,0.0,0.012391334712440555,0.010308058788678543
278,7.6953597212079305,0.03687487907665865,0.0023046799422911657,0.0,0.0,-0.0023046799422911657
279,7.695775488713998,0.1272862461579281,0.007955390384870512,0.0,0.0,-0.007955390384870512
280,7.687092108354551,0.06489881925155967,0.004056176203222482,0.00868338035944749,0.062387426906368434,0.06701463106259345
281,7.707570406196943,0.036626786197073255,0.0022891741373170767,0.0,0.028272033054486417,0.02598285891716934
282,7.706946179640921,0.018088633568657485,0.0011305395980410924,0.0006242265560221227,0.01853815262841577,0.0180318395863968
283,7.729901637298392,0.015901247281759345,0.0009938279551099582,0.0,0.00218738628689814,0.001193558331788182
284,7.738252804572108,0.06773676674515022,0.004233547921571892,0.0,0.0,-0.004233547921571892
285,7.726799423546862,0.13822238880120183,0.008638899300075116,0.011453381025245513,0.0,0.0028144817251703966
286,7.743108581834031,0.1603650038199051,0.01002281273874407,0.0,0.0,-0.01002281273874407
287,7.751150318985703,0.0915151840198251,0.005719699001239071,0.0,0.06884981980008,0.06313012079884092
288,7.745804198466195,0.05923091215804744,0.0037019320098779646,0.005346120519507558,0.03228427186177766,0.03392846037140725
289,7.988940353056757,0.04896136333977487,0.003060085208735931,0.0,0.010269548818272571,0.00720946360953664
290,7.988909967873527,0.07175196205273313,0.00448449762829582,3.0385183229952872e-05,0.0,-0.0044541124450658675
291,7.99531770270226,0.07483038637364564,0.004676899148352851,0.0,0.0,-0.004676899148352851
292,7.964672105038516,0.03917236206997044,0.002448272629373152,0.030645597663744084,0.0356580243036752,0.06385534933804614
293,7.936066407389056,0.04604018760826707,0.002877511725516691,0.02860569764945975,0.0,0.025728185923943058
294,7.901600168428267,0.02851056555792815,0.0017819103473705098,0.03446623896078904,0.017529622050338922,0.05021395066375745
295,7.901656095135651,0.03169741733936876,0.0019810885837105493,0.0,0.0,-0.0019810885837105493
296,7.885848445463267,0.05389825721061681,0.0033686410756635513,0.015807649672384017,0.0,0.012439008596720466
297,7.9009988104275,0.06805602052936868,0.004253501283085543,0.0,0.0,-0.004253501283085543
298,7.8989896915927735,0.06206556277121333,0.0038790976732008347,0.002009118834726209,0.005990457758155356,0.0041204789196807295
299,7.911934065784331,0.03636563952592283,0.0022728524703701783,0.0,0.025699923245290496,0.023427070774920317
300,7.890861471593851,0.011937975213365957,0.0007461234508353732,0.02107259419048013,0.024427664312556874,0.04475413505220163
301,7.890861471593851,0.028024505010947456,0.0017515315631842154,0.0,0.0,-0.0017515315631842154
302,7.898215002974786,0.01636244536598453,0.0010226528353740345,0.0,0.011662059644962926,0.010639406809588891
303,7.915022495342509,0.03972268690687576,0.002482667931679736,0.0,0.0,-0.002482667931679736
304,7.9139953286077285,0.15344024729314232,0.0095900154558214,0.001027166734780316,0.0,-0.008562848721041084
305,7.908751976278186,0.1372128322433106,0.008575802015206913,0.005243352329542539,0.016227415049831717,0.012894965364167343
306,7.8981451020300515,0.10329546274048446,0.006455966421280279,0.010606874248134446,0.033917369502826145,0.03806827732968031
307,7.899930601944169,0.06958530993247998,0.004349081870780003,0.0,0.033710152808004476,0.029361070937224475
308,7.897400738591517,0.10165204796683927,0.006353252997927454,0.0025298633526515957,0.0,-0.0038233896452758587
309,7.921375954492142,0.11081186155749076,0.006925741347343171,0.0,0.0,-0.006925741347343171
310,7.927160517523694,0.03158795820657352,0.001974247387910846,0.0,0.07922390335091724,0.0772496559630064
311,7.9360709119029025,0.03896437735230528,0.002435273584519079,0.0,0.0,-0.002435273584519079
312,7.930133711352573,0.06910018587165928,0.004318761616978705,0.0059372005503295355,0.0,0.0016184389333508305
313,7.924482576149806,0.04268052047355544,0.0026675325295972127,0.005651135202766611,0.026419665398103843,0.02940326807127324
314,7.926281535525058,0.03410686340763233,0.002131678962977021,0.0,0.008573657065923106,0.006441978102946085
315,7.914782838319946,0.031703443241239054,0.0019814652025774396,0.011498697205112762,0.0024034201663932775,0.0119206521689286
316,7.9308598073649605,0.05615746691235894,0.003509841682022434,0.0,0.0,-0.003509841682022434
317,7.944734191401167,0.031748391215382664,0.0019842744509614156,0.0,0.024409075696976278,0.022424801246014862
318,7.931778210012929,0.03802003874194393,0.0023762524213714956,0.012955981388238058,0.0,0.010579728966866563
319,7.9273619333785135,0.060211854525183725,0.003763240907823983,0.004416276634415794,0.0,0.0006530357265918116
320,7.925891560941325,0.037766670483237466,0.0023604169052023434,0.001470372437188061,0.02244518404194626,0.021555139573931976
321,7.9145980204235435,0.031081127826860157,0.0019425704891787594,0.011293540517781864,0.006685542656377309,0.016036512684980415
322,7.921422425502197,0.029388574317115532,0.0018367858948197206,0.0,0.0016925535097446244,-0.00014423238507509616
323,7.9493334100990705,0.04418814756406418,0.002761759222754012,0.0,0.0,-0.002761759222754012
324,7.947743905836942,0.024175204011054205,0.0015109502506908885,0.0015895042621281164,0.020012943553009976,0.020091497564447204
325,7.937510990746185,0.011735944772192357,0.0007334965482620232,0.010232915090757189,0.012439259238861848,0.021938677781357014
326,7.926853754366039,0.10033229402283488,0.006270768376427175,0.010657236380145818,0.0,0.004386468003718643
327,7.943597157652535,0.06109524289681344,0.0038184526810508376,0.0,0.03923705112602144,0.0354185984449706
328,7.940102312384919,0.039146870664877584,0.0024466794165548464,0.003494845267615787,0.021948372231935853,0.022996538082996794
329,7.94983429766785,0.07822331954877546,0.004888957471798467,0.0,0.0,-0.004888957471798467
330,7.942269460667395,0.05285582478302247,0.003303489048938906,0.007564837000455071,0.025367494765752986,0.029628842717269153
331,7.9535444358536775,0.03974380996362813,0.0024839881227267557,0.0,0.013112014819394342,0.010628026696667587
332,7.973301357458614,0.04132772556112802,0.002582982847570502,0.0,0.0,-0.002582982847570502
333,7.938692934888654,0.041563530285040715,0.0025977206428150455,0.034608422569959885,0.0,0.032010701927144836
334,7.944625220336107,0.09053742687790173,0.005658589179868858,0.0,0.0,-0.005658589179868858
335,7.971047944017281,0.0548646476708244,0.003429040479426524,0.0,0.03567277920707733,0.03224373872765081
336,7.9826634997719506,0.11680632146126589,0.007300395091329116,0.0,0.0,-0.007300395091329116
337,7.991956559298487,0.049795093328916296,0.0031121933330572676,0.0,0.0670112281323496,0.06389903479929233
338,7.987018026383572,0.08623707651093328,0.005389817281933331,0.004938532914914973,0.0,-0.0004512843670183581
339,7.980687097690845,0.07551887556531608,0.004719929722832255,0.006330928692726445,0.010718200945617193,0.012329199915511383
340,7.984316007857399,0.06265269124795919,0.003915793202997451,0.0,0.012866184317356893,0.008950391114359442
341,7.978090840527681,0.04398997241789882,0.002749373276118677,0.0062251673297177845,0.01866271883006037,0.022138512883659478
342,7.988373389381696,0.11618299616928864,0.007261437260580538,0.0,0.0,-0.007261437260580538
343,7.995269965186716,0.3161087952189885,0.019756799701186777,0.0,0.0,-0.019756799701186777
344,7.997754352539336,0.179369118995087,0.011210569937192943,0.0,0.13673967622390149,0.12552910628670855
345,7.996606840221255,0.21926576707062645,0.013704110441914146,0.0011475123180808566,0.0,-0.01255659812383329
346,8.013323396482612,0.14707098204720612,0.009191936377950386,0.0,0.07219478502342033,0.06300284864546994
347,8.02585621939009,0.12230052870100973,0.007643783043813107,0.0,0.02477045334619639,0.01712667030238328
348,8.028316782502873,0.07365370411568004,0.004603356507230001,0.0,0.04864682458532969,0.04404346807809969
349,8.032046254735244,0.06079799454568388,0.003799874659105239,0.0,0.012855709569996154,0.009055834910890915
350,8.029605159073146,0.039614703057905334,0.0024759189411190843,0.0024410956620979363,0.021183291487778547,0.021148468208757397
351,8.03499491003872,0.05342474341150343,0.0033390464632189645,0.0,0.0,-0.0033390464632189645
352,8.033889403415664,0.05872824554187465,0.0036705153463671607,0.001105506623055419,0.0,-0.002565008723311742
353,8.042554523397701,0.1166796996068993,0.007292481225431206,0.0,0.0,-0.007292481225431206
354,8.034393514556974,0.06739467725106457,0.0042121673281915375,0.00816100884072668,0.049285022355834734,0.053233863868369875
355,8.033254917353904,0.06814171731836836,0.0042588573323980245,0.0011385972030701907,0.0,-0.0031202601293278337
356,8.034416893575717,0.08298594030889173,0.005186621269305735,0.0,0.0,-0.005186621269305735
357,8.035191213860232,0.05188005269217889,0.003242503293261181,0.0,0.03110588761671284,0.02786338432345166
358,8.033567191003211,0.03207552110174576,0.002004720068859111,0.0016240228570207904,0.019804531590433126,0.019423834378594806
359,8.024027745094953,0.03964414878784187,0.0024777592992401166,0.00953944590825806,0.0,0.007061686609017943
360,8.016649369801186,0.05420503072129383,0.003387814420080865,0.007378375293766837,0.0,0.003990560873685971
361,8.0146751498657,0.041959066633897715,0.002622441664618606,0.0019742199354855217,0.012245964087396116,0.011597742358263032
362,8.018339939291396,0.03608489643364027,0.002255306027102516,0.0,0.0058741702002574475,0.0036188641731549316
363,8.020832841099944,0.018924955275996906,0.0011828097047498099,0.0,0.01715994115764336,0.01597713145289355
364,8.011753882424514,0.02147054163066375,0.0013419088519164854,0.009078958675429405,0.0,0.0077370498235129195
365,8.00932760634147,0.013596235306830174,0.0008497647066768859,0.002426276083044243,0.007874306323833576,0.009450817700200932
366,8.011763155034476,0.018950397220180652,0.0011843998262612912,0.0,0.0,-0.0011843998262612912
367,8.006027839030072,0.04346214381249959,0.0027163839882812244,0.005735316004404467,0.0,0.0030189320161232427
368,7.996436287029793,0.025621789895825146,0.0016013618684890716,0.009591552000278725,0.017840353916674444,0.025830544048464098
369,7.996771042922765,0.03343785558008231,0.0020898659737551427,0.0,0.0,-0.0020898659737551427
370,7.984516813397164,0.09199639058175801,0.005749774411359876,0.012254229525600735,0.0,0.006504455114240859
371,7.98223205676819,0.052802671445137755,0.003300166965321109,0.002284756628974094,0.03919371913662026,0.038178308800273245
372,7.984250225302246,0.03612048128110554,0.002257530080069096,0.0,0.016682190164032218,0.014424660083963122
373,7.982954048998316,0.04696180701715291,0.002935112938572056,0.0012961763039296414,0.0,-0.0016389366346424147
374,7.990127283703256,0.06336200718000355,0.003960125448750223,0.0,0.0,-0.003960125448750223
375,7.97300508227264,0.035746657685526664,0.002234166105345417,0.017122201430615824,0.027615349494476887,0.042503384819747296
376,7.96003733599423,0.026211672804410738,0.0016382295502756715,0.012967746278410353,0.009534984881115927,0.02086450160925061
377,7.9529443126459345,0.01924178627771202,0.0012026116423570015,0.007093023348295091,0.006969886526698717,0.012860298232636807
378,7.991675715055131,0.013439174160098152,0.0008399483850061348,0.0,0.005802612117613869,0.004962663732607734
379,7.988060404763842,0.03646911463086215,0.0022793196644288844,0.0036153102912894752,0.0,0.0013359906268605908
380,7.985315309237986,0.08196530996991488,0.005122831873119682,0.0027450955258556675,0.0,-0.0023777363472640145
381,7.984458021949918,0.056423634754681366,0.0035264771721675867,0.0008572872880678872,0.02554167521523352,0.02287248533113382
382,7.976928771153243,0.047185589392587095,0.002949099337036693,0.007529250796675768,0.009238045362094272,0.013818196821733346
383,7.97773453249972,0.07389930997992367,0.00461870687374523,0.0,0.0,-0.00461870687374523
384,7.967522313873137,0.13789329547255097,0.008618330967034432,0.010212218626582725,0.0,0.0015938876595482931
385,7.983839835895651,0.22482220324878383,0.014051387703048989,0.0,0.0,-0.014051387703048989
386,7.982738062188265,0.13360686393329754,0.008350428995831091,0.0011017737073863998,0.09121533931548628,0.08396668402704159
387,7.9866673233799785,0.09664075731080482,0.006040047331925301,0.0,0.03696610662249272,0.030926059290567423
388,7.980595061031458,0.06371043944341034,0.003981902465213144,0.006072262348520319,0.032930317867394476,0.035020677750701654
389,7.963181920447658,0.16734096794305622,0.01045881049644101,0.017413140583800057,0.0,0.006954330087359047
390,7.946228610019483,0.10532700209438392,0.006582937630898992,0.016953310428174717,0.0620139658486723,0.07238433864594802
391,7.937080760899442,0.04383452091556393,0.002739657557222747,0.009147849120041407,0.06149248117881999,0.06790067274163865
392,7.938845889675025,0.02500166073597988,0.0015626037959987418,0.0,0.018832860179584052,0.01727025638358531
393,7.94827839449898,0.02105911477480817,0.0013161946734255104,0.0,0.00394254596117171,0.0026263512877462
394,7.95146214725566,0.06117632931069282,0.0038235205819183026,0.0,0.0,-0.0038235205819183026
395,7.966545446094314,0.08926211891537954,0.00557888243221122,0.0,0.0,-0.00557888243221122
396,7.967330117606262,0.05094099673406322,0.003183812295878951,0.0,0.038321122181316315,0.03513730988543737
397,7.986620092662496,0.028548878491979693,0.0017843049057487304,0.0,0.02239211824208353,0.0206078133363348
398,7.988735805386909,0.04802602094013707,0.0030016263087585668,0.0,0.0,-0.0030016263087585668
399,7.98609318043089,0.05826121538626676,0.0036413259616416725,0.0026426249560191906,0.0,-0.000998701005622482
400,7.988059582548419,0.08401512595340818,0.005250945372088013,0.0,0.0,-0.005250945372088013
401,7.987706753069734,0.04820349509455757,0.003012718443409847,0.00035282947868520154,0.03581163085885061,0.033151741894125966
402,7.972925221413401,0.08084386570751335,0.0050527416067195855,0.014781531656332447,0.0,0.009728790049612862
403,7.995883902517678,0.04828995440641782,0.0030181221504011137,0.0,0.032553911301095535,0.029535789150694422
404,8.008839694855386,0.07013645733635002,0.004383528583521876,0.0,0.0,-0.004383528583521876
405,8.013805932139409,0.08426569392542262,0.005266605870338914,0.0,0.0,-0.005266605870338914
406,8.009058598507405,0.049926699466266114,0.003120418716641632,0.004747333632003858,0.0343389944591565,0.035965909374518726
407,8.015194008769704,0.15032516400169382,0.009395322750105867,0.0,0.0,-0.009395322750105867
408,8.013207666194827,0.163389602613977,0.010211850163373566,0.0019863425748773977,0.0,-0.008225507588496168
409,8.04640136237837,0.14085829229673286,0.008803643268545809,0.0,0.022531310317244146,0.013727667048698338
410,8.052845477201862,0.12828098496945262,0.00801756156059079,0.0,0.01257730732728024,0.00455974576668945
411,8.03958056917784,0.0722352168953941,0.00451470105596213,0.013264908024021693,0.05604576807405852,0.06479597504211808
412,8.041008413883086,0.05051337116678723,0.003157085697924203,0.0,0.021721845728606866,0.018564760030682664
413,8.039851608388126,0.038700391680237964,0.0024187744800148706,0.0011568054949595563,0.011812979486549267,0.010551010501493954
414,8.048786650827758,0.0688235157710706,0.004301469735691911,0.0,0.0,-0.004301469735691911
415,8.049599244201987,0.05703466431291822,0.0035646665195573886,0.0,0.01178885145815238,0.008224184938594992
416,8.044187076967141,0.08162416831345473,0.005101510519590922,0.005412167234846166,0.0,0.0003106567152552442
417,8.044479702270552,0.04175272371714016,0.002609545232321259,0.0,0.03987144459631457,0.037261899363993316
418,8.042318943812056,0.02942427700842357,0.001839017313026473,0.0021607584584959483,0.012328446708716589,0.012650187854186064
419,8.044958434937108,0.007329618552270016,0.0004581011595168762,0.0,0.022094658456153556,0.021636557296636678
420,8.04083662694428,0.004030913828750402,0.00025193211429690046,0.004121807992827797,0.0032987047235196135,0.00716858060205051
421,8.0506098356919,0.14758025994795054,0.009223766246746905,0.0,0.0,-0.009223766246746905
422,8.041334223118932,0.10915418321221498,0.006822136450763437,0.009275612572967162,0.03842607673573556,0.04087955285793928
423,8.045285060552004,0.06887842066396035,0.004304901291497524,0.0,0.04027576254825463,0.03597086125675711
424,8.041547570986172,0.030946361782466444,0.001934147611404153,0.003737489565832419,0.03793205888149391,0.039735400835922176
425,8.020175156238817,0.09284753951366323,0.005802971219603949,0.021372414747354185,0.0,0.015569443527750235
426,8.024483280113092,0.096994116089131,0.0060621322555706875,0.0,0.0,-0.0060621322555706875
427,8.032046354039212,0.05815918139619434,0.003634948837262147,0.0,0.03883493469293666,0.035199985855674513
428,8.01082968101893,0.09994386549840584,0.0062464915936503666,0.021216673020282073,0.0,0.014970181426631706
429,8.01685913825969,0.10422621411172059,0.006514138381982537,0.0,0.0,-0.006514138381982537
430,8.009464021338072,0.06542352716778588,0.004088970447986617,0.0073951169216179835,0.03880268694393471,0.04210883341756608
431,8.012543053803821,0.14380594543720793,0.008987871589825492,0.0,0.0,-0.008987871589825492
432,8.01355164765193,0.08022817447810468,0.005014260904881545,0.0,0.06357777095910325,0.0585635100542217
433,8.031098760967303,0.04693547691277797,0.002933467307048623,0.0,0.03329269756532671,0.030359230258278087
434,8.048484069031023,0.024594769577743442,0.001537173098608965,0.0,0.022340707335034526,0.02080353423642556
435,8.045790080481062,0.07583565734083213,0.004739728583802009,0.002693988549960835,0.0,-0.0020457400338411737
436,8.049000736603025,0.0653927811089874,0.0040870488193117125,0.0,0.010442876231844728,0.006355827412533015
437,8.054731405809274,0.04206365274946427,0.0026289782968415163,0.0,0.02332912835952313,0.020700150062681614
438,8.060471713137453,0.0614164860230203,0.0038385303764387688,0.0,0.0,-0.0038385303764387688
439,8.050176978644126,0.05382070087778122,0.0033637938048613264,0.01029473449332663,0.0075957851452390784,0.01452672583370438
440,8.04801948501216,0.051846366783244675,0.003240397923952792,0.0021574936319659344,0.0019743340945365465,0.0008914298025496886
441,8.040899301757111,0.038672955973540576,0.002417059748346287,0.007120183255048929,0.013173410809704099,0.01787653431640674
442,8.03969681382396,0.07818494769202741,0.0048865592307517115,0.0012024879331509197,0.0,-0.003684071297600792
443,8.05233400609496,0.05399653119791079,0.0033747831998694237,0.0,0.02418841649411662,0.020813633294247198
444,8.078311951955904,0.029920653934309684,0.0018700408708943565,0.0,0.02407587726360111,0.022205836392706752
445,8.068562016101003,0.05992128126907567,0.0037450800793172273,0.009749935854900471,0.0,0.006004855775583243
446,8.073072083729285,0.0819955114807342,0.005124719467545889,0.0,0.0,-0.005124719467545889
447,8.086520546290451,0.06756538881981677,0.004222836801238549,0.0,0.014430122660917422,0.010207285859678873
448,8.066268642459793,0.09285982190184804,0.005803738868865502,0.020251903830658335,0.0,0.014448164961792832
449,8.073188284586731,0.062333029982452194,0.0038958143739032643,0.0,0.030526791919395842,0.02663097754549258
450,8.075878094093934,0.06110791609438163,0.0038192447558988525,0.0,0.0012251138880705614,-0.002594130867828291
451,8.082952991151085,0.052563352227674415,0.0032852095142296496,0.0,0.008544563866707218,0.005259354352477569
452,8.09268027067385,0.07698621931229599,0.004811638707018501,0.0,0.0,-0.004811638707018501
453,8.09051359238785,0.07535539843106284,0.004709712401941424,0.002166678285998813,0.001630820881233147,-0.0009122132347094639
454,8.093773672058372,0.045927031909567984,0.002870439494347998,0.0,0.02942836652149486,0.02655792702714686
455,8.091152045045494,0.06294304694443882,0.00393394043402743,0.0026216270128784913,0.0,-0.0013123134211489385
456,8.106996520779134,0.049715096515730355,0.0031071935322331463,0.0,0.013227950428708467,0.010120756896475321
457,8.092383209125174,0.029865522220798173,0.0018665951387998858,0.014613311653960182,0.01984957429493218,0.03259629081009248
458,8.08735750718811,0.03828992226573034,0.002393120141608146,0.005025701937064753,0.0,0.0026325817954566066
459,8.087151221119344,0.0746845261244593,0.0046677828827787066,0.00020628606876549327,0.0,-0.004461496814013213
460,8.083407419004095,0.04107889698140568,0.0025674310613378534,0.00374380211524894,0.03360562914305362,0.03478200019696471
461,8.194752201722235,0.0257096793515756,0.0016068549594734764,0.0,0.015369217629830081,0.013762362670356606
462,8.197586465135013,0.04418527280502765,0.002761579550314232,0.0,0.0,-0.002761579550314232
463,8.224661683234965,0.0962166941948342,0.006013543387177141,0.0,0.0,-0.006013543387177141
464,8.225853753198264,0.06590227766613399,0.004118892354133376,0.0,0.030314416528700205,0.02619552417456683
465,8.22485550972642,0.024966169040613443,0.0015603855650383406,0.0009982434718427413,0.04093610862552055,0.04037396653232495
466,8.217965450931935,0.014879075794043555,0.0009299422371277224,0.006890058794486009,0.010087093246569888,0.016047209803928174
467,8.210098194634472,0.030630367526401858,0.0019143979704001179,0.007867256297462433,0.0,0.005952858327062315
468,8.213185269620809,0.1646756476694996,0.010292227979343725,0.0,0.0,-0.010292227979343725
469,8.212121199380784,0.18198602874967418,0.011374126796854636,0.0010640702400248614,0.0,-0.010310056556829775
470,8.204465278718477,0.1385203111234034,0.008657519445212713,0.007655920662307025,0.04346571762627077,0.04246411884336508
471,8.19845519205554,0.08606026917992834,0.005378766823745522,0.0060100866629362315,0.05246004194347506,0.05309136178266577
472,8.193317194224967,0.0998447621417887,0.006240297633861792,0.0051379978305732266,0.0,-0.0011022998032885652
473,8.207715347542747,0.07717087443500711,0.004823179652187945,0.0,0.02267388770678158,0.017850708054593635
474,8.20142736623302,0.05936270982308656,0.0037101693639429133,0.006287981309727186,0.017808164611920557,0.02038597655770483
475,8.204522759914953,0.04899075641706872,0.003061922276066797,0.0,0.010371953406017834,0.007310031129951037
476,8.198271467611377,0.026124198766047407,0.0016327624228779625,0.006251292303575795,0.022866557651021316,0.02748508753171915
477,8.21543760403015,0.022663983310899305,0.0014164989569312072,0.0,0.0034602154551481024,0.002043716498216895
478,8.212554358774096,0.016953327377041534,0.0010595829610650959,0.002883245256054323,0.005710655933857771,0.0075343182288469986
479,8.216699851941753,0.010260851708399566,0.0006413032317749724,0.0,0.006692475668641968,0.006051172436866995
480,8.212912055225202,0.006769300578607282,0.0004230812861629554,0.0037877967165513837,0.0034915511297922844,0.006856266560180712
481,8.203995254743862,0.014589824038496034,0.0009118640024060036,0.008916800481339138,0.0,0.008004936478933133
482,8.204201375802405,0.023778805990297972,0.0014861753743936237,0.0,0.0,-0.0014861753743936237
483,8.20838860686002,0.013299903787726431,0.0008312439867329017,0.0,0.010478902202571541,0.009647658215838639
484,8.206718168836503,0.010764582191761136,0.0006727863869850712,0.0016704380235168514,0.0025353215959652946,0.0035329732324970746
485,8.201526445323612,0.037557748863331464,0.0023473593039582174,0.005191723512890434,0.0,0.0028443642089322164
486,8.207328618957682,0.1477164070028858,0.009232275437680359,0.0,0.0,-0.009232275437680359
487,8.220563508344515,0.09200010446066445,0.00575000652879153,0.0,0.055716302542221346,0.04996629601342982
488,8.219571824896214,0.05247339247627179,0.003279587029766989,0.0009916834483014725,0.039526711984392664,0.03723880840292715
489,8.219571824896214,0.022860163819715527,0.0014287602387322211,0.0,0.02961322865655626,0.028184468417824037
490,8.226820012071995,0.01897619682972207,0.0011860123018576283,0.0,0.003883966989993458,0.0026979546881358294
491,8.225625288702886,0.021697961061982282,0.0013561225663738922,0.0011947233691085302,0.0,-0.00016139919726536204
492,8.223600987828643,0.010983489049988967,0.0006864680656243105,0.0020243008742433233,0.010714472011993315,0.012052304820612328
493,8.21733916625171,0.013816851389498777,0.0008635532118436726,0.006261821576933002,0.0,0.00539826836508933
494,8.222511402514264,0.015725330752273437,0.00098283317201709,0.0,0.0,-0.00098283317201709
495,8.220652259082685,0.026198485512333638,0.0016374053445208515,0.0018591434315791133,0.0,0.00022173808705826183
496,8.227090483719929,0.02230231019090493,0.001393894386931558,0.0,0.0038961753214287083,0.00250228093449715
497,8.22808216716823,0.03715663601284034,0.002322289750802521,0.0,0.0,-0.002322289750802521
498,8.227509757116124,0.036960611512886994,0.0023100382195554376,0.0005724100521060649,0.0001960244999533456,-0.001541603667496027
499,8.24090639447316,0.021732410895197812,0.0013582756809498637,0.0,0.015228200617689182,0.013869924936739319
500,8.249152825120785,0.012648697539357913,0.000790543596209869,0.0,0.0090837133558399,0.00829316975963003
501,8.233186742663595,0.20559490690779586,0.012849681681737234,0.01596608245719011,0.0,0.0031164007754528773
502,8.232098780162833,0.12420142532632769,0.007762589082895481,0.0010879625007618188,0.08139348158146817,0.0747188549993345
503,8.236953875118441,0.06505225812071011,0.004065766132544383,0.0,0.05914916720561758,0.0550834010730732
504,8.237693137786149,0.10354596849898359,0.006471623031186476,0.0,0.0,-0.006471623031186476
505,8.229424951322137,0.11938799068561871,0.007461749417851169,0.008268186464011507,0.0,0.0008064370461603378
506,8.231545099335218,0.0778362627084909,0.004864766419280681,0.0,0.04155172797712782,0.03668696155784714
507,8.23113161037075,0.04977839164751111,0.0031111494779694437,0.0004134889644671347,0.028057871060979782,0.025360210547477474
508,8.209166008741377,0.055423054469505746,0.0034639409043441096,0.021965601629373666,0.0,0.018501660725029557
509,8.220696597304162,0.05283338176874297,0.0033020863605464365,0.0,0.0025896727007627754,-0.0007124136597836611
510,8.222442898216178,0.035641393636870675,0.0022275871023044193,0.0,0.017191988131872296,0.014964401029567876
511,8.224409300333708,0.02115208900839447,0.0013220055630246536,0.0,0.014489304628476203,0.013167299065451549
512,8.220631353473477,0.03581321975299024,0.002238326234561891,0.0037779468602305855,0.0,0.0015396206256686946
513,8.212761320835767,0.02081597426602555,0.0013009983916265969,0.007870032637709912,0.01499724548696469,0.021566279733048005
514,8.226963645265444,0.08659981930068408,0.005412488706292757,0.0,0.0,-0.005412488706292757
515,8.222644691221998,0.04566418958439195,0.0028540118490244983,0.00431895404344651,0.04093562971629213,0.04240057191071414
516,8.23005545045415,0.09227801343023,0.0057673758393893765,0.0,0.0,-0.0057673758393893765
517,8.238056871806187,0.05432304219553507,0.0033951901372209423,0.0,0.03795497123469493,0.034559781097473985
518,8.236387254552085,0.036023533817125065,0.002251470863570316,0.0016696172541017518,0.018299508378410004,0.017717654768941438
519,8.238567865107985,0.04695496355763649,0.0029346852223522796,0.0,0.0,-0.0029346852223522796
520,8.27792224158624,0.026901530286688888,0.0016813456429180555,0.0,0.0200534332709476,0.018372087628029544
521,8.2708948280026,0.0503772620476341,0.003148578877977132,0.00702741358363923,0.0,0.0038788347056620985
522,8.260924566289845,0.06269093855449834,0.003918183659656148,0.009970261712755502,0.0,0.006052078053099354
523,8.260810581166982,0.0403723330501401,0.002523270815633756,0.00011398512286220353,0.02231860550435824,0.01990931981158669
524,8.253507964636057,0.022828553870450123,0.0014267846169031336,0.007302616530925121,0.017543779179689974,0.02341961109371196
525,8.237899222031999,0.01652079414631353,0.0010325496341445956,0.015608742604058534,0.006307759724136594,0.020883952694050533
526,8.234519719757138,0.026809330010616958,0.001675583125663559,0.003379502274860613,0.0,0.001703919149197054
527,8.239292202227286,0.017141814230027065,0.0010713633893766916,0.0,0.009667515780589893,0.008596152391213202
528,8.242273445333794,0.011014157691950105,0.0006883848557468815,0.0,0.00612765653807696,0.005439271682330079
529,8.241546282900579,0.007712853635807894,0.0004820533522379934,0.0007271624332148008,0.0033013040561422112,0.0035464131371190184
530,8.237941006347032,0.004516886738220271,0.000282305421138767,0.003605276553546588,0.003195966897587623,0.006518938029995444
531,8.222018465305819,0.0025222335861088893,0.0001576395991318057,0.01592254104121338,0.0019946531521113815,0.017759554594192956
532,8.2274865897116,0.006857294127514003,0.00042858088296962495,0.0,0.0,-0.00042858088296962495
533,8.229049555691052,0.0037959836219068977,0.0002372489763691812,0.0,0.003061310505607105,0.002824061529237924
534,8.226168940363197,0.002137228441351627,0.00013357677758447673,0.0028806153278555513,0.0016587551805552709,0.0044057937308263455
535,8.218383856253645,0.0025464394003381755,0.00015915246252113605,0.007785084109551477,0.0,0.007625931647030341
536,8.2161191716349,0.0015888473645793216,9.930296028620746e-05,0.00226468461874596,0.0009575920357588539,0.0031229736942186065
537,8.246088679724428,0.2278142010207807,0.014238387563798801,0.0,0.0,-0.014238387563798801
538,8.231705446682682,0.13499402387895285,0.008437126492434551,0.01438323304174638,0.09282017714182786,0.09876628369113968
539,8.234833825022022,0.05525256724714433,0.003453285452946521,0.0,0.07974145663180851,0.076288171178862
540,8.235774169737153,0.03367173182778349,0.0021044832392364717,0.0,0.021580835419360837,0.019476352180124366
541,8.235358229871244,0.029192877595474377,0.0018245548497171507,0.00041593986590982013,0.004478854232309114,0.003070239248501783
542,8.24554253129427,0.021377009852844426,0.0013360631158027786,0.0,0.007815867742629951,0.006479804626827172
543,8.22872420922793,0.008159244015792936,0.0005099527509870576,0.01681832206633871,0.01321776583705149,0.02952613515240314
544,8.22054298894994,0.005467871694477416,0.00034174198090483816,0.008181220277990064,0.0026913723213155202,0.010530850618400747
545,8.229299956868704,0.00493020434197095,0.00030813777137318423,0.0,0.0005376673525064653,0.0002295295811332811
546,8.245718938889777,0.06530376365843736,0.004081485228652336,0.0,0.0,-0.004081485228652336
547,8.244016516790804,0.0385044863869374,0.002406530399183587,0.0017024220989725336,0.026799277271499958,0.026095168971288905
548,8.242443568022802,0.027270839922376777,0.0017044274951485486,0.0015729487680022913,0.011233646464560626,0.011102167737414369
549,8.240829953060208,0.015419601979472876,0.0009637251237170544,0.0016136149625936014,0.011851237942903901,0.012501127781780448
550,8.262867141593723,0.011993258077267371,0.0007495786298292107,0.0,0.003426343902205505,0.002676765272376294
551,8.266617601188596,0.006046549528657356,0.0003779093455410846,0.0,0.005946708548610015,0.005568799203068931
552,8.267399531752757,0.003581128569379516,0.00022382053558621997,0.0,0.0024654209592778397,0.00224160042369162
553,8.258528512398907,0.003981061409281604,0.00024881633808010006,0.008871019353849263,0.0,0.008622203015769164
554,8.271194015357477,0.002769895246197586,0.0001731184528873492,0.0,0.0012111661630840186,0.0010380477101966693
555,8.279053102415284,0.0028144566722377827,0.00017590354201486164,0.0,0.0,-0.00017590354201486164
556,8.271780817534886,0.019390671902887187,0.001211916993930449,0.007272284880398772,0.0,0.006060367886468323
557,8.267214464837792,0.011460091748816834,0.0007162557343010523,0.004566352697093379,0.007930580154070353,0.011780677116862679
558,8.273412097061005,0.0064693461872128,0.00040433413670080043,0.0,0.004990745561604034,0.0045864114249032336
559,8.263240469403147,0.2064781056519872,0.0129048816032492,0.01017162765785784,0.0,-0.0027332539453913604
560,8.252501511428296,0.12232219555897023,0.007645137222435644,0.01073895797485136,0.08415591009301698,0.0872497308454327
561,8.249732998922536,0.10577893849331291,0.00661118365583206,0.0027685125057601567,0.01654325706565732,0.012700585915585415
562,8.226562669206569,0.08911594733534191,0.005569746708458867,0.023170329715966886,0.016662991157971,0.03426357416547902
563,8.21266162164039,0.0495934664849939,0.0030995916553121193,0.013901047566179159,0.039522480850348006,0.05032393676121505
564,8.213536704722124,0.030050005507498145,0.0018781253442186339,0.0,0.019543460977495757,0.017665335633277122
565,8.2022172632992,0.06247204311451827,0.003904502694657392,0.011319441422923404,0.0,0.007414938728266012
566,8.190861492324009,0.04415884650239979,0.0027599279063999886,0.011355770975191248,0.018313196612118478,0.026909039680909737
567,8.201902337908319,0.027556863505351324,0.0017223039690844573,0.0,0.016601982997048466,0.01487967902796401
568,8.193198163510132,0.017509419386205812,0.0010943387116378637,0.008704174398186382,0.010047444119145512,0.01765727980569403
569,8.179237221389542,0.011950112320126674,0.0007468820200079169,0.013960942120590403,0.005559307066079138,0.018773367166661625
570,8.185039828791314,0.013271445940735479,0.0008294653712959678,0.0,0.0,-0.0008294653712959678
571,8.184935778469068,0.008217579757100758,0.0005135987348187975,0.00010405032224625188,0.005053866183634721,0.004644317771062175
572,8.171828878023716,0.005341925409319619,0.0003338703380824762,0.013106900445352565,0.002875654347781139,0.01564868445505123
573,8.181571845140393,0.0026559690865196545,0.00016599806790747862,0.0,0.0026859563227999645,0.0025199582548924857
574,8.165895750521099,0.0015130288835403308,9.456430522127054e-05,0.015676094619294645,0.0011429402029793237,0.016724470517052697
575,8.146888954533033,0.0007694480008458016,4.8090500052862604e-05,0.01900679598806576,0.0007435808826945292,0.019702286370707426
576,8.147641857086692,0.05182564251378416,0.0032391026571115117,0.0,0.0,-0.0032391026571115117
577,8.158483033605457,0.032719557573370604,0.0020449723483356615,0.0,0.019106084940413555,0.017061112592077893
578,8.16337927202818,0.01761978973666843,0.001101236858541776,0.0,0.015099767836702173,0.013998530978160397
579,8.15717366149348,0.016063537394217578,0.001003971087138599,0.0062056105346997015,0.0015562523424508534,0.006757891790011955
580,8.152076775203486,0.009058330357284535,0.0005661456473302841,0.0050968862899942735,0.007005207036933043,0.011535947679597033
581,8.167100357370927,0.003671836317135255,0.00022948976982095317,0.0,0.00538649404014928,0.005157004270328327
582,8.16170032560996,0.002566673079804993,0.00016041706748781193,0.005400031760967039,0.001105163237330262,0.00634477793080949
583,8.13885886027906,0.004585890813176556,0.00028661817582353465,0.02284146533090059,0.0,0.022554847155077055
584,8.116533691916619,0.03992581443199608,0.002495363401999754,0.022325168362440806,0.0,0.019829804960441053
585,8.134720754112564,0.050017172819615395,0.0031260733012259626,0.0,0.0,-0.0031260733012259626
586,8.147744218598705,0.028973704956704628,0.0018108565597940397,0.0,0.021043467862910767,0.019232611303116726
587,8.1377706408263,0.01963564975891173,0.0012272281099319825,0.009973577772404596,0.009338055197792898,0.01808440486026551
588,8.140269621380474,0.031088919966976537,0.0019430574979360353,0.0,0.0,-0.0019430574979360353
589,8.127856590982137,0.228090601295855,0.014255662580990931,0.012413030398336744,0.0,-0.0018426321826541872
590,8.136330553389431,0.13480244622022347,0.008425152888763967,0.0,0.09328815507563154,0.08486300218686757
591,8.121005800914405,0.08227898241194519,0.005142436400746575,0.01532475247502596,0.052523463808278284,0.06270577988255767
592,8.098879293023334,0.3710462118342994,0.023190388239643714,0.022126507891071512,0.0,-0.001063880348572202
593,8.101751778999635,0.22886368182371147,0.014303980113981964,0.0,0.14218253001058795,0.127878549896606
594,7.968136238681151,0.13724712462440936,0.008577945289025581,0.133615540318484,0.09161655719930212,0.21665415222876053
595,7.971279732196265,0.00808861766388196,0.0005055386039926207,0.0,0.12915850696052739,0.12865296835653475
596,7.978277224162467,0.030652970181467835,0.00191581063634174,0.0,0.0,-0.00191581063634174
597,7.980117902478477,0.038519648427372065,0.0024074780267107528,0.0,0.0,-0.0024074780267107528
598,7.978648031605089,0.08667134288489825,0.005416958930306143,0.0014698708733877908,0.0,-0.0039470880569183525
599,7.969591059968708,0.05073439139441291,0.0031708994621508077,0.009056971636381306,0.03593695149048534,0.04182302366471584
