with_cache_ops,no_cache_ops,with_cache_steps,no_cache_steps
132,4228,6,6
132,4228,6,6
132,4228,6,6
132,4228,6,6
132,4228,6,6
132,4228,6,6
132,4228,6,6
132,4228,6,6
132,4228,6,6
132,4228,6,6
132,4228,6,6
132,4228,6,6
132,4228,6,6
132,4228,6,6
132,4228,6,6
132,4228,6,6
132,4228,6,6
132,4228,6,6
132,4228,6,6
132,4228,6,6
132,4228,6,6
132,4228,6,6
132,4228,6,6
132,4228,6,6
132,4228,6,6
132,4228,6,6
132,4228,6,6
132,4228,6,6
132,4228,6,6
132,4228,6,6
132,4228,6,6
132,4228,6,6
132,4228,6,6
132,4228,6,6
132,4228,6,6
132,4228,6,6
132,4228,6,6
132,4228,6,6
132,4228,6,6
132,4228,6,6
132,4228,6,6
132,4228,6,6
132,4228,6,6
132,4228,6,6
132,4228,6,6
132,4228,6,6
132,4228,6,6
132,4228,6,6
132,4228,6,6
132,4228,6,6
132,4228,6,6
132,4228,6,6
132,4228,6,6
132,4228,6,6
132,4228,6,6
132,4228,6,6
132,4228,6,6
132,4228,6,6
132,4228,6,6
132,4228,6,6
132,4228,6,6
132,4228,6,6
132,4228,6,6
132,4228,6,6
132,4228,6,6
132,4228,6,6
132,4228,6,6
132,4228,6,6
132,4228,6,6
132,4228,6,6
132,4228,6,6
132,4228,6,6
132,4228,6,6
132,4228,6,6
132,4228,6,6
132,4228,6,6
132,4228,6,6
132,4228,6,6
132,4228,6,6
132,4228,6,6
132,4228,6,6
132,4228,6,6
132,4228,6,6
132,4228,6,6
132,4228,6,6
132,4228,6,6
132,4228,6,6
132,4228,6,6
132,4228,6,6
132,4228,6,6
132,4228,6,6
132,4228,6,6
132,4228,6,6
132,4228,6,6
132,4228,6,6
132,4228,6,6
132,4228,6,6
132,4228,6,6
132,4228,6,6
132,4228,6,6
