id,rails,url,domain,title_guess,seed,status,last_action,metrics
4,QD,https://thequantuminsider.com/2025/09/17/infleqtion-unveils-new-architecture-to-accelerate-its-quantum-computing-roadmap-to-achieve-1000-logical-qubits-by-2030/,thequantuminsider.com,,1984616653,verified,PROMOTED,"{'OPE_P8_D': 7, 'OPE_debt': 0.0442895259795177, 'FCE_Dvotes': 45, 'FCE_debt': 0.045618852640142, 'mirror_primary': 0, 'mirror_mirror': 0, 'mirror_debt': 0.0442895259795177}"
9,QD,https://phys.org/news/2025-09-nanoscale-optical-device-enables-independent.html,phys.org,,1406092690,verified,PROMOTED,"{'OPE_P8_D': 6, 'OPE_debt': 0.0337434853831973, 'FCE_Dvotes': 39, 'FCE_debt': 0.0333421044868254, 'mirror_primary': 0, 'mirror_mirror': 0, 'mirror_debt': 0.0337434853831973}"
12,QD,https://www.popularmechanics.com/science/a66391744/first-law-thermodynamics-rewritten-physics/,www.popularmechanics.com,,158591883,verified,PROMOTED,"{'OPE_P8_D': 5, 'OPE_debt': 0.0320874081305987, 'FCE_Dvotes': 38, 'FCE_debt': 0.0317504900071003, 'mirror_primary': 0, 'mirror_mirror': 0, 'mirror_debt': 0.0320874081305987}"
15,QD,https://www.nature.com/articles/s41586-025-09528-4,www.nature.com,,330029199,verified,PROMOTED,"{'OPE_P8_D': 7, 'OPE_debt': 0.0422427523435191, 'FCE_Dvotes': 40, 'FCE_debt': 0.040626541624539, 'mirror_primary': 0, 'mirror_mirror': 0, 'mirror_debt': 0.0422427523435191}"
20,QD,https://www.nature.com/articles/s42254-025-00869-7,www.nature.com,,450325026,verified,PROMOTED,"{'OPE_P8_D': 8, 'OPE_debt': 0.0309580987932215, 'FCE_Dvotes': 41, 'FCE_debt': 0.0368588327061263, 'mirror_primary': 0, 'mirror_mirror': 0, 'mirror_debt': 0.0309580987932215}"
21,QD,https://writings.stephenwolfram.com/2025/09/the-ruliology-of-lambdas/,writings.stephenwolfram.com,,108253868,verified,PROMOTED,"{'OPE_P8_D': 6, 'OPE_debt': 0.0305824275834794, 'FCE_Dvotes': 41, 'FCE_debt': 0.0324512763099217, 'mirror_primary': 0, 'mirror_mirror': 0, 'mirror_debt': 0.0305824275834794}"
25,QD,https://phys.org/news/2025-09-synthetic-magnetic-fields-chip-faster.html,phys.org,,2140372406,verified,PROMOTED,"{'OPE_P8_D': 6, 'OPE_debt': 0.0396710860061313, 'FCE_Dvotes': 42, 'FCE_debt': 0.0426603289266184, 'mirror_primary': 0, 'mirror_mirror': 0, 'mirror_debt': 0.0396710860061313}"
27,QD,https://gizmodo.com/physicists-made-a-time-crystal-we-can-actually-see-2000658239,gizmodo.com,,327398357,verified,PROMOTED,"{'OPE_P8_D': 7, 'OPE_debt': 0.0385893591237733, 'FCE_Dvotes': 39, 'FCE_debt': 0.0337614023600104, 'mirror_primary': 0, 'mirror_mirror': 0, 'mirror_debt': 0.0385893591237733}"
28,QD,https://www.nature.com/articles/s41586-025-09475-0,www.nature.com,,1360524617,verified,PROMOTED,"{'OPE_P8_D': 5, 'OPE_debt': 0.0400912954629146, 'FCE_Dvotes': 39, 'FCE_debt': 0.0459002820871787, 'mirror_primary': 0, 'mirror_mirror': 0, 'mirror_debt': 0.0400912954629146}"
