[
  {
    "id":4,
    "rails":"QD",
    "url":"https:\/\/thequantuminsider.com\/2025\/09\/17\/infleqtion-unveils-new-architecture-to-accelerate-its-quantum-computing-roadmap-to-achieve-1000-logical-qubits-by-2030\/",
    "domain":"thequantuminsider.com",
    "title_guess":null,
    "seed":1984616653,
    "status":"verified",
    "last_action":"PROMOTED",
    "metrics":{
      "OPE_P8_D":7,
      "OPE_debt":0.044289526,
      "FCE_Dvotes":45,
      "FCE_debt":0.0456188526,
      "mirror_primary":0,
      "mirror_mirror":0,
      "mirror_debt":0.044289526
    }
  },
  {
    "id":9,
    "rails":"QD",
    "url":"https:\/\/phys.org\/news\/2025-09-nanoscale-optical-device-enables-independent.html",
    "domain":"phys.org",
    "title_guess":null,
    "seed":1406092690,
    "status":"verified",
    "last_action":"PROMOTED",
    "metrics":{
      "OPE_P8_D":6,
      "OPE_debt":0.0337434854,
      "FCE_Dvotes":39,
      "FCE_debt":0.0333421045,
      "mirror_primary":0,
      "mirror_mirror":0,
      "mirror_debt":0.0337434854
    }
  },
  {
    "id":12,
    "rails":"QD",
    "url":"https:\/\/www.popularmechanics.com\/science\/a66391744\/first-law-thermodynamics-rewritten-physics\/",
    "domain":"www.popularmechanics.com",
    "title_guess":null,
    "seed":158591883,
    "status":"verified",
    "last_action":"PROMOTED",
    "metrics":{
      "OPE_P8_D":5,
      "OPE_debt":0.0320874081,
      "FCE_Dvotes":38,
      "FCE_debt":0.03175049,
      "mirror_primary":0,
      "mirror_mirror":0,
      "mirror_debt":0.0320874081
    }
  },
  {
    "id":15,
    "rails":"QD",
    "url":"https:\/\/www.nature.com\/articles\/s41586-025-09528-4",
    "domain":"www.nature.com",
    "title_guess":null,
    "seed":330029199,
    "status":"verified",
    "last_action":"PROMOTED",
    "metrics":{
      "OPE_P8_D":7,
      "OPE_debt":0.0422427523,
      "FCE_Dvotes":40,
      "FCE_debt":0.0406265416,
      "mirror_primary":0,
      "mirror_mirror":0,
      "mirror_debt":0.0422427523
    }
  },
  {
    "id":20,
    "rails":"QD",
    "url":"https:\/\/www.nature.com\/articles\/s42254-025-00869-7",
    "domain":"www.nature.com",
    "title_guess":null,
    "seed":450325026,
    "status":"verified",
    "last_action":"PROMOTED",
    "metrics":{
      "OPE_P8_D":8,
      "OPE_debt":0.0309580988,
      "FCE_Dvotes":41,
      "FCE_debt":0.0368588327,
      "mirror_primary":0,
      "mirror_mirror":0,
      "mirror_debt":0.0309580988
    }
  },
  {
    "id":21,
    "rails":"QD",
    "url":"https:\/\/writings.stephenwolfram.com\/2025\/09\/the-ruliology-of-lambdas\/",
    "domain":"writings.stephenwolfram.com",
    "title_guess":null,
    "seed":108253868,
    "status":"verified",
    "last_action":"PROMOTED",
    "metrics":{
      "OPE_P8_D":6,
      "OPE_debt":0.0305824276,
      "FCE_Dvotes":41,
      "FCE_debt":0.0324512763,
      "mirror_primary":0,
      "mirror_mirror":0,
      "mirror_debt":0.0305824276
    }
  },
  {
    "id":25,
    "rails":"QD",
    "url":"https:\/\/phys.org\/news\/2025-09-synthetic-magnetic-fields-chip-faster.html",
    "domain":"phys.org",
    "title_guess":null,
    "seed":2140372406,
    "status":"verified",
    "last_action":"PROMOTED",
    "metrics":{
      "OPE_P8_D":6,
      "OPE_debt":0.039671086,
      "FCE_Dvotes":42,
      "FCE_debt":0.0426603289,
      "mirror_primary":0,
      "mirror_mirror":0,
      "mirror_debt":0.039671086
    }
  },
  {
    "id":27,
    "rails":"QD",
    "url":"https:\/\/gizmodo.com\/physicists-made-a-time-crystal-we-can-actually-see-2000658239",
    "domain":"gizmodo.com",
    "title_guess":null,
    "seed":327398357,
    "status":"verified",
    "last_action":"PROMOTED",
    "metrics":{
      "OPE_P8_D":7,
      "OPE_debt":0.0385893591,
      "FCE_Dvotes":39,
      "FCE_debt":0.0337614024,
      "mirror_primary":0,
      "mirror_mirror":0,
      "mirror_debt":0.0385893591
    }
  },
  {
    "id":28,
    "rails":"QD",
    "url":"https:\/\/www.nature.com\/articles\/s41586-025-09475-0",
    "domain":"www.nature.com",
    "title_guess":null,
    "seed":1360524617,
    "status":"verified",
    "last_action":"PROMOTED",
    "metrics":{
      "OPE_P8_D":5,
      "OPE_debt":0.0400912955,
      "FCE_Dvotes":39,
      "FCE_debt":0.0459002821,
      "mirror_primary":0,
      "mirror_mirror":0,
      "mirror_debt":0.0400912955
    }
  }
]