rel_path,ext,lines,words,kw_SFBB,kw_superperm,kw_superpermutation,kw_AGRM,kw_MDHG,kw_CMPLX,kw_E8,kw_LSDT,kw_TSP,kw_de bruijn,kw_debruijn,kw_beam,kw_orchestrator,kw_hash,kw_golden,kw_glyph,kw_lattice,py_has_main,py_num_classes,py_num_functions
final72625/final72625/analysis_scripts_final.py,.py,657,3014,0,67,59,0,0,0,0,0,0,8,2,0,0,43,4,0,0,False,0,22
final72625/final72625/generation_code_n7_dynamic_final.py,.py,690,3223,0,76,76,0,0,0,0,0,0,1,0,0,0,85,14,0,0,True,2,21
final72625/final72625/grid_utils.py,.py,72,322,0,0,0,0,0,0,0,0,0,0,0,0,0,0,0,0,0,True,1,6
final72625/final72625/layout_memor_finaly.py,.py,116,697,0,5,5,0,0,0,0,0,0,0,0,0,0,0,0,0,0,False,1,7
