{
  "$schema": "http://json-schema.org/draft-07/schema#",
  "title": "SpecificsRequest",
  "type": "object",
  "required": [
    "buyer_id",
    "title",
    "description",
    "domains",
    "budget",
    "sla",
    "acceptance_tests"
  ],
  "properties": {
    "buyer_id": {
      "type": "string"
    },
    "title": {
      "type": "string"
    },
    "description": {
      "type": "string"
    },
    "domains": {
      "type": "array",
      "items": {
        "type": "string",
        "enum": [
          "MERIT",
          "CARETAKER",
          "AEGIS",
          "INFRA",
          "GAIA",
          "VANGOGH",
          "MYTHOS",
          "DAVINCI",
          "THETA",
          "ORBIT"
        ]
      }
    },
    "budget": {
      "type": "object",
      "properties": {
        "credits": {
          "type": "number"
        },
        "fiat": {
          "type": "number"
        }
      }
    },
    "sla": {
      "type": "object",
      "properties": {
        "deadline": {
          "type": "string"
        },
        "penalties": {
          "type": "string"
        }
      }
    },
    "acceptance_tests": {
      "type": "array",
      "items": {
        "type": "string"
      }
    },
    "escrow": {
      "type": "boolean",
      "default": true
    }
  }
}