{
  "name": "id_12",
  "id": 12,
  "rails": "QD",
  "seed": 158591883,
  "url": "https://www.popularmechanics.com/science/a66391744/first-law-thermodynamics-rewritten-physics/",
  "domain": "www.popularmechanics.com",
  "status": "verified",
  "interfaces": {
    "input": {
      "type": "cqe:rest_state",
      "schema": "parity/octet/h16 overlays"
    },
    "output": {
      "type": "cqe:overlay_bundle",
      "schema": "OPE/FCE receipts + overlays"
    }
  },
  "metrics": {
    "OPE_P8_D": 5,
    "OPE_debt": 0.0320874081305987,
    "FCE_Dvotes": 38,
    "FCE_debt": 0.0317504900071003,
    "mirror_primary": 0,
    "mirror_mirror": 0,
    "mirror_debt": 0.0320874081305987
  },
  "artifacts": {
    "ledger": "receipts/ledger_snapshot.csv",
    "wrapper_receipts": "receipts/wrapper_receipts_latest.csv"
  },
  "runner": "sdk.cqe.runner:run_module"
}