{
  "n": 6,
  "length": 913,
  "order_size": 720,
  "ga_meta": {
    "history": [
      {
        "gen": 0,
        "best": 913,
        "avg": 925.5
      },
      {
        "gen": 1,
        "best": 913,
        "avg": 943.8571428571429
      },
      {
        "gen": 2,
        "best": 913,
        "avg": 938.1785714285714
      },
      {
        "gen": 3,
        "best": 913,
        "avg": 921.9642857142857
      },
      {
        "gen": 4,
        "best": 913,
        "avg": 924.2142857142857
      },
      {
        "gen": 5,
        "best": 913,
        "avg": 918.5357142857143
      },
      {
        "gen": 6,
        "best": 913,
        "avg": 917.5714285714286
      },
      {
        "gen": 7,
        "best": 913,
        "avg": 917.7857142857143
      },
      {
        "gen": 8,
        "best": 913,
        "avg": 916.6071428571429
      },
      {
        "gen": 9,
        "best": 913,
        "avg": 919.6071428571429
      },
      {
        "gen": 10,
        "best": 913,
        "avg": 916.6428571428571
      },
      {
        "gen": 11,
        "best": 913,
        "avg": 916.2857142857143
      },
      {
        "gen": 12,
        "best": 913,
        "avg": 918.5
      },
      {
        "gen": 13,
        "best": 913,
        "avg": 916.2857142857143
      },
      {
        "gen": 14,
        "best": 913,
        "avg": 918.9642857142857
      },
      {
        "gen": 15,
        "best": 913,
        "avg": 918.3928571428571
      },
      {
        "gen": 16,
        "best": 913,
        "avg": 915.0357142857143
      },
      {
        "gen": 17,
        "best": 913,
        "avg": 916.5357142857143
      },
      {
        "gen": 18,
        "best": 913,
        "avg": 916.8571428571429
      },
      {
        "gen": 19,
        "best": 913,
        "avg": 917.4285714285714
      },
      {
        "gen": 20,
        "best": 913,
        "avg": 918.75
      },
      {
        "gen": 21,
        "best": 913,
        "avg": 919.4285714285714
      },
      {
        "gen": 22,
        "best": 913,
        "avg": 917.0357142857143
      },
      {
        "gen": 23,
        "best": 913,
        "avg": 917.5357142857143
      },
      {
        "gen": 24,
        "best": 913,
        "avg": 918.9642857142857
      },
      {
        "gen": 25,
        "best": 913,
        "avg": 916.6785714285714
      },
      {
        "gen": 26,
        "best": 913,
        "avg": 919.1428571428571
      },
      {
        "gen": 27,
        "best": 913,
        "avg": 918.2142857142857
      },
      {
        "gen": 28,
        "best": 913,
        "avg": 918.1428571428571
      },
      {
        "gen": 29,
        "best": 913,
        "avg": 918.4642857142857
      },
      {
        "gen": 30,
        "best": 913,
        "avg": 918.1071428571429
      }
    ]
  },
  "sa_meta": {
    "history": [
      {
        "T": 1.2,
        "score": 913
      },
      {
        "T": 1.152,
        "score": 913
      },
      {
        "T": 1.1059199999999998,
        "score": 913
      },
      {
        "T": 1.0616831999999998,
        "score": 913
      },
      {
        "T": 1.0192158719999997,
        "score": 913
      },
      {
        "T": 0.9784472371199997,
        "score": 913
      },
      {
        "T": 0.9393093476351997,
        "score": 913
      },
      {
        "T": 0.9017369737297917,
        "score": 913
      },
      {
        "T": 0.8656674947806,
        "score": 913
      },
      {
        "T": 0.831040794989376,
        "score": 913
      },
      {
        "T": 0.7977991631898009,
        "score": 913
      },
      {
        "T": 0.7658871966622088,
        "score": 913
      },
      {
        "T": 0.7352517087957204,
        "score": 913
      },
      {
        "T": 0.7058416404438916,
        "score": 913
      },
      {
        "T": 0.677607974826136,
        "score": 913
      },
      {
        "T": 0.6505036558330906,
        "score": 913
      },
      {
        "T": 0.624483509599767,
        "score": 913
      },
      {
        "T": 0.5995041692157762,
        "score": 913
      },
      {
        "T": 0.5755240024471452,
        "score": 913
      },
      {
        "T": 0.5525030423492594,
        "score": 913
      },
      {
        "T": 0.530402920655289,
        "score": 913
      },
      {
        "T": 0.5091868038290774,
        "score": 913
      },
      {
        "T": 0.48881933167591435,
        "score": 913
      },
      {
        "T": 0.46926655840887777,
        "score": 913
      },
      {
        "T": 0.45049589607252266,
        "score": 913
      },
      {
        "T": 0.43247606022962176,
        "score": 913
      },
      {
        "T": 0.41517701782043687,
        "score": 913
      },
      {
        "T": 0.3985699371076194,
        "score": 913
      },
      {
        "T": 0.3826271396233146,
        "score": 913
      },
      {
        "T": 0.36732205403838203,
        "score": 913
      },
      {
        "T": 0.3526291718768467,
        "score": 913
      },
      {
        "T": 0.3385240050017728,
        "score": 913
      },
      {
        "T": 0.32498304480170187,
        "score": 913
      },
      {
        "T": 0.3119837230096338,
        "score": 913
      },
      {
        "T": 0.2995043740892484,
        "score": 913
      },
      {
        "T": 0.28752419912567845,
        "score": 913
      },
      {
        "T": 0.2760232311606513,
        "score": 913
      },
      {
        "T": 0.2649823019142252,
        "score": 913
      },
      {
        "T": 0.2543830098376562,
        "score": 913
      },
      {
        "T": 0.24420768944414994,
        "score": 913
      },
      {
        "T": 0.23443938186638394,
        "score": 913
      },
      {
        "T": 0.22506180659172859,
        "score": 913
      },
      {
        "T": 0.21605933432805943,
        "score": 913
      },
      {
        "T": 0.20741696095493706,
        "score": 913
      },
      {
        "T": 0.19912028251673958,
        "score": 913
      },
      {
        "T": 0.19115547121607,
        "score": 913
      },
      {
        "T": 0.18350925236742718,
        "score": 913
      },
      {
        "T": 0.1761688822727301,
        "score": 913
      },
      {
        "T": 0.16912212698182089,
        "score": 913
      },
      {
        "T": 0.16235724190254805,
        "score": 913
      },
      {
        "T": 0.1558629522264461,
        "score": 913
      },
      {
        "T": 0.14962843413738827,
        "score": 913
      },
      {
        "T": 0.14364329677189275,
        "score": 913
      },
      {
        "T": 0.13789756490101704,
        "score": 913
      },
      {
        "T": 0.13238166230497636,
        "score": 913
      },
      {
        "T": 0.1270863958127773,
        "score": 913
      },
      {
        "T": 0.1220029399802662,
        "score": 913
      },
      {
        "T": 0.11712282238105555,
        "score": 913
      },
      {
        "T": 0.11243790948581332,
        "score": 913
      },
      {
        "T": 0.10794039310638079,
        "score": 913
      },
      {
        "T": 0.10362277738212555,
        "score": 913
      },
      {
        "T": 0.09947786628684052,
        "score": 913
      },
      {
        "T": 0.09549875163536689,
        "score": 913
      },
      {
        "T": 0.09167880156995221,
        "score": 913
      },
      {
        "T": 0.08801164950715412,
        "score": 913
      },
      {
        "T": 0.08449118352686795,
        "score": 913
      },
      {
        "T": 0.08111153618579323,
        "score": 913
      },
      {
        "T": 0.07786707473836149,
        "score": 913
      },
      {
        "T": 0.07475239174882703,
        "score": 913
      },
      {
        "T": 0.07176229607887395,
        "score": 913
      },
      {
        "T": 0.06889180423571899,
        "score": 913
      },
      {
        "T": 0.06613613206629022,
        "score": 913
      },
      {
        "T": 0.06349068678363862,
        "score": 913
      },
      {
        "T": 0.06095105931229307,
        "score": 913
      },
      {
        "T": 0.05851301693980134,
        "score": 913
      },
      {
        "T": 0.056172496262209284,
        "score": 913
      },
      {
        "T": 0.053925596411720914,
        "score": 913
      },
      {
        "T": 0.05176857255525207,
        "score": 913
      },
      {
        "T": 0.04969782965304199,
        "score": 913
      },
      {
        "T": 0.047709916466920306,
        "score": 913
      },
      {
        "T": 0.04580151980824349,
        "score": 913
      },
      {
        "T": 0.04396945901591375,
        "score": 913
      },
      {
        "T": 0.0422106806552772,
        "score": 913
      },
      {
        "T": 0.04052225342906611,
        "score": 913
      },
      {
        "T": 0.03890136329190346,
        "score": 913
      },
      {
        "T": 0.03734530876022732,
        "score": 913
      },
      {
        "T": 0.035851496409818225,
        "score": 913
      },
      {
        "T": 0.034417436553425496,
        "score": 913
      },
      {
        "T": 0.033040739091288476,
        "score": 913
      },
      {
        "T": 0.031719109527636936,
        "score": 913
      },
      {
        "T": 0.030450345146531457,
        "score": 913
      },
      {
        "T": 0.029232331340670197,
        "score": 913
      },
      {
        "T": 0.02806303808704339,
        "score": 913
      },
      {
        "T": 0.026940516563561653,
        "score": 913
      },
      {
        "T": 0.025862895901019187,
        "score": 913
      },
      {
        "T": 0.02482838006497842,
        "score": 913
      },
      {
        "T": 0.02383524486237928,
        "score": 913
      },
      {
        "T": 0.022881835067884108,
        "score": 913
      },
      {
        "T": 0.021966561665168742,
        "score": 913
      },
      {
        "T": 0.02108789919856199,
        "score": 913
      },
      {
        "T": 0.02024438323061951,
        "score": 913
      },
      {
        "T": 0.01943460790139473,
        "score": 913
      },
      {
        "T": 0.01865722358533894,
        "score": 913
      },
      {
        "T": 0.017910934641925384,
        "score": 913
      },
      {
        "T": 0.01719449725624837,
        "score": 913
      },
      {
        "T": 0.016506717365998434,
        "score": 913
      },
      {
        "T": 0.015846448671358496,
        "score": 913
      },
      {
        "T": 0.015212590724504156,
        "score": 913
      },
      {
        "T": 0.01460408709552399,
        "score": 913
      },
      {
        "T": 0.01401992361170303,
        "score": 913
      },
      {
        "T": 0.013459126667234908,
        "score": 913
      },
      {
        "T": 0.012920761600545512,
        "score": 913
      },
      {
        "T": 0.012403931136523692,
        "score": 913
      },
      {
        "T": 0.011907773891062744,
        "score": 913
      },
      {
        "T": 0.011431462935420234,
        "score": 913
      },
      {
        "T": 0.010974204418003425,
        "score": 913
      },
      {
        "T": 0.010535236241283287,
        "score": 913
      },
      {
        "T": 0.010113826791631956,
        "score": 913
      },
      {
        "T": 0.009709273719966677,
        "score": 913
      },
      {
        "T": 0.00932090277116801,
        "score": 913
      },
      {
        "T": 0.00894806666032129,
        "score": 913
      },
      {
        "T": 0.008590143993908438,
        "score": 913
      },
      {
        "T": 0.0082465382341521,
        "score": 913
      },
      {
        "T": 0.007916676704786015,
        "score": 913
      },
      {
        "T": 0.007600009636594574,
        "score": 913
      },
      {
        "T": 0.0072960092511307915,
        "score": 913
      },
      {
        "T": 0.007004168881085559,
        "score": 913
      },
      {
        "T": 0.006724002125842137,
        "score": 913
      },
      {
        "T": 0.0064550420408084515,
        "score": 913
      },
      {
        "T": 0.006196840359176113,
        "score": 913
      },
      {
        "T": 0.005948966744809068,
        "score": 913
      },
      {
        "T": 0.005711008075016705,
        "score": 913
      },
      {
        "T": 0.005482567752016036,
        "score": 913
      },
      {
        "T": 0.005263265041935394,
        "score": 913
      },
      {
        "T": 0.005052734440257978,
        "score": 913
      },
      {
        "T": 0.004850625062647659,
        "score": 913
      },
      {
        "T": 0.004656600060141752,
        "score": 913
      },
      {
        "T": 0.004470336057736082,
        "score": 913
      },
      {
        "T": 0.004291522615426638,
        "score": 913
      },
      {
        "T": 0.0041198617108095725,
        "score": 913
      },
      {
        "T": 0.003955067242377189,
        "score": 913
      },
      {
        "T": 0.0037968645526821015,
        "score": 913
      },
      {
        "T": 0.0036449899705748175,
        "score": 913
      },
      {
        "T": 0.0034991903717518247,
        "score": 913
      },
      {
        "T": 0.0033592227568817515,
        "score": 913
      },
      {
        "T": 0.0032248538466064813,
        "score": 913
      },
      {
        "T": 0.003095859692742222,
        "score": 913
      },
      {
        "T": 0.0029720253050325328,
        "score": 913
      },
      {
        "T": 0.0028531442928312312,
        "score": 913
      },
      {
        "T": 0.002739018521117982,
        "score": 913
      },
      {
        "T": 0.0026294577802732626,
        "score": 913
      },
      {
        "T": 0.002524279469062332,
        "score": 913
      },
      {
        "T": 0.0024233082902998383,
        "score": 913
      },
      {
        "T": 0.0023263759586878447,
        "score": 913
      },
      {
        "T": 0.002233320920340331,
        "score": 913
      },
      {
        "T": 0.0021439880835267175,
        "score": 913
      },
      {
        "T": 0.002058228560185649,
        "score": 913
      },
      {
        "T": 0.0019758994177782228,
        "score": 913
      },
      {
        "T": 0.0018968634410670938,
        "score": 913
      },
      {
        "T": 0.0018209889034244099,
        "score": 913
      },
      {
        "T": 0.0017481493472874335,
        "score": 913
      },
      {
        "T": 0.001678223373395936,
        "score": 913
      },
      {
        "T": 0.0016110944384600985,
        "score": 913
      },
      {
        "T": 0.0015466506609216944,
        "score": 913
      },
      {
        "T": 0.0014847846344848265,
        "score": 913
      },
      {
        "T": 0.0014253932491054334,
        "score": 913
      },
      {
        "T": 0.001368377519141216,
        "score": 913
      },
      {
        "T": 0.0013136424183755673,
        "score": 913
      },
      {
        "T": 0.0012610967216405446,
        "score": 913
      },
      {
        "T": 0.0012106528527749227,
        "score": 913
      },
      {
        "T": 0.0011622267386639257,
        "score": 913
      },
      {
        "T": 0.0011157376691173686,
        "score": 913
      },
      {
        "T": 0.001071108162352674,
        "score": 913
      },
      {
        "T": 0.001028263835858567,
        "score": 913
      },
      {
        "T": 0.0009871332824242243,
        "score": 913
      }
    ]
  }
}