{
  "E_true_meV": [
    -120.0,
    -118.5,
    -119.2
  ],
  "E_pred_meV": [
    -121.0,
    -118.0,
    -119.0
  ],
  "F_true_meV_A": [
    [
      [
        0.0,
        0.1,
        -0.1
      ],
      [
        0.0,
        -0.1,
        0.1
      ]
    ],
    [
      [
        0.02,
        -0.02,
        0.0
      ],
      [
        -0.02,
        0.02,
        0.0
      ]
    ],
    [
      [
        0.0,
        0.05,
        -0.05
      ],
      [
        0.0,
        -0.05,
        0.05
      ]
    ]
  ],
  "F_pred_meV_A": [
    [
      [
        0.0,
        0.1,
        -0.1
      ],
      [
        0.0,
        -0.1,
        0.1
      ]
    ],
    [
      [
        0.02,
        -0.02,
        0.0
      ],
      [
        -0.02,
        0.02,
        0.0
      ]
    ],
    [
      [
        0.0,
        0.04,
        -0.04
      ],
      [
        0.0,
        -0.04,
        0.04
      ]
    ]
  ],
  "composition": [
    "A2B",
    "A2B",
    "A2B"
  ]
}