{
  "lane_code": "ExtHamming84",
  "H_digest": "sha256:d4143c1f689c9cedcf0a66d754ce74d140e02e84caed53f3e24ec92e6d07749b",
  "report": [
    {
      "perm_id": 0,
      "perm": [
        0,
        1,
        2,
        3,
        4,
        5,
        6,
        7
      ],
      "rowspace_preserved": true
    },
    {
      "perm_id": 1,
      "perm": [
        1,
        2,
        3,
        4,
        5,
        6,
        7,
        0
      ],
      "rowspace_preserved": false
    },
    {
      "perm_id": 2,
      "perm": [
        0,
        2,
        1,
        3,
        4,
        5,
        6,
        7
      ],
      "rowspace_preserved": false
    },
    {
      "perm_id": 3,
      "perm": [
        0,
        1,
        3,
        2,
        4,
        5,
        6,
        7
      ],
      "rowspace_preserved": false
    },
    {
      "perm_id": 4,
      "perm": [
        7,
        6,
        5,
        4,
        3,
        2,
        1,
        0
      ],
      "rowspace_preserved": true
    },
    {
      "perm_id": 5,
      "perm": [
        0,
        3,
        1,
        2,
        4,
        7,
        5,
        6
      ],
      "rowspace_preserved": true
    },
    {
      "perm_id": 6,
      "perm": [
        2,
        1,
        0,
        3,
        6,
        5,
        4,
        7
      ],
      "rowspace_preserved": true
    },
    {
      "perm_id": 7,
      "perm": [
        0,
        1,
        2,
        4,
        3,
        5,
        6,
        7
      ],
      "rowspace_preserved": false
    }
  ]
}