{
  "glyphpack_id": "arc.v1",
  "namespace": "arc",
  "title": "ARC Grids",
  "version": "v1",
  "alphabet": [
    {
      "glyph": "\u2b1c",
      "cp": "U+2B1C"
    },
    {
      "glyph": "\u2b1b",
      "cp": "U+2B1B"
    },
    {
      "glyph": "\ud83d\udd01",
      "cp": "U+1F501"
    },
    {
      "glyph": "\u21bb",
      "cp": "U+21BB"
    },
    {
      "glyph": "\u21ba",
      "cp": "U+21BA"
    },
    {
      "glyph": "\u27c2",
      "cp": "U+27C2"
    },
    {
      "glyph": "\u2225",
      "cp": "U+2225"
    },
    {
      "glyph": "\u2934",
      "cp": "U+2934"
    },
    {
      "glyph": "\ufe0f",
      "cp": "U+FE0F"
    },
    {
      "glyph": "\u2935",
      "cp": "U+2935"
    },
    {
      "glyph": "\ufe0f",
      "cp": "U+FE0F"
    },
    {
      "glyph": "0",
      "cp": "U+0030"
    },
    {
      "glyph": "1",
      "cp": "U+0031"
    },
    {
      "glyph": "2",
      "cp": "U+0032"
    },
    {
      "glyph": "3",
      "cp": "U+0033"
    },
    {
      "glyph": "4",
      "cp": "U+0034"
    },
    {
      "glyph": "5",
      "cp": "U+0035"
    },
    {
      "glyph": "6",
      "cp": "U+0036"
    },
    {
      "glyph": "7",
      "cp": "U+0037"
    },
    {
      "glyph": "8",
      "cp": "U+0038"
    },
    {
      "glyph": "9",
      "cp": "U+0039"
    },
    {
      "glyph": ",",
      "cp": "U+002C"
    },
    {
      "glyph": ";",
      "cp": "U+003B"
    },
    {
      "glyph": "[",
      "cp": "U+005B"
    },
    {
      "glyph": "]",
      "cp": "U+005D"
    },
    {
      "glyph": "{",
      "cp": "U+007B"
    },
    {
      "glyph": "}",
      "cp": "U+007D"
    },
    {
      "glyph": "(",
      "cp": "U+0028"
    },
    {
      "glyph": ")",
      "cp": "U+0029"
    },
    {
      "glyph": "=",
      "cp": "U+003D"
    },
    {
      "glyph": " ",
      "cp": "U+0020"
    }
  ],
  "allowed_codepoints": [
    "U+2B1C",
    "U+2B1B",
    "U+1F501",
    "U+21BB",
    "U+21BA",
    "U+27C2",
    "U+2225",
    "U+2934",
    "U+FE0F",
    "U+2935",
    "U+FE0F",
    "U+0030",
    "U+0031",
    "U+0032",
    "U+0033",
    "U+0034",
    "U+0035",
    "U+0036",
    "U+0037",
    "U+0038",
    "U+0039",
    "U+002C",
    "U+003B",
    "U+005B",
    "U+005D",
    "U+007B",
    "U+007D",
    "U+0028",
    "U+0029",
    "U+003D",
    "U+0020"
  ]
}