{
  "glyphpack_id": "math.v1",
  "namespace": "math",
  "title": "Mathematics",
  "version": "v1",
  "alphabet": [
    {
      "glyph": "\u2211",
      "cp": "U+2211"
    },
    {
      "glyph": "\u222b",
      "cp": "U+222B"
    },
    {
      "glyph": "\u2248",
      "cp": "U+2248"
    },
    {
      "glyph": "\u221d",
      "cp": "U+221D"
    },
    {
      "glyph": "\u2207",
      "cp": "U+2207"
    },
    {
      "glyph": "\u2218",
      "cp": "U+2218"
    },
    {
      "glyph": "\u2297",
      "cp": "U+2297"
    },
    {
      "glyph": "\u211d",
      "cp": "U+211D"
    },
    {
      "glyph": "\u2102",
      "cp": "U+2102"
    },
    {
      "glyph": "\u2124",
      "cp": "U+2124"
    },
    {
      "glyph": "x",
      "cp": "U+0078"
    },
    {
      "glyph": "y",
      "cp": "U+0079"
    },
    {
      "glyph": "z",
      "cp": "U+007A"
    },
    {
      "glyph": "+",
      "cp": "U+002B"
    },
    {
      "glyph": "-",
      "cp": "U+002D"
    },
    {
      "glyph": "*",
      "cp": "U+002A"
    },
    {
      "glyph": "/",
      "cp": "U+002F"
    },
    {
      "glyph": "^",
      "cp": "U+005E"
    },
    {
      "glyph": "(",
      "cp": "U+0028"
    },
    {
      "glyph": ")",
      "cp": "U+0029"
    },
    {
      "glyph": " ",
      "cp": "U+0020"
    },
    {
      "glyph": "=",
      "cp": "U+003D"
    },
    {
      "glyph": "\u00b7",
      "cp": "U+00B7"
    }
  ],
  "allowed_codepoints": [
    "U+2211",
    "U+222B",
    "U+2248",
    "U+221D",
    "U+2207",
    "U+2218",
    "U+2297",
    "U+211D",
    "U+2102",
    "U+2124",
    "U+0078",
    "U+0079",
    "U+007A",
    "U+002B",
    "U+002D",
    "U+002A",
    "U+002F",
    "U+005E",
    "U+0028",
    "U+0029",
    "U+0020",
    "U+003D",
    "U+00B7"
  ]
}