{
  "glyphpack_id": "weather.v1",
  "namespace": "weather",
  "title": "WeatherBench2-lite",
  "version": "v1",
  "alphabet": [
    {
      "glyph": "\u0394",
      "cp": "U+0394"
    },
    {
      "glyph": "T",
      "cp": "U+0054"
    },
    {
      "glyph": "\u03c3",
      "cp": "U+03C3"
    },
    {
      "glyph": "W",
      "cp": "U+0057"
    },
    {
      "glyph": "m",
      "cp": "U+006D"
    },
    {
      "glyph": "K",
      "cp": "U+004B"
    },
    {
      "glyph": "\u00b7",
      "cp": "U+00B7"
    },
    {
      "glyph": "^",
      "cp": "U+005E"
    },
    {
      "glyph": "=",
      "cp": "U+003D"
    },
    {
      "glyph": "0",
      "cp": "U+0030"
    },
    {
      "glyph": "1",
      "cp": "U+0031"
    },
    {
      "glyph": "2",
      "cp": "U+0032"
    },
    {
      "glyph": "3",
      "cp": "U+0033"
    },
    {
      "glyph": "4",
      "cp": "U+0034"
    },
    {
      "glyph": "5",
      "cp": "U+0035"
    },
    {
      "glyph": "6",
      "cp": "U+0036"
    },
    {
      "glyph": "7",
      "cp": "U+0037"
    },
    {
      "glyph": "8",
      "cp": "U+0038"
    },
    {
      "glyph": "9",
      "cp": "U+0039"
    },
    {
      "glyph": ".",
      "cp": "U+002E"
    },
    {
      "glyph": "-",
      "cp": "U+002D"
    },
    {
      "glyph": ",",
      "cp": "U+002C"
    },
    {
      "glyph": " ",
      "cp": "U+0020"
    },
    {
      "glyph": "[",
      "cp": "U+005B"
    },
    {
      "glyph": "]",
      "cp": "U+005D"
    }
  ],
  "allowed_codepoints": [
    "U+0394",
    "U+0054",
    "U+03C3",
    "U+0057",
    "U+006D",
    "U+004B",
    "U+00B7",
    "U+005E",
    "U+003D",
    "U+0030",
    "U+0031",
    "U+0032",
    "U+0033",
    "U+0034",
    "U+0035",
    "U+0036",
    "U+0037",
    "U+0038",
    "U+0039",
    "U+002E",
    "U+002D",
    "U+002C",
    "U+0020",
    "U+005B",
    "U+005D"
  ]
}