{
  "glyphpack_id": "oc.v1",
  "namespace": "oc",
  "title": "OpenCatalyst-lite",
  "version": "v1",
  "alphabet": [
    {
      "glyph": "E",
      "cp": "U+0045"
    },
    {
      "glyph": " ",
      "cp": "U+0020"
    },
    {
      "glyph": "F",
      "cp": "U+0046"
    },
    {
      "glyph": " ",
      "cp": "U+0020"
    },
    {
      "glyph": "\u2225",
      "cp": "U+2225"
    },
    {
      "glyph": " ",
      "cp": "U+0020"
    },
    {
      "glyph": "\u27c2",
      "cp": "U+27C2"
    },
    {
      "glyph": " ",
      "cp": "U+0020"
    },
    {
      "glyph": "\u03bc",
      "cp": "U+03BC"
    },
    {
      "glyph": "e",
      "cp": "U+0065"
    },
    {
      "glyph": "V",
      "cp": "U+0056"
    },
    {
      "glyph": "\u00c5",
      "cp": "U+00C5"
    },
    {
      "glyph": "0",
      "cp": "U+0030"
    },
    {
      "glyph": "1",
      "cp": "U+0031"
    },
    {
      "glyph": "2",
      "cp": "U+0032"
    },
    {
      "glyph": "3",
      "cp": "U+0033"
    },
    {
      "glyph": "4",
      "cp": "U+0034"
    },
    {
      "glyph": "5",
      "cp": "U+0035"
    },
    {
      "glyph": "6",
      "cp": "U+0036"
    },
    {
      "glyph": "7",
      "cp": "U+0037"
    },
    {
      "glyph": "8",
      "cp": "U+0038"
    },
    {
      "glyph": "9",
      "cp": "U+0039"
    },
    {
      "glyph": ".",
      "cp": "U+002E"
    },
    {
      "glyph": "-",
      "cp": "U+002D"
    },
    {
      "glyph": ",",
      "cp": "U+002C"
    },
    {
      "glyph": " ",
      "cp": "U+0020"
    },
    {
      "glyph": "[",
      "cp": "U+005B"
    },
    {
      "glyph": "]",
      "cp": "U+005D"
    },
    {
      "glyph": "(",
      "cp": "U+0028"
    },
    {
      "glyph": ")",
      "cp": "U+0029"
    }
  ],
  "allowed_codepoints": [
    "U+0045",
    "U+0020",
    "U+0046",
    "U+0020",
    "U+2225",
    "U+0020",
    "U+27C2",
    "U+0020",
    "U+03BC",
    "U+0065",
    "U+0056",
    "U+00C5",
    "U+0030",
    "U+0031",
    "U+0032",
    "U+0033",
    "U+0034",
    "U+0035",
    "U+0036",
    "U+0037",
    "U+0038",
    "U+0039",
    "U+002E",
    "U+002D",
    "U+002C",
    "U+0020",
    "U+005B",
    "U+005D",
    "U+0028",
    "U+0029"
  ]
}