{
  "report": "/mnt/data/snaplat_bundle/code/reports/e8_eval_report.html",
  "variants": [
    {
      "tag": "base",
      "min_angle": 59.99999999999999,
      "avg_angle": 87.85714285714286,
      "boundary_mean": 5.75,
      "replay_ok": true
    },
    {
      "tag": "alt1",
      "min_angle": 59.99999999999999,
      "avg_angle": 91.07142857142857,
      "boundary_mean": 5.75,
      "replay_ok": true
    },
    {
      "tag": "alt2",
      "min_angle": 59.99999999999999,
      "avg_angle": 91.07142857142857,
      "boundary_mean": 5.75,
      "replay_ok": true
    }
  ]
}