{
  "$schema": "https://json-schema.org/draft/2020-12/schema",
  "$id": "urn:schemas:e8-addressing:v0.1",
  "title": "E8 Addressing Schema (E8-AS) v0.1",
  "type": "object",
  "required": [
    "coords",
    "root_loc",
    "axes",
    "version"
  ],
  "properties": {
    "version": {
      "type": "string",
      "const": "0.1"
    },
    "coords": {
      "type": "array",
      "minItems": 8,
      "maxItems": 8,
      "items": {
        "type": "number"
      }
    },
    "root_loc": {
      "type": "object",
      "required": [
        "nearest_roots",
        "reflections",
        "adjacency_rule"
      ],
      "properties": {
        "nearest_roots": {
          "type": "array",
          "minItems": 1,
          "items": {
            "type": "object",
            "required": [
              "index",
              "inner_product"
            ],
            "properties": {
              "index": {
                "type": "integer",
                "minimum": 0,
                "maximum": 239
              },
              "inner_product": {
                "type": "number"
              }
            }
          }
        },
        "reflections": {
          "type": "array",
          "items": {
            "type": "integer"
          }
        },
        "adjacency_rule": {
          "type": "string",
          "enum": [
            "inner_product_eq_1",
            "knn_fallback"
          ]
        }
      }
    },
    "axes": {
      "type": "object",
      "properties": {
        "tenant": {
          "type": "string"
        },
        "domain": {
          "type": "string"
        },
        "policy_id": {
          "type": "string"
        },
        "solver_id": {
          "type": "string"
        },
        "persona_id": {
          "type": "string"
        },
        "data_slice": {
          "type": "string"
        },
        "version_container": {
          "type": "string"
        },
        "timestamp_bucket": {
          "type": "string"
        },
        "trust": {
          "type": "number",
          "minimum": 0,
          "maximum": 1
        }
      },
      "additionalProperties": {
        "type": "string"
      }
    },
    "bridge_node": {
      "type": "array",
      "items": {
        "type": "string"
      }
    },
    "notes": {
      "type": "string"
    }
  },
  "additionalProperties": false
}