{
  "anchors_I": {
    "6": 1,
    "7": 6,
    "8": 27.0
  },
  "tested_n_range": [
    6,
    12
  ],
  "staircase": {
    "alpha": 1,
    "definition": "S(n)=max(0, floor((n-4)/2))"
  },
  "window": {
    "rule": "add",
    "s_add": 0.1,
    "phi": 1.618033988749895
  },
  "thresholds": {
    "epsilon": 0.5,
    "k_scale": 1.0
  },
  "compensation": {
    "enabled": false,
    "lam": 0.0,
    "gamma": 0.0,
    "tau": 20.0
  },
  "notes": [
    "Profiles are informative priors only\u2014never hard gates.",
    "Prefer additive windowing to avoid runaway scaling.",
    "Retune when anchors change; keep compensation off unless persistent under-prediction appears at high n."
  ],
  "family": "I_poly",
  "formula": "I(n) = u + v*(n-6) + w*(n-6)^2 + alpha*S(n)",
  "params": {
    "u": 0.9999999999999978,
    "v": -2.9999999999999845,
    "w": 7.9999999999999964
  }
}