[
  {
    "module": "snaplat.agent.__init__",
    "path": "/mnt/data/code_atlas/rebuild_workspace/src/snaplat/agent/__init__.py"
  },
  {
    "module": "snaplat.shell.__init__",
    "path": "/mnt/data/code_atlas/rebuild_workspace/src/snaplat/shell/__init__.py"
  },
  {
    "module": "snaplat.index.__init__",
    "path": "/mnt/data/code_atlas/rebuild_workspace/src/snaplat/index/__init__.py"
  },
  {
    "module": "snaplat.index.graph",
    "path": "/mnt/data/code_atlas/rebuild_workspace/src/snaplat/index/graph.py"
  },
  {
    "module": "snaplat.overlay.__init__",
    "path": "/mnt/data/code_atlas/rebuild_workspace/src/snaplat/overlay/__init__.py"
  },
  {
    "module": "snaplat.overlay.diff",
    "path": "/mnt/data/code_atlas/rebuild_workspace/src/snaplat/overlay/diff.py"
  },
  {
    "module": "snaplat.telemetry.__init__",
    "path": "/mnt/data/code_atlas/rebuild_workspace/src/snaplat/telemetry/__init__.py"
  },
  {
    "module": "snaplat.telemetry.quicktrace",
    "path": "/mnt/data/code_atlas/rebuild_workspace/src/snaplat/telemetry/quicktrace.py"
  },
  {
    "module": "snaplat.telemetry.export",
    "path": "/mnt/data/code_atlas/rebuild_workspace/src/snaplat/telemetry/export.py"
  },
  {
    "module": "snaplat.policy.__init__",
    "path": "/mnt/data/code_atlas/rebuild_workspace/src/snaplat/policy/__init__.py"
  },
  {
    "module": "snaplat.policy.rules",
    "path": "/mnt/data/code_atlas/rebuild_workspace/src/snaplat/policy/rules.py"
  },
  {
    "module": "snaplat.policy.explain",
    "path": "/mnt/data/code_atlas/rebuild_workspace/src/snaplat/policy/explain.py"
  },
  {
    "module": "snaplat.orch.runner",
    "path": "/mnt/data/code_atlas/rebuild_workspace/src/snaplat/orch/runner.py"
  },
  {
    "module": "snaplat.ops.cli",
    "path": "/mnt/data/code_atlas/rebuild_workspace/src/snaplat/ops/cli.py"
  },
  {
    "module": "snaplat.ops.config",
    "path": "/mnt/data/code_atlas/rebuild_workspace/src/snaplat/ops/config.py"
  },
  {
    "module": "snaplat.repo.snapshot",
    "path": "/mnt/data/code_atlas/rebuild_workspace/src/snaplat/repo/snapshot.py"
  },
  {
    "module": "snaplat.repo.loaders",
    "path": "/mnt/data/code_atlas/rebuild_workspace/src/snaplat/repo/loaders.py"
  }
]