{
  "t": 2,
  "count": 256,
  "deferred": 1232,
  "occ_top": [
    [
      "I:10,0,1,3,0,-1,0,-1",
      1
    ],
    [
      "I:14,4,0,-4,7,3,1,-3",
      1
    ],
    [
      "H:17,3,-5,1,-3,3,3,-3",
      1
    ],
    [
      "H:17,-5,-3,3,3,1,-3,3",
      1
    ],
    [
      "I:7,0,-1,0,0,-1,0,1",
      1
    ],
    [
      "I:8,2,2,2,-1,-1,-1,-1",
      1
    ],
    [
      "H:19,-1,7,-1,-1,-5,-1,-5",
      1
    ],
    [
      "H:17,3,-5,-3,-3,-5,3,5",
      1
    ],
    [
      "I:8,1,-1,1,-1,-2,-1,1",
      1
    ],
    [
      "H:17,-3,3,3,-3,1,3,-5",
      1
    ],
    [
      "I:8,1,1,2,-1,1,1,-1",
      1
    ],
    [
      "I:10,-3,-1,3,1,0,-1,3",
      1
    ],
    [
      "H:17,3,5,3,1,-3,1,-3",
      1
    ],
    [
      "H:19,1,-1,5,1,-5,-7,-1",
      1
    ],
    [
      "I:7,0,0,1,-1,0,0,-1",
      1
    ],
    [
      "I:8,-2,1,-1,-1,1,1,-1",
      1
    ],
    [
      "H:17,1,3,3,3,3,5,1",
      1
    ],
    [
      "H:19,-5,-1,-1,5,-7,1,1",
      1
    ],
    [
      "I:8,1,1,-1,1,2,-1,1",
      1
    ],
    [
      "H:17,5,5,5,5,5,5,5",
      1
    ]
  ],
  "distortion": {
    "n": 149,
    "mean": 0.387157,
    "max": 0.812022
  },
  "kurtosis": {
    "pre": 10.292276876189455,
    "post": 2.1074948841544483
  },
  "scale": 2.0,
  "neighbor_hit": 0.65,
  "timing": {
    "encode_ms": 10.93,
    "cas_ms": 185.511,
    "per_vec_ms": 0.7673
  },
  "entropy": 5.003946305796472,
  "scale_eval": {
    "0.5": 4.234375,
    "0.75": 1.883680555555556,
    "1.0": 0.546875,
    "1.5": 0.3697916666666666,
    "2.0": 0.0,
    "3.0": 0.06076388888888891
  }
}