epoch,step,snap_key,b1,b2,b3,lane,stitch,strand,energy_before,energy_after,sigma,sheaf_ok
E2_after,0,53b42b5d126cf048,0,0,0,0,L,A,1.0,1.0,relaxed,1
E2_after,1,0136521527674320,1,0,0,4,L,A,1.0,1.0,relaxed,1
E2_after,2,ea3b68f1b8056557,1,1,1,7,S,C,1.0,1.0,strict,1
E2_after,3,b54894ce0a05205e,1,0,0,4,L,A,0.0,0.0,relaxed,1
E2_after,4,794c33e55a9642ec,1,0,0,4,L,A,1.0,1.0,strict,1
E2_after,5,3c57a9dc619b6d8d,0,0,1,1,S,C,0.0,0.0,relaxed,1
E2_after,6,3b4cd3699320457e,1,0,0,4,L,A,1.0,1.0,relaxed,1
E2_after,7,8be0688f8987f971,0,0,0,0,L,A,0.0,0.0,relaxed,1
E2_after,8,cdae00273b88590d,1,0,0,4,L,C,0.0,0.0,relaxed,0
E2_after,9,470b016ee2428109,0,0,0,0,L,A,1.0,1.0,relaxed,1
E2_after,10,1e85aeb634df8e0c,0,1,1,3,S,A,0.0,0.0,strict,1
E2_after,11,ce03e5c5bc536689,1,1,1,7,S,C,1.0,1.0,relaxed,1
E2_after,12,61d55500ea34b3b0,1,0,0,4,L,A,1.0,1.0,relaxed,1
E2_after,13,2d074a7d553ad556,0,0,0,0,L,A,1.0,1.0,relaxed,1
E2_after,14,e9370d808623c707,1,0,0,4,L,C,0.0,0.0,relaxed,1
E2_after,15,8be0688f8987f971,0,0,0,0,L,A,0.0,0.0,relaxed,1
E2_after,16,7bd960355811fbf1,0,0,0,0,L,A,1.0,1.0,relaxed,1
E2_after,17,570f3ea80989e8a1,1,0,0,4,L,C,1.0,1.0,relaxed,1
E2_after,18,6f3f8d65dc2adab2,0,0,0,0,L,A,1.0,1.0,relaxed,1
E2_after,19,c70944ececcf8c78,1,0,0,4,L,A,0.0,0.0,relaxed,0
E2_after,20,843065cc51819ce5,0,0,1,1,S,C,1.0,1.0,strict,1
E2_after,21,794c33e55a9642ec,1,0,0,4,L,A,1.0,1.0,relaxed,1
E2_after,22,b34b0d9b52c11a47,1,0,0,4,L,A,0.0,0.0,relaxed,1
E2_after,23,cb700ec71d0ecb2d,1,0,0,4,L,C,0.0,0.0,relaxed,1
E2_after,24,6578918da32f5eff,0,0,0,0,L,A,1.0,1.0,relaxed,0
E2_after,25,b9797d71798aa8e2,1,0,0,4,L,A,0.0,0.0,relaxed,0
E2_after,26,af6421a47a66169c,0,0,0,0,L,C,0.0,0.0,relaxed,1
E2_after,27,8be0688f8987f971,0,0,0,0,L,A,0.0,0.0,relaxed,1
E2_after,28,8be0688f8987f971,0,0,0,0,L,A,0.0,0.0,relaxed,1
E2_after,29,6475cad1fb063106,1,0,1,5,S,C,0.0,0.0,relaxed,1
E2_after,30,4e1965c3d87cf9fe,0,1,1,3,S,A,0.0,0.0,relaxed,0
E2_after,31,1504bc849c3d265f,1,0,0,4,L,A,1.0,1.0,relaxed,1
E2_after,32,6a3b24720c725bef,0,1,1,3,S,C,0.0,0.0,relaxed,0
E2_after,33,e2833c35ee75181c,0,1,1,3,S,A,1.0,1.0,relaxed,1
E2_after,34,53b42b5d126cf048,0,0,0,0,L,A,1.0,1.0,strict,1
E2_after,35,1b9f6a59ff8b8add,0,0,0,0,L,C,1.0,1.0,strict,1
E2_after,36,8be0688f8987f971,0,0,0,0,L,A,0.0,0.0,relaxed,1
E2_after,37,75bbfe282af1e58f,1,0,0,4,L,A,1.0,1.0,relaxed,1
E2_after,38,5da38a50bcc86f31,1,0,0,4,L,C,1.0,1.0,relaxed,0
E2_after,39,7344e32ba222a8de,1,0,0,4,L,A,1.0,1.0,relaxed,1
E2_after,40,7f2b65f6185f1ee6,1,0,0,4,L,A,1.0,1.0,relaxed,1
E2_after,41,e107c914eaea2742,0,0,0,0,L,C,0.0,0.0,relaxed,1
E2_after,42,8be0688f8987f971,0,0,0,0,L,A,0.0,0.0,relaxed,1
E2_after,43,f38d1c896fbd9db3,0,0,0,0,L,A,0.0,0.0,strict,1
E2_after,44,aab57b8cd8229f99,0,1,1,3,S,C,1.0,1.0,strict,0
E2_after,45,5a201d6b004493c9,0,1,1,3,S,A,0.0,0.0,relaxed,0
E2_after,46,2339ce226b54b135,1,0,0,4,L,A,1.0,1.0,relaxed,0
E2_after,47,8be0688f8987f971,0,0,0,0,L,C,0.0,0.0,relaxed,1
E2_after,48,c89190289e9768a4,1,1,1,7,S,A,1.0,1.0,strict,1
E2_after,49,814b45c6ab21a8db,0,0,0,0,L,A,0.0,0.0,relaxed,1
E2_after,50,57f4209d13c84126,1,0,0,4,L,C,1.0,1.0,strict,1
E2_after,51,26a0ea67570db066,1,1,1,7,S,A,0.0,0.0,relaxed,1
E2_after,52,fd80ea2a738b31b3,1,0,0,4,L,A,0.0,0.0,strict,1
E2_after,53,3c606cf7f9283b2f,0,0,1,1,S,C,0.0,0.0,relaxed,0
E2_after,54,80c41149a8cd5bfd,1,1,1,7,S,A,1.0,1.0,strict,0
E2_after,55,566812421a24a26a,0,1,1,3,S,A,0.0,0.0,relaxed,0
E2_after,56,7f6b422641f0c458,1,0,0,4,L,C,1.0,1.0,relaxed,1
E2_after,57,37b26aff8c4b4d3b,1,0,0,4,L,A,1.0,1.0,strict,0
E2_after,58,faa54eb55e00ff04,0,1,1,3,S,A,1.0,1.0,strict,1
E2_after,59,794c33e55a9642ec,1,0,0,4,L,C,1.0,1.0,strict,1
E2_after,60,8be0688f8987f971,0,0,0,0,L,A,0.0,0.0,relaxed,1
E2_after,61,6eea9f4892afb380,1,1,1,7,S,A,0.0,0.0,relaxed,1
E2_after,62,2ebc8fea2ea6ec14,0,1,1,3,S,C,0.0,0.0,strict,1
E2_after,63,80eb3f6b77c7049b,1,1,1,7,S,A,1.0,1.0,strict,1
E2_after,64,a135f08ac57c911f,1,0,0,4,L,A,0.0,0.0,relaxed,0
E2_after,65,c73140d039d457e5,1,0,0,4,L,C,0.0,0.0,relaxed,1
E2_after,66,8be0688f8987f971,0,0,0,0,L,A,0.0,0.0,relaxed,1
E2_after,67,ef3b1039c215ed05,1,0,0,4,L,A,0.0,0.0,relaxed,1
E2_after,68,7c2ef129838c7328,1,0,1,5,S,C,0.0,0.0,relaxed,1
E2_after,69,8be0688f8987f971,0,0,0,0,L,A,0.0,0.0,relaxed,1
E2_after,70,9f3ddde0cbf1d2be,0,0,0,0,L,A,0.0,0.0,relaxed,1
E2_after,71,3a8e0dacdd36338e,0,1,1,3,S,C,0.0,0.0,strict,1
E2_after,72,4f4d248359e72dbb,1,0,0,4,L,A,1.0,1.0,relaxed,0
E2_after,73,424c46e57154e306,0,1,1,3,S,A,0.0,0.0,relaxed,1
E2_after,74,417b952a73f2d26e,0,0,0,0,L,C,1.0,1.0,relaxed,1
E2_after,75,4c28e018d9d3430c,1,0,1,5,S,A,0.0,0.0,relaxed,1
E2_after,76,06a46cd31f6c87e8,0,1,1,3,S,A,0.0,0.0,relaxed,1
E2_after,77,8be0688f8987f971,0,0,0,0,L,C,0.0,0.0,relaxed,1
E2_after,78,c5b5c97f759db60c,0,0,0,0,L,A,0.0,0.0,relaxed,1
E2_after,79,22b61568bf03b179,0,1,1,3,S,A,0.0,0.0,strict,0
E2_after,80,3f25c2860da0049f,0,0,0,0,L,C,1.0,1.0,relaxed,1
E2_after,81,3b4cd3699320457e,1,0,0,4,L,A,1.0,1.0,relaxed,1
E2_after,82,8be0688f8987f971,0,0,0,0,L,A,0.0,0.0,relaxed,1
E2_after,83,203a161d5b744124,1,1,1,7,S,C,0.0,0.0,relaxed,0
E2_after,84,ab8d07413b2fb02f,1,0,0,4,L,A,0.0,0.0,strict,0
E2_after,85,8be0688f8987f971,0,0,0,0,L,A,0.0,0.0,relaxed,1
E2_after,86,d9461ded081672bf,1,0,0,4,L,C,0.0,0.0,relaxed,0
E2_after,87,d9884523719fb117,1,0,0,4,L,A,0.0,0.0,strict,0
E2_after,88,137cff6335a22717,1,0,0,4,L,A,1.0,1.0,relaxed,1
E2_after,89,b044299aa17fb0fb,1,0,1,5,S,C,1.0,1.0,relaxed,1
E2_after,90,57167505009831a0,1,0,0,4,L,A,1.0,1.0,relaxed,1
E2_after,91,8be0688f8987f971,0,0,0,0,L,A,0.0,0.0,relaxed,1
E2_after,92,a55eab73b294de26,0,0,0,0,L,C,0.0,0.0,relaxed,1
E2_after,93,7f6b422641f0c458,1,0,0,4,L,A,1.0,1.0,relaxed,1
E2_after,94,2947eeb9803a31eb,1,0,0,4,L,A,1.0,1.0,relaxed,1
E2_after,95,7a1e0a7562a1a523,1,1,1,7,S,C,0.0,0.0,relaxed,0
E2_after,96,888ead83b7b5e909,0,1,1,3,S,A,1.0,1.0,relaxed,1
E2_after,97,1c0b896f658635b9,1,0,1,5,S,A,0.0,0.0,strict,0
E2_after,98,a84fbbc6e32c6483,1,1,1,7,S,C,1.0,1.0,relaxed,0
E2_after,99,b044299aa17fb0fb,1,0,1,5,S,A,1.0,1.0,relaxed,1
E2_after,100,8a791447bc3e0404,1,1,1,7,S,A,1.0,1.0,strict,1
E2_after,101,6591202236694543,0,0,0,0,L,C,1.0,1.0,strict,1
E2_after,102,9db30633762399e9,1,0,0,4,L,A,0.0,0.0,strict,1
E2_after,103,146eb273964e3634,0,0,1,1,S,A,0.0,0.0,relaxed,1
E2_after,104,e9ace7d3c207a59a,1,0,0,4,L,C,0.0,0.0,relaxed,1
E2_after,105,99502a640a1b4ac2,0,0,0,0,L,A,0.0,0.0,relaxed,1
E2_after,106,c18d765b4683f90c,1,0,0,4,L,A,0.0,0.0,relaxed,0
E2_after,107,bc45221af8cf1fb5,1,0,1,5,S,C,1.0,1.0,relaxed,1
E2_after,108,4b011c33a4047e45,0,0,0,0,L,A,1.0,1.0,strict,1
E2_after,109,794c33e55a9642ec,1,0,0,4,L,A,1.0,1.0,strict,1
E2_after,110,742fc2f88c4f0a45,0,0,1,1,S,C,0.0,0.0,relaxed,0
E2_after,111,976726f98e09ae28,1,0,0,4,L,A,0.0,0.0,strict,0
E2_after,112,e3e22cec7a4961b9,1,0,0,4,L,A,0.0,0.0,strict,0
E2_after,113,19fdf250b52a0627,1,0,0,4,L,C,1.0,1.0,relaxed,1
E2_after,114,3c8772a7374b7f97,0,0,1,1,S,A,0.0,0.0,strict,0
E2_after,115,680093718f7eb51a,1,1,1,7,S,A,0.0,0.0,strict,1
E2_after,116,2d074a7d553ad556,0,0,0,0,L,C,1.0,1.0,relaxed,1
E2_after,117,77e04e89fa6f474b,0,0,0,0,L,A,1.0,1.0,relaxed,1
E2_after,118,39eab5d792c273af,0,0,0,0,L,A,1.0,1.0,relaxed,1
E2_after,119,9488d636937acbbd,1,0,1,5,S,C,1.0,1.0,relaxed,1
E2_after,120,f4eb2a879cd09aec,1,0,1,5,S,A,1.0,1.0,relaxed,1
E2_after,121,3b4cd3699320457e,1,0,0,4,L,A,1.0,1.0,relaxed,1
E2_after,122,195118eac08dc90b,1,0,0,4,L,C,1.0,1.0,strict,0
E2_after,123,cd5972228ca71ba6,1,0,0,4,L,A,0.0,0.0,relaxed,0
E2_after,124,bc6cad8bcf15d8d5,1,0,1,5,S,A,1.0,1.0,relaxed,1
E2_after,125,e9c47379cfdf2aaf,1,0,0,4,L,C,0.0,0.0,strict,1
E2_after,126,f4af85172691259e,1,0,1,5,S,A,1.0,1.0,relaxed,1
E2_after,127,15c83919d506c813,1,0,0,4,L,A,1.0,1.0,relaxed,1
E2_after,128,98ef91cd9e325a0f,1,1,1,7,S,C,1.0,1.0,strict,1
E2_after,129,aa0d7e56ae56a6d5,0,1,1,3,S,A,1.0,1.0,strict,1
E2_after,130,2d855adcf7f75a0b,0,0,0,0,L,A,1.0,1.0,relaxed,1
E2_after,131,d6b4e2929a2f4130,1,1,1,7,S,C,1.0,1.0,strict,1
E2_after,132,c2126069e79ed17d,1,1,1,7,S,A,1.0,1.0,relaxed,0
E2_after,133,77e04e89fa6f474b,0,0,0,0,L,A,1.0,1.0,relaxed,1
E2_after,134,8be0688f8987f971,0,0,0,0,L,C,0.0,0.0,relaxed,1
E2_after,135,cb21f5fcc7d7962f,1,0,0,4,L,A,0.0,0.0,relaxed,0
E2_after,136,0e741516795d6f69,1,1,1,7,S,A,0.0,0.0,relaxed,0
E2_after,137,f6ec8ccd45cd436c,0,1,1,3,S,C,1.0,1.0,relaxed,1
E2_after,138,15afb5393f4fbc35,1,0,0,4,L,A,1.0,1.0,relaxed,1
E2_after,139,8be0688f8987f971,0,0,0,0,L,A,0.0,0.0,relaxed,1
E2_after,140,8be0688f8987f971,0,0,0,0,L,C,0.0,0.0,relaxed,1
E2_after,141,3ff61a3eda3a7408,0,0,0,0,L,A,1.0,1.0,strict,0
E2_after,142,7ba3e81ec6e587f2,0,0,0,0,L,A,1.0,1.0,strict,1
E2_after,143,9dc8808a001604d3,1,0,0,4,L,C,0.0,0.0,strict,1
E2_after,144,e8627fd20470130a,0,1,1,3,S,A,1.0,1.0,relaxed,1
E2_after,145,b450e5ea729e75e2,0,0,1,1,S,A,1.0,1.0,relaxed,0
E2_after,146,77e04e89fa6f474b,0,0,0,0,L,C,1.0,1.0,relaxed,1
E2_after,147,a86d764548d22969,1,1,1,7,S,A,1.0,1.0,strict,1
E2_after,148,8be0688f8987f971,0,0,0,0,L,A,0.0,0.0,relaxed,1
E2_after,149,a9e7d88fcd236ef7,0,0,0,0,L,C,0.0,0.0,relaxed,0
E2_after,150,2b389b8d8d017ea9,0,0,0,0,L,A,1.0,1.0,strict,1
E2_after,151,05a674fa2e51162e,0,0,0,0,L,A,1.0,1.0,strict,0
E2_after,152,8061a6bfde5dc1f3,1,1,1,7,S,C,1.0,1.0,relaxed,1
E2_after,153,201db73eebc23839,1,1,1,7,S,A,0.0,0.0,relaxed,1
E2_after,154,8be0688f8987f971,0,0,0,0,L,A,0.0,0.0,relaxed,1
E2_after,155,794c33e55a9642ec,1,0,0,4,L,C,1.0,1.0,strict,1
E2_after,156,8be0688f8987f971,0,0,0,0,L,A,0.0,0.0,relaxed,1
E2_after,157,cfb2e6419e3ba91b,0,0,0,0,L,A,0.0,0.0,relaxed,0
E2_after,158,9c7a4d7819849147,0,0,1,1,S,C,1.0,1.0,strict,1
E2_after,159,72ec7a563c6cfd1c,0,1,1,3,S,A,0.0,0.0,relaxed,1
E2_after,160,f0d536e89c4f3ad2,0,0,1,1,S,A,1.0,1.0,relaxed,1
E2_after,161,ed6a591be8b38b56,0,0,0,0,L,C,0.0,0.0,relaxed,1
E2_after,162,0277f3df95fbb72f,1,1,1,7,S,A,0.0,0.0,strict,1
E2_after,163,2d074a7d553ad556,0,0,0,0,L,A,1.0,1.0,relaxed,1
E2_after,164,cedf8d2c293d8136,1,1,1,7,S,C,1.0,1.0,relaxed,0
E2_after,165,1b5e8c81a1f3c3e2,0,0,0,0,L,A,1.0,1.0,relaxed,1
E2_after,166,c331cab8218e41b4,0,0,0,0,L,A,0.0,0.0,strict,0
E2_after,167,b52c4c7bbaecc591,1,0,0,4,L,C,0.0,0.0,strict,0
E2_after,168,05d17f9c25fe4c5e,0,0,0,0,L,A,1.0,1.0,relaxed,1
E2_after,169,3b4cd3699320457e,1,0,0,4,L,A,1.0,1.0,relaxed,1
E2_after,170,21670ad209e2e387,0,0,0,0,L,C,1.0,1.0,relaxed,0
E2_after,171,fc89ef9eecd1a5fc,0,0,1,1,S,A,1.0,1.0,strict,0
E2_after,172,f537090c6adeb8b7,0,0,0,0,L,A,0.0,0.0,strict,0
E2_after,173,0d6718d0e6f6d213,1,0,0,4,L,C,1.0,1.0,relaxed,1
E2_after,174,b9c70625da73e21b,1,0,0,4,L,A,0.0,0.0,relaxed,1
E2_after,175,c63c0ff1365a24be,0,1,1,3,S,A,1.0,1.0,relaxed,0
E2_after,176,dce9b76b84bea083,1,0,1,5,S,C,1.0,1.0,relaxed,0
E2_after,177,d50e4a615b87ac9c,1,0,0,4,L,A,0.0,0.0,relaxed,0
E2_after,178,7f2b65f6185f1ee6,1,0,0,4,L,A,1.0,1.0,relaxed,1
E2_after,179,29301304dc8bfe86,1,0,0,4,L,C,1.0,1.0,relaxed,1
E2_after,180,7f2b65f6185f1ee6,1,0,0,4,L,A,1.0,1.0,relaxed,1
E2_after,181,8be0688f8987f971,0,0,0,0,L,A,0.0,0.0,relaxed,1
E2_after,182,8be0688f8987f971,0,0,0,0,L,C,0.0,0.0,relaxed,1
E2_after,183,eecd40b7b70d063b,0,1,1,3,S,A,1.0,1.0,relaxed,0
E2_after,184,8be0688f8987f971,0,0,0,0,L,A,0.0,0.0,relaxed,1
E2_after,185,700ada21054b32ac,1,0,1,5,S,C,0.0,0.0,relaxed,1
E2_after,186,5a81635f62581328,0,1,1,3,S,A,0.0,0.0,relaxed,0
E2_after,187,352157d748f009e6,0,0,0,0,L,A,1.0,1.0,strict,0
E2_after,188,3b4cd3699320457e,1,0,0,4,L,C,1.0,1.0,relaxed,1
E2_after,189,d9949fc73e3b3a0f,1,0,0,4,L,A,0.0,0.0,relaxed,1
E2_after,190,666903768dbefc1b,0,1,1,3,S,A,0.0,0.0,strict,1
E2_after,191,b0a0144df20412ca,1,0,1,5,S,C,1.0,1.0,relaxed,0
E2_after,192,db1cdadc22ce4a1d,0,0,0,0,L,A,0.0,0.0,relaxed,0
E2_after,193,9b5d5cf03967b053,1,0,0,4,L,A,0.0,0.0,relaxed,1
E2_after,194,465fcadd177b5edc,1,1,1,7,S,C,0.0,0.0,relaxed,1
E2_after,195,8be0688f8987f971,0,0,0,0,L,A,0.0,0.0,relaxed,1
E2_after,196,eb89e679382e8a55,0,0,0,0,L,A,0.0,0.0,strict,1
E2_after,197,09c8cb13279e066a,0,0,0,0,L,C,1.0,1.0,relaxed,1
E2_after,198,e4f95a2dd5e884ef,0,0,1,1,S,A,1.0,1.0,relaxed,1
E2_after,199,ce03e5c5bc536689,1,1,1,7,S,A,1.0,1.0,relaxed,1
E2_after,200,367c6865c8e7e0d9,0,1,1,3,S,C,0.0,0.0,relaxed,0
E2_after,201,1d42ce82aa18bc99,0,0,0,0,L,A,1.0,1.0,strict,0
E2_after,202,2797a27b62c01b0c,0,0,0,0,L,A,1.0,1.0,relaxed,1
E2_after,203,8e5cf51f6d0d3fa8,0,1,1,3,S,C,1.0,1.0,relaxed,1
E2_after,204,f4af85172691259e,1,0,1,5,S,A,1.0,1.0,relaxed,1
E2_after,205,df5c7daf8dfb55b7,1,0,0,4,L,A,0.0,0.0,relaxed,1
E2_after,206,25b3340971cc09c0,1,0,0,4,L,C,1.0,1.0,relaxed,0
E2_after,207,8be0688f8987f971,0,0,0,0,L,A,0.0,0.0,relaxed,1
E2_after,208,273f9e363e22ccff,0,0,0,0,L,A,1.0,1.0,relaxed,0
E2_after,209,9328d69fe5544c55,0,0,0,0,L,C,0.0,0.0,strict,0
E2_after,210,ca5dd7bcea3db106,0,1,1,3,S,A,1.0,1.0,relaxed,1
E2_after,211,7f6b422641f0c458,1,0,0,4,L,A,1.0,1.0,relaxed,1
E2_after,212,07979146422ac4cc,1,0,0,4,L,C,1.0,1.0,relaxed,1
E2_after,213,f2c7e36f0ec074be,1,1,1,7,S,A,1.0,1.0,relaxed,1
E2_after,214,4c37ffe17205e841,1,0,1,5,S,A,0.0,0.0,relaxed,0
E2_after,215,19fdf250b52a0627,1,0,0,4,L,C,1.0,1.0,relaxed,1
E2_after,216,8be0688f8987f971,0,0,0,0,L,A,0.0,0.0,relaxed,1
E2_after,217,8be0688f8987f971,0,0,0,0,L,A,0.0,0.0,relaxed,1
E2_after,218,6be2f704403b17ce,1,0,0,4,L,C,1.0,1.0,strict,1
E2_after,219,f9e274378d3d7fb7,0,0,0,0,L,A,0.0,0.0,strict,1
E2_after,220,9001a1a041c59568,0,0,1,1,S,A,1.0,1.0,strict,1
E2_after,221,f4af85172691259e,1,0,1,5,S,C,1.0,1.0,relaxed,1
E2_after,222,5583b311cf10121d,0,0,0,0,L,A,1.0,1.0,relaxed,0
E2_after,223,f7f082d19d38d49d,1,0,0,4,L,A,0.0,0.0,strict,1
E2_after,224,8be0688f8987f971,0,0,0,0,L,C,0.0,0.0,relaxed,1
E2_after,225,7c80c432ff4c963f,1,0,1,5,S,A,0.0,0.0,relaxed,0
E2_after,226,ba78227b6e0d6075,1,1,1,7,S,A,1.0,1.0,strict,1
E2_after,227,8be0688f8987f971,0,0,0,0,L,C,0.0,0.0,relaxed,1
E2_after,228,56460068f66af015,0,1,1,3,S,A,0.0,0.0,relaxed,1
E2_after,229,f7a87fa7982f0a8f,1,0,0,4,L,A,0.0,0.0,relaxed,1
E2_after,230,a26fca7cd909af6f,1,1,1,7,S,C,1.0,1.0,relaxed,1
E2_after,231,942c136b711cc0b6,1,0,1,5,S,A,1.0,1.0,strict,1
E2_after,232,aef01cb73061536a,1,1,1,7,S,A,1.0,1.0,strict,1
E2_after,233,eb3b268e1fcc5595,0,0,0,0,L,C,0.0,0.0,relaxed,1
E2_after,234,15afb5393f4fbc35,1,0,0,4,L,A,1.0,1.0,relaxed,1
E2_after,235,8be0688f8987f971,0,0,0,0,L,A,0.0,0.0,relaxed,1
E2_after,236,8be0688f8987f971,0,0,0,0,L,C,0.0,0.0,relaxed,1
E2_after,237,cecfbc3e01dd78ba,1,1,1,7,S,A,1.0,1.0,relaxed,0
E2_after,238,19fdf250b52a0627,1,0,0,4,L,A,1.0,1.0,relaxed,1
E2_after,239,14bd36526f784eae,0,0,1,1,S,C,0.0,0.0,strict,1
E2_after,240,c27512b971517eb1,1,1,1,7,S,A,1.0,1.0,relaxed,0
E2_after,241,fbc949644d496e3b,1,0,0,4,L,A,0.0,0.0,strict,1
E2_after,242,25fe94998327165c,1,0,0,4,L,C,1.0,1.0,strict,1
E2_after,243,ae3f1ad2ebef692b,1,1,1,7,S,A,1.0,1.0,strict,1
E2_after,244,7f791b50a61933bf,1,0,0,4,L,A,1.0,1.0,relaxed,0
E2_after,245,9da2f297b5df75f4,1,0,0,4,L,C,0.0,0.0,strict,0
E2_after,246,8be0688f8987f971,0,0,0,0,L,A,0.0,0.0,relaxed,1
E2_after,247,f49745628e99711f,1,0,1,5,S,A,1.0,1.0,strict,1
E2_after,248,8be0688f8987f971,0,0,0,0,L,C,0.0,0.0,relaxed,1
E2_after,249,a116027fdbeb090c,1,0,0,4,L,A,0.0,0.0,relaxed,1
E2_after,250,9d9801b5b911d933,1,0,0,4,L,A,0.0,0.0,strict,1
E2_after,251,48ca11cb3b501bd7,0,1,1,3,S,C,0.0,0.0,relaxed,0
E2_after,252,63d4ed0f1d32956c,0,0,0,0,L,A,1.0,1.0,relaxed,0
E2_after,253,656de32d30f8a9cf,0,0,0,0,L,A,1.0,1.0,strict,1
E2_after,254,2ed69a4da522d478,0,1,1,3,S,C,0.0,0.0,relaxed,0
E2_after,255,794c33e55a9642ec,1,0,0,4,L,A,1.0,1.0,strict,1
E2_after,256,8be0688f8987f971,0,0,0,0,L,A,0.0,0.0,relaxed,1
E2_after,257,f1051b338ecbea43,1,0,0,4,L,C,0.0,0.0,strict,1
E2_after,258,fc178848511f15d7,0,0,1,1,S,A,1.0,1.0,relaxed,1
E2_after,259,aa7ad8324ca07ef4,0,1,1,3,S,A,1.0,1.0,relaxed,0
E2_after,260,b044299aa17fb0fb,1,0,1,5,S,C,1.0,1.0,relaxed,1
E2_after,261,8be0688f8987f971,0,0,0,0,L,A,0.0,0.0,relaxed,1
E2_after,262,b044299aa17fb0fb,1,0,1,5,S,A,1.0,1.0,relaxed,1
E2_after,263,8be0688f8987f971,0,0,0,0,L,C,0.0,0.0,relaxed,1
E2_after,264,c27b34a36a71bcb0,1,1,1,7,S,A,1.0,1.0,relaxed,1
E2_after,265,5f26b2e12545acad,0,0,0,0,L,A,1.0,1.0,relaxed,1
E2_after,266,8be0688f8987f971,0,0,0,0,L,C,0.0,0.0,relaxed,1
E2_after,267,f434ee9bb17de9ab,1,0,1,5,S,A,1.0,1.0,relaxed,0
E2_after,268,224acc97f2c8d0d1,0,1,1,3,S,A,0.0,0.0,relaxed,1
E2_after,269,06ba424a5952aa36,0,1,1,3,S,C,0.0,0.0,strict,1
E2_after,270,15afb5393f4fbc35,1,0,0,4,L,A,1.0,1.0,relaxed,1
E2_after,271,8be0688f8987f971,0,0,0,0,L,A,0.0,0.0,relaxed,1
E2_after,272,d2efe79d28f2eaba,0,1,1,3,S,C,1.0,1.0,relaxed,1
E2_after,273,8be0688f8987f971,0,0,0,0,L,A,0.0,0.0,relaxed,1
E2_after,274,c6f6c190d95f1a60,0,1,1,3,S,A,1.0,1.0,relaxed,1
E2_after,275,8be0688f8987f971,0,0,0,0,L,C,0.0,0.0,relaxed,1
E2_after,276,ed229ba275d3bdb0,0,0,0,0,L,A,0.0,0.0,relaxed,0
E2_after,277,8be0688f8987f971,0,0,0,0,L,A,0.0,0.0,relaxed,1
E2_after,278,de1fb395b0ff570d,0,1,1,3,S,C,1.0,1.0,relaxed,0
E2_after,279,ca5dd7bcea3db106,0,1,1,3,S,A,1.0,1.0,relaxed,1
E2_after,280,f7c16d8b4d3d873e,1,0,0,4,L,A,0.0,0.0,relaxed,0
E2_after,281,458a5a7e5aa5c348,1,0,0,4,L,C,1.0,1.0,relaxed,1
E2_after,282,e3c1103aaf9eedaf,1,0,0,4,L,A,0.0,0.0,relaxed,1
E2_after,283,c7f1652cd8b134cb,1,0,0,4,L,A,0.0,0.0,relaxed,0
E2_after,284,2ccaa243a65c2338,1,0,1,5,S,C,0.0,0.0,relaxed,1
E2_after,285,7c3797d581b361c3,1,0,1,5,S,A,0.0,0.0,relaxed,1
E2_after,286,201db73eebc23839,1,1,1,7,S,A,0.0,0.0,relaxed,1
E2_after,287,f76aeb7e7afc9665,1,0,0,4,L,C,0.0,0.0,strict,1
E2_after,288,357a6ef676b9b28a,0,0,0,0,L,A,1.0,1.0,relaxed,0
E2_after,289,60119300ab437cdc,0,1,1,3,S,A,0.0,0.0,relaxed,1
E2_after,290,060b39b06848f599,0,1,1,3,S,C,0.0,0.0,relaxed,1
E2_after,291,29301304dc8bfe86,1,0,0,4,L,A,1.0,1.0,relaxed,1
E2_after,292,a04a55a4c21ee1eb,0,1,1,3,S,A,1.0,1.0,relaxed,0
E2_after,293,19fdf250b52a0627,1,0,0,4,L,C,1.0,1.0,relaxed,1
E2_after,294,3e6f2c140acc710a,1,1,1,7,S,A,0.0,0.0,strict,1
E2_after,295,2518ffc5c570c043,1,0,0,4,L,A,1.0,1.0,relaxed,1
E2_after,296,5b08dbd55d5a9a27,1,0,0,4,L,C,1.0,1.0,strict,1
E2_after,297,ded4a3d2401a7d9b,0,1,1,3,S,A,1.0,1.0,relaxed,0
E2_after,298,8be0688f8987f971,0,0,0,0,L,A,0.0,0.0,relaxed,1
E2_after,299,63563810d109c58b,0,0,0,0,L,C,1.0,1.0,relaxed,0
E2_after,300,f4af85172691259e,1,0,1,5,S,A,1.0,1.0,relaxed,1
E2_after,301,77e04e89fa6f474b,0,0,0,0,L,A,1.0,1.0,relaxed,1
E2_after,302,f670844b84802927,0,1,1,3,S,C,1.0,1.0,strict,0
E2_after,303,7210718861e0dffb,0,1,1,3,S,A,0.0,0.0,relaxed,0
E2_after,304,794c33e55a9642ec,1,0,0,4,L,A,1.0,1.0,strict,1
E2_after,305,55a030708468fbe7,0,0,0,0,L,C,1.0,1.0,strict,0
E2_after,306,9be09c135af3cb75,1,0,0,4,L,A,0.0,0.0,relaxed,1
E2_after,307,741c589942adbf6c,0,0,1,1,S,A,0.0,0.0,relaxed,1
E2_after,308,df0d2b9e228db64b,1,0,0,4,L,C,0.0,0.0,strict,1
E2_after,309,8be0688f8987f971,0,0,0,0,L,A,0.0,0.0,relaxed,1
E2_after,310,928754d36447006f,1,1,1,7,S,A,1.0,1.0,strict,1
E2_after,311,b927e7fa6ce6af7c,1,0,0,4,L,C,0.0,0.0,relaxed,0
E2_after,312,794c33e55a9642ec,1,0,0,4,L,A,1.0,1.0,strict,1
E2_after,313,794c33e55a9642ec,1,0,0,4,L,A,1.0,1.0,strict,1
E2_after,314,65f7b0963e7e59a5,0,0,0,0,L,C,1.0,1.0,relaxed,1
E2_after,315,8be0688f8987f971,0,0,0,0,L,A,0.0,0.0,relaxed,1
E2_after,316,96d38a4cd63cd328,0,1,1,3,S,A,1.0,1.0,relaxed,0
E2_after,317,8be0688f8987f971,0,0,0,0,L,C,0.0,0.0,relaxed,1
E2_after,318,68bb6d75b69b8dfd,1,1,1,7,S,A,0.0,0.0,relaxed,0
E2_after,319,835e8ae18a2b4809,1,0,0,4,L,A,0.0,0.0,relaxed,0
E2_after,320,8061a6bfde5dc1f3,1,1,1,7,S,C,1.0,1.0,relaxed,1
E2_after,321,fd813544235fe1d1,1,0,0,4,L,A,0.0,0.0,relaxed,0
E2_after,322,89e8185e834aa5b1,1,0,0,4,L,A,0.0,0.0,relaxed,1
E2_after,323,55bfdaea69d3df9f,0,0,0,0,L,C,1.0,1.0,relaxed,0
E2_after,324,37ca882c0af06d93,1,0,0,4,L,A,1.0,1.0,relaxed,1
E2_after,325,d2afb6abda9a5fa5,0,1,1,3,S,A,1.0,1.0,relaxed,1
E2_after,326,de7f77c99d1afbba,0,1,1,3,S,C,1.0,1.0,relaxed,1
E2_after,327,84b033cc7052036c,0,0,1,1,S,A,1.0,1.0,strict,1
E2_after,328,b6229f07c6bbf5e9,1,1,1,7,S,A,1.0,1.0,strict,1
E2_after,329,83f1fd0a767cde06,1,0,0,4,L,C,0.0,0.0,relaxed,0
E2_after,330,c0f48753d52c6c4d,0,0,1,1,S,A,1.0,1.0,strict,1
E2_after,331,fa393f8f4ddfd194,0,1,1,3,S,A,1.0,1.0,relaxed,1
E2_after,332,c2ca7bfbbb28dd74,1,1,1,7,S,C,1.0,1.0,relaxed,1
E2_after,333,668860469c820c39,0,1,1,3,S,A,0.0,0.0,relaxed,0
E2_after,334,de2e8666140feddc,0,1,1,3,S,A,1.0,1.0,relaxed,1
E2_after,335,1bce20451e275594,0,0,0,0,L,C,1.0,1.0,strict,0
E2_after,336,47fd91850f6b9cfb,0,0,0,0,L,A,1.0,1.0,relaxed,0
E2_after,337,15afb5393f4fbc35,1,0,0,4,L,A,1.0,1.0,relaxed,1
E2_after,338,d62398ce6bead193,1,1,1,7,S,C,1.0,1.0,relaxed,1
E2_after,339,b044299aa17fb0fb,1,0,1,5,S,A,1.0,1.0,relaxed,1
E2_after,340,d7d89c85a1c19f16,0,0,0,0,L,A,0.0,0.0,relaxed,1
E2_after,341,8be0688f8987f971,0,0,0,0,L,C,0.0,0.0,relaxed,1
E2_after,342,4b5b032139586aa0,0,0,0,0,L,A,1.0,1.0,relaxed,1
E2_after,343,8be0688f8987f971,0,0,0,0,L,A,0.0,0.0,relaxed,1
E2_after,344,70c52d1c721c956e,1,0,1,5,S,C,0.0,0.0,relaxed,1
E2_after,345,ede42afc48f66082,0,0,0,0,L,A,0.0,0.0,relaxed,0
E2_after,346,19fdf250b52a0627,1,0,0,4,L,A,1.0,1.0,relaxed,1
E2_after,347,8be0688f8987f971,0,0,0,0,L,C,0.0,0.0,relaxed,1
E2_after,348,f4af85172691259e,1,0,1,5,S,A,1.0,1.0,relaxed,1
E2_after,349,8be0688f8987f971,0,0,0,0,L,A,0.0,0.0,relaxed,1
E2_after,350,15afb5393f4fbc35,1,0,0,4,L,C,1.0,1.0,relaxed,1
E2_after,351,682e3cf10c5eca08,1,1,1,7,S,A,0.0,0.0,strict,1
E2_after,352,7e59a117ed20c612,0,1,1,3,S,A,0.0,0.0,relaxed,1
E2_after,353,e5d89b3c128dd316,1,0,0,4,L,C,0.0,0.0,relaxed,1
E2_after,354,06849f0ce93b682a,0,1,1,3,S,A,0.0,0.0,relaxed,0
E2_after,355,8820402744879598,0,1,1,3,S,A,1.0,1.0,relaxed,0
E2_after,356,6e6e88ddf14cc4f3,1,1,1,7,S,C,0.0,0.0,strict,1
E2_after,357,17199f29c41a5b8d,0,0,0,0,L,A,1.0,1.0,relaxed,1
E2_after,358,70de6319b88ae22b,1,0,1,5,S,A,0.0,0.0,strict,1
E2_after,359,adc035305459d830,1,0,0,4,L,C,0.0,0.0,strict,0
E2_after,360,db497994567a401d,0,0,0,0,L,A,0.0,0.0,relaxed,0
E2_after,361,bb0d796e778f5451,0,0,0,0,L,A,0.0,0.0,strict,1
E2_after,362,a2f5c5a2e7fad28c,1,1,1,7,S,C,1.0,1.0,strict,1
E2_after,363,3705dffce398f19d,1,0,0,4,L,A,1.0,1.0,strict,1
E2_after,364,91e77cc8b2188464,1,0,0,4,L,A,0.0,0.0,relaxed,0
E2_after,365,80d5f609536ab93e,1,1,1,7,S,C,1.0,1.0,relaxed,1
E2_after,366,e4756adc5e22de12,0,0,1,1,S,A,1.0,1.0,relaxed,0
E2_after,367,a67e87690fa9a386,0,1,1,3,S,A,1.0,1.0,relaxed,1
E2_after,368,8e52f62d1da85ff3,0,1,1,3,S,C,1.0,1.0,relaxed,0
E2_after,369,3b4cd3699320457e,1,0,0,4,L,A,1.0,1.0,relaxed,1
E2_after,370,ce03e5c5bc536689,1,1,1,7,S,A,1.0,1.0,relaxed,1
E2_after,371,ee7a68da673a0376,0,1,1,3,S,C,1.0,1.0,strict,1
E2_after,372,ba7318e42ae0caa7,1,1,1,7,S,A,1.0,1.0,strict,1
E2_after,373,59d8ce00ee0b8859,0,0,0,0,L,A,1.0,1.0,relaxed,1
E2_after,374,c1ec4b0fbb4375da,1,0,0,4,L,C,0.0,0.0,relaxed,0
E2_after,375,3e5a752167945e01,1,1,1,7,S,A,0.0,0.0,strict,0
E2_after,376,8be0688f8987f971,0,0,0,0,L,A,0.0,0.0,relaxed,1
E2_after,377,56490a39635972c3,0,1,1,3,S,C,0.0,0.0,relaxed,1
E2_after,378,8be0688f8987f971,0,0,0,0,L,A,0.0,0.0,relaxed,1
E2_after,379,87d9c2b3d111bed4,0,0,0,0,L,A,0.0,0.0,relaxed,1
E2_after,380,7a0de5fd6d0cb0bd,1,1,1,7,S,C,0.0,0.0,relaxed,1
E2_after,381,829afc54c4f442bf,0,1,1,3,S,A,1.0,1.0,relaxed,0
E2_after,382,ae541b555854a2b3,1,1,1,7,S,A,1.0,1.0,strict,1
E2_after,383,aa7f09653ad032b7,0,1,1,3,S,C,1.0,1.0,relaxed,1
E2_after,384,d32215034a6128b7,1,0,0,4,L,A,0.0,0.0,relaxed,0
E2_after,385,8be0688f8987f971,0,0,0,0,L,A,0.0,0.0,relaxed,1
E2_after,386,75a7e8686fea7422,1,0,0,4,L,C,1.0,1.0,relaxed,0
E2_after,387,197a808e777b6d0a,1,0,0,4,L,A,1.0,1.0,strict,0
E2_after,388,f9cd91ed1d297202,0,0,0,0,L,A,0.0,0.0,strict,1
E2_after,389,4f67577be5ec646b,1,0,0,4,L,C,1.0,1.0,relaxed,1
E2_after,390,1a71683889339981,1,1,1,7,S,A,0.0,0.0,strict,1
E2_after,391,8be0688f8987f971,0,0,0,0,L,A,0.0,0.0,relaxed,1
E2_after,392,6ec8523138529838,1,1,1,7,S,C,0.0,0.0,relaxed,1
E2_after,393,235832dd0c7e5a1d,1,0,0,4,L,A,1.0,1.0,strict,0
E2_after,394,18aaf6c51b85170f,0,1,1,3,S,A,0.0,0.0,relaxed,0
E2_after,395,794c33e55a9642ec,1,0,0,4,L,C,1.0,1.0,strict,1
E2_after,396,3b4cd3699320457e,1,0,0,4,L,A,1.0,1.0,relaxed,1
E2_after,397,54efd2aef570fb86,1,0,1,5,S,A,0.0,0.0,strict,1
E2_after,398,bbb9fd87a5e0a729,0,0,0,0,L,C,0.0,0.0,relaxed,0
E2_after,399,9f096d3a4269664a,0,0,0,0,L,A,0.0,0.0,strict,1
E2_after,400,a7a9233798cd4f54,1,0,0,4,L,A,0.0,0.0,relaxed,0
E2_after,401,37fbe3b3595c4226,1,0,0,4,L,C,1.0,1.0,relaxed,0
E2_after,402,4f31607e9da32b4e,1,0,0,4,L,A,1.0,1.0,strict,1
E2_after,403,5ca0c4cf48d2b55d,0,0,1,1,S,A,0.0,0.0,relaxed,1
E2_after,404,effe5298850d0d2e,1,0,0,4,L,C,0.0,0.0,relaxed,0
E2_after,405,7c73a637f1fd1656,1,0,1,5,S,A,0.0,0.0,relaxed,1
E2_after,406,ce03e5c5bc536689,1,1,1,7,S,A,1.0,1.0,relaxed,1
E2_after,407,2498ddd579278dad,0,0,1,1,S,C,0.0,0.0,strict,1
E2_after,408,c4ad25fa1122058b,1,0,1,5,S,A,1.0,1.0,relaxed,0
E2_after,409,6f856a54f142c283,0,0,0,0,L,A,1.0,1.0,relaxed,0
E2_after,410,58dd548716dffc8a,1,1,1,7,S,C,0.0,0.0,strict,1
E2_after,411,5b3744eef21a87a0,1,0,0,4,L,A,1.0,1.0,strict,1
E2_after,412,b5e58ef16d084fad,1,0,0,4,L,A,0.0,0.0,strict,1
E2_after,413,25b9349d89cbf2c7,1,0,0,4,L,C,1.0,1.0,strict,0
E2_after,414,fd8434b112ea047a,1,0,0,4,L,A,0.0,0.0,strict,1
E2_after,415,2dfaacd8347e1ba3,0,0,0,0,L,A,1.0,1.0,relaxed,0
E2_after,416,794c33e55a9642ec,1,0,0,4,L,C,1.0,1.0,relaxed,1
E2_after,417,e07fbe35ee8a95a3,1,1,1,7,S,A,1.0,1.0,relaxed,1
E2_after,418,388c92ff18fa14ad,1,1,1,7,S,A,0.0,0.0,strict,0
E2_after,419,d2efe79d28f2eaba,0,1,1,3,S,C,1.0,1.0,relaxed,1
E2_after,420,f0f7d40cc09349e5,0,0,1,1,S,A,1.0,1.0,strict,1
E2_after,421,44d56457d8fd839b,0,0,1,1,S,A,0.0,0.0,relaxed,0
E2_after,422,8be0688f8987f971,0,0,0,0,L,C,0.0,0.0,relaxed,1
E2_after,423,516a537242576cac,1,0,0,4,L,A,1.0,1.0,relaxed,0
E2_after,424,f4af85172691259e,1,0,1,5,S,A,1.0,1.0,relaxed,1
E2_after,425,8be0688f8987f971,0,0,0,0,L,C,0.0,0.0,relaxed,1
E2_after,426,794c33e55a9642ec,1,0,0,4,L,A,1.0,1.0,strict,1
E2_after,427,82ce66de986d6bb6,0,1,1,3,S,A,1.0,1.0,relaxed,0
E2_after,428,201db73eebc23839,1,1,1,7,S,C,0.0,0.0,relaxed,1
E2_after,429,c477741078cbae5c,1,0,1,5,S,A,1.0,1.0,relaxed,0
E2_after,430,b624e64e50317e87,1,1,1,7,S,A,1.0,1.0,relaxed,1
E2_after,431,4f292d7f86b757c2,1,0,0,4,L,C,1.0,1.0,relaxed,0
E2_after,432,f407c6283708c741,1,0,1,5,S,A,1.0,1.0,strict,0
E2_after,433,d96150c56c8987e0,1,0,0,4,L,A,0.0,0.0,strict,1
E2_after,434,fb28ae96b2777616,1,0,0,4,L,C,0.0,0.0,relaxed,1
E2_after,435,ee47b7e44e4fd525,0,1,1,3,S,A,1.0,1.0,strict,1
E2_after,436,718604d0aee967f4,0,0,0,0,L,A,1.0,1.0,relaxed,1
E2_after,437,39c553c5a2dc027d,0,0,0,0,L,C,1.0,1.0,relaxed,0
E2_after,438,cbfebbb5c6a3fd09,1,0,0,4,L,A,0.0,0.0,relaxed,0
E2_after,439,e122828327711976,0,0,0,0,L,A,0.0,0.0,relaxed,0
E2_after,440,430cc448073d1855,1,0,0,4,L,C,1.0,1.0,relaxed,0
E2_after,441,201db73eebc23839,1,1,1,7,S,A,0.0,0.0,relaxed,1
E2_after,442,01d971c7bbda7733,1,0,0,4,L,A,1.0,1.0,relaxed,1
E2_after,443,af1c9ec5be7cbdbe,0,0,0,0,L,C,0.0,0.0,strict,1
E2_after,444,a6ea3b97607b8a63,0,1,1,3,S,A,1.0,1.0,strict,1
E2_after,445,ce03e5c5bc536689,1,1,1,7,S,A,1.0,1.0,relaxed,1
E2_after,446,aacf59238018ba52,0,1,1,3,S,C,1.0,1.0,relaxed,0
E2_after,447,bba839820b89dba7,0,0,0,0,L,A,0.0,0.0,strict,1
E2_after,448,8be0688f8987f971,0,0,0,0,L,A,0.0,0.0,relaxed,1
E2_after,449,407664a7fe57b2d0,1,0,1,5,S,C,0.0,0.0,relaxed,1
E2_after,450,8be0688f8987f971,0,0,0,0,L,A,0.0,0.0,relaxed,1
E2_after,451,1064f17190bd9d70,1,0,1,5,S,A,0.0,0.0,relaxed,0
E2_after,452,82f1658e47b2b26f,0,1,1,3,S,C,1.0,1.0,relaxed,1
E2_after,453,5242eccbf1ae1149,1,1,1,7,S,A,0.0,0.0,strict,1
E2_after,454,df7a68c70aaccb6d,1,0,0,4,L,A,0.0,0.0,relaxed,1
E2_after,455,578d31effc032fa3,1,0,0,4,L,C,1.0,1.0,relaxed,0
E2_after,456,2d057858495b20f7,0,0,0,0,L,A,1.0,1.0,relaxed,0
E2_after,457,0cc4a70ba99925df,0,0,1,1,S,A,0.0,0.0,relaxed,0
E2_after,458,a46accd92fc48390,1,0,1,5,S,C,1.0,1.0,strict,1
E2_after,459,7f6b422641f0c458,1,0,0,4,L,A,1.0,1.0,relaxed,1
E2_after,460,b6ba406c738e0b0b,1,1,1,7,S,A,1.0,1.0,relaxed,1
E2_after,461,44871df9e59f9b17,0,0,1,1,S,C,0.0,0.0,strict,1
E2_after,462,314540b0bdc23809,1,0,0,4,L,A,1.0,1.0,relaxed,1
E2_after,463,0041d95cb977c98a,0,0,1,1,S,A,0.0,0.0,relaxed,1
E2_after,464,3b28868d8f766d3f,1,0,0,4,L,C,1.0,1.0,relaxed,0
E2_after,465,ab0796d28a14d122,1,0,0,4,L,A,0.0,0.0,relaxed,1
E2_after,466,3b4cd3699320457e,1,0,0,4,L,A,1.0,1.0,strict,1
E2_after,467,61d55500ea34b3b0,1,0,0,4,L,C,1.0,1.0,relaxed,1
E2_after,468,0ffe0535325c9c68,0,0,0,0,L,A,1.0,1.0,strict,1
E2_after,469,8be0688f8987f971,0,0,0,0,L,A,0.0,0.0,relaxed,1
E2_after,470,19c84d3f4f5065e6,1,0,0,4,L,C,1.0,1.0,relaxed,0
E2_after,471,830ae71591c0c28d,1,0,0,4,L,A,0.0,0.0,relaxed,0
E2_after,472,82d8e5d1a06ede3f,0,1,1,3,S,A,1.0,1.0,relaxed,1
E2_after,473,f4af85172691259e,1,0,1,5,S,C,1.0,1.0,relaxed,1
E2_after,474,29301304dc8bfe86,1,0,0,4,L,A,1.0,1.0,relaxed,1
E2_after,475,f4af85172691259e,1,0,1,5,S,A,1.0,1.0,relaxed,1
E2_after,476,22588a76463b5584,0,1,1,3,S,C,0.0,0.0,relaxed,1
E2_after,477,77e04e89fa6f474b,0,0,0,0,L,A,1.0,1.0,relaxed,1
E2_after,478,f67f305d26c75f11,0,1,1,3,S,A,1.0,1.0,relaxed,1
E2_after,479,bf6af920189fae9f,1,0,0,4,L,C,0.0,0.0,strict,0
E2_after,480,a870d9552e2364ab,1,1,1,7,S,A,1.0,1.0,relaxed,1
E2_after,481,794c33e55a9642ec,1,0,0,4,L,A,1.0,1.0,strict,1
E2_after,482,df652290b4122e70,1,0,0,4,L,C,0.0,0.0,strict,1
E2_after,483,794c33e55a9642ec,1,0,0,4,L,A,1.0,1.0,strict,1
E2_after,484,ba78227b6e0d6075,1,1,1,7,S,A,1.0,1.0,strict,1
E2_after,485,b11d724e4597d519,0,0,0,0,L,C,0.0,0.0,strict,0
E2_after,486,831cf73311a00b49,1,0,0,4,L,A,0.0,0.0,relaxed,0
E2_after,487,cf443bd85d689c5c,0,0,0,0,L,A,0.0,0.0,relaxed,1
E2_after,488,c4e56a10fa689059,1,0,1,5,S,C,1.0,1.0,relaxed,1
E2_after,489,3b4cd3699320457e,1,0,0,4,L,A,1.0,1.0,relaxed,1
E2_after,490,bf8503937cfb10fb,1,0,0,4,L,A,0.0,0.0,strict,1
E2_after,491,aeaf8481802148ec,1,1,1,7,S,C,1.0,1.0,relaxed,1
E2_after,492,77e04e89fa6f474b,0,0,0,0,L,A,1.0,1.0,relaxed,1
E2_after,493,b4cf0dcf8fa01ef1,0,0,1,1,S,A,1.0,1.0,relaxed,1
E2_after,494,15afb5393f4fbc35,1,0,0,4,L,C,1.0,1.0,relaxed,1
E2_after,495,0b74652ca519e006,1,0,0,4,L,A,1.0,1.0,relaxed,0
E2_after,496,71c6de6fb398a072,0,0,0,0,L,A,1.0,1.0,strict,0
E2_after,497,337b8a3feaffb176,0,0,0,0,L,C,1.0,1.0,strict,1
E2_after,498,201db73eebc23839,1,1,1,7,S,A,0.0,0.0,relaxed,1
E2_after,499,3b4cd3699320457e,1,0,0,4,L,A,1.0,1.0,relaxed,1
E2_after,500,681b1155753bae32,1,1,1,7,S,C,0.0,0.0,relaxed,1
E2_after,501,576ca88bdcc5643c,1,0,0,4,L,A,1.0,1.0,relaxed,1
E2_after,502,794c33e55a9642ec,1,0,0,4,L,A,1.0,1.0,strict,1
E2_after,503,4afb4b8c24d8ec29,1,1,1,7,S,C,0.0,0.0,relaxed,1
E2_after,504,794c33e55a9642ec,1,0,0,4,L,A,1.0,1.0,strict,1
E2_after,505,e763e8b8f54083f2,0,0,0,0,L,A,0.0,0.0,relaxed,0
E2_after,506,794c33e55a9642ec,1,0,0,4,L,C,1.0,1.0,strict,1
E2_after,507,8be0688f8987f971,0,0,0,0,L,A,0.0,0.0,relaxed,1
E2_after,508,8be0688f8987f971,0,0,0,0,L,A,0.0,0.0,relaxed,1
E2_after,509,b947f81a53ffe381,1,0,0,4,L,C,0.0,0.0,strict,1
E2_after,510,c1e0b0d82a12d7fc,1,0,0,4,L,A,0.0,0.0,relaxed,0
E2_after,511,606d46379853083e,0,1,1,3,S,A,0.0,0.0,strict,0
E2_after,512,54774b336a89a7aa,1,0,1,5,S,C,0.0,0.0,relaxed,0
E2_after,513,536060d0becba189,0,0,0,0,L,A,1.0,1.0,relaxed,1
E2_after,514,8be0688f8987f971,0,0,0,0,L,A,0.0,0.0,relaxed,1
E2_after,515,12e7681acff5c847,0,1,1,3,S,C,0.0,0.0,relaxed,0
E2_after,516,14f153af5c28921c,0,0,1,1,S,A,0.0,0.0,strict,0
E2_after,517,fae5c0f61bf3e85f,0,1,1,3,S,A,1.0,1.0,relaxed,1
E2_after,518,ce03e5c5bc536689,1,1,1,7,S,C,1.0,1.0,relaxed,1
E2_after,519,795c7cc41deca23c,1,0,0,4,L,A,1.0,1.0,strict,0
E2_after,520,d168995bc056e4b6,0,0,0,0,L,A,0.0,0.0,relaxed,1
E2_after,521,8be0688f8987f971,0,0,0,0,L,C,0.0,0.0,relaxed,1
E2_after,522,eb9b48c953450e93,0,0,0,0,L,A,0.0,0.0,relaxed,0
E2_after,523,eb53198717943fe2,0,0,0,0,L,A,0.0,0.0,relaxed,0
E2_after,524,89e52276c314bb6b,1,0,0,4,L,C,0.0,0.0,relaxed,1
E2_after,525,a08a10ed85a8f366,0,1,1,3,S,A,1.0,1.0,relaxed,1
E2_after,526,15afb5393f4fbc35,1,0,0,4,L,A,1.0,1.0,relaxed,1
E2_after,527,6d34d941aef6a5d8,1,0,0,4,L,C,1.0,1.0,strict,0
E2_after,528,060b39b06848f599,0,1,1,3,S,A,0.0,0.0,relaxed,1
E2_after,529,766ffd9008ebb8a4,1,1,1,7,S,A,0.0,0.0,relaxed,1
E2_after,530,764a4df75f2b741a,1,1,1,7,S,C,0.0,0.0,strict,1
E2_after,531,824c1ba58206c730,0,1,1,3,S,A,1.0,1.0,relaxed,1
E2_after,532,7f6b422641f0c458,1,0,0,4,L,A,1.0,1.0,relaxed,1
E2_after,533,201db73eebc23839,1,1,1,7,S,C,0.0,0.0,relaxed,1
E2_after,534,8be0688f8987f971,0,0,0,0,L,A,0.0,0.0,relaxed,1
E2_after,535,67d0ed36e227b521,1,0,0,4,L,A,1.0,1.0,relaxed,1
E2_after,536,7bd5b3c3f90efdb8,0,0,0,0,L,C,1.0,1.0,strict,0
E2_after,537,577d42b983d38a08,1,0,0,4,L,A,1.0,1.0,relaxed,0
E2_after,538,1320395e6722cc4e,1,0,0,4,L,A,1.0,1.0,relaxed,0
E2_after,539,751bba894f181ee5,1,0,0,4,L,C,1.0,1.0,relaxed,0
E2_after,540,4773bf19272e2a41,0,0,0,0,L,A,1.0,1.0,relaxed,1
E2_after,541,8be0688f8987f971,0,0,0,0,L,A,0.0,0.0,relaxed,1
E2_after,542,794c33e55a9642ec,1,0,0,4,L,C,1.0,1.0,strict,1
E2_after,543,2b10290dca977868,0,0,0,0,L,A,1.0,1.0,relaxed,1
E2_after,544,3b4cd3699320457e,1,0,0,4,L,A,1.0,1.0,relaxed,1
E2_after,545,01dc90586f515906,1,0,0,4,L,C,1.0,1.0,relaxed,0
E2_after,546,8be0688f8987f971,0,0,0,0,L,A,0.0,0.0,relaxed,1
E2_after,547,190f60a6e99e02b5,1,0,0,4,L,A,1.0,1.0,relaxed,0
E2_after,548,47eb669a611d49ff,0,0,0,0,L,C,1.0,1.0,relaxed,0
E2_after,549,786c97e1521fc7f5,0,1,1,3,S,A,0.0,0.0,relaxed,0
E2_after,550,a5933ca535b49eb6,0,0,0,0,L,A,0.0,0.0,strict,1
E2_after,551,a5cbf9d227b5f2db,0,0,0,0,L,C,0.0,0.0,relaxed,1
E2_after,552,bab6d39bc870f7bc,1,1,1,7,S,A,1.0,1.0,relaxed,1
E2_after,553,8be0688f8987f971,0,0,0,0,L,A,0.0,0.0,relaxed,1
E2_after,554,bb3f91d285a35c02,0,0,0,0,L,C,0.0,0.0,strict,1
E2_after,555,2385f9b838f81fe0,1,0,0,4,L,A,1.0,1.0,relaxed,0
E2_after,556,b97ec6e959094bad,1,0,0,4,L,A,0.0,0.0,relaxed,0
E2_after,557,ce03e5c5bc536689,1,1,1,7,S,C,1.0,1.0,relaxed,1
E2_after,558,7505dc58ddce8893,1,0,0,4,L,A,1.0,1.0,relaxed,0
E2_after,559,8be0688f8987f971,0,0,0,0,L,A,0.0,0.0,relaxed,1
E2_after,560,73cf0e3135c47f62,1,0,0,4,L,C,1.0,1.0,strict,0
E2_after,561,8be0688f8987f971,0,0,0,0,L,A,0.0,0.0,relaxed,1
E2_after,562,8be0688f8987f971,0,0,0,0,L,A,0.0,0.0,relaxed,1
E2_after,563,167becc5e681ec9e,1,1,1,7,S,C,0.0,0.0,strict,1
E2_after,564,201db73eebc23839,1,1,1,7,S,A,0.0,0.0,relaxed,1
E2_after,565,57646d3cf84402da,1,0,0,4,L,A,1.0,1.0,strict,1
E2_after,566,8be0688f8987f971,0,0,0,0,L,C,0.0,0.0,relaxed,1
E2_after,567,794c33e55a9642ec,1,0,0,4,L,A,1.0,1.0,strict,1
E2_after,568,569117f031619e09,0,1,1,3,S,A,0.0,0.0,relaxed,1
E2_after,569,22832945f17a76c5,0,1,1,3,S,C,0.0,0.0,relaxed,1
E2_after,570,794c33e55a9642ec,1,0,0,4,L,A,1.0,1.0,strict,1
E2_after,571,467d7a6eed644127,1,1,1,7,S,A,0.0,0.0,relaxed,1
E2_after,572,8be0688f8987f971,0,0,0,0,L,C,0.0,0.0,relaxed,1
E2_after,573,5ba9ad824f1119dd,1,0,0,4,L,A,1.0,1.0,relaxed,1
E2_after,574,95dc5f7ca996f03c,0,0,0,0,L,A,0.0,0.0,strict,0
E2_after,575,ce03e5c5bc536689,1,1,1,7,S,C,1.0,1.0,relaxed,1
E2_after,576,59d8ce00ee0b8859,0,0,0,0,L,A,1.0,1.0,relaxed,1
E2_after,577,e9c5f0688372dcfd,1,0,0,4,L,A,0.0,0.0,relaxed,1
E2_after,578,15afb5393f4fbc35,1,0,0,4,L,C,1.0,1.0,relaxed,1
E2_after,579,caf9d5c2fd4a974f,0,1,1,3,S,A,1.0,1.0,strict,0
E2_after,580,77e04e89fa6f474b,0,0,0,0,L,A,1.0,1.0,relaxed,1
E2_after,581,794c33e55a9642ec,1,0,0,4,L,C,1.0,1.0,strict,1
E2_after,582,784eb5e879eed0ec,0,1,1,3,S,A,0.0,0.0,strict,1
E2_after,583,57167505009831a0,1,0,0,4,L,A,1.0,1.0,relaxed,1
E2_after,584,bf89ca1a3dfd07e2,1,0,0,4,L,C,0.0,0.0,relaxed,1
E2_after,585,8be0688f8987f971,0,0,0,0,L,A,0.0,0.0,relaxed,1
E2_after,586,89e52276c314bb6b,1,0,0,4,L,A,0.0,0.0,relaxed,1
E2_after,587,2ad83b71e400bba9,1,1,1,7,S,C,0.0,0.0,relaxed,1
E2_after,588,91e9a014a7924aa7,1,0,0,4,L,A,0.0,0.0,relaxed,1
E2_after,589,322093e4943cde14,1,1,1,7,S,A,0.0,0.0,relaxed,0
E2_after,590,d2efe79d28f2eaba,0,1,1,3,S,C,1.0,1.0,relaxed,1
E2_after,591,ed3b4bff63870eed,0,0,0,0,L,A,0.0,0.0,relaxed,0
E2_after,592,38db61cb94b2df71,1,1,1,7,S,A,0.0,0.0,relaxed,0
E2_after,593,8d5cff26d12df1ad,0,0,0,0,L,C,0.0,0.0,relaxed,0
E2_after,594,49403e05e9894855,1,0,0,4,L,A,1.0,1.0,strict,1
E2_after,595,be41e144ca679ce7,0,1,1,3,S,A,1.0,1.0,relaxed,1
E2_after,596,9c49cdb6d1a0087d,0,0,1,1,S,C,1.0,1.0,relaxed,0
E2_after,597,a1b4083123b3b8aa,1,0,0,4,L,A,0.0,0.0,relaxed,1
E2_after,598,8be0688f8987f971,0,0,0,0,L,A,0.0,0.0,relaxed,1
E2_after,599,7f2b65f6185f1ee6,1,0,0,4,L,C,1.0,1.0,relaxed,1
E2_after,600,36f8c22cd36fb2ef,0,1,1,3,S,A,0.0,0.0,strict,0
E2_after,601,1e16fa7145f937b3,0,1,1,3,S,A,0.0,0.0,strict,0
E2_after,602,bc0d0d9130f4c8d7,1,0,1,5,S,C,1.0,1.0,relaxed,0
E2_after,603,61d55500ea34b3b0,1,0,0,4,L,A,1.0,1.0,relaxed,1
E2_after,604,c7b605d7931132ca,1,0,0,4,L,A,0.0,0.0,strict,1
E2_after,605,b044299aa17fb0fb,1,0,1,5,S,C,1.0,1.0,relaxed,1
E2_after,606,19fdf250b52a0627,1,0,0,4,L,A,1.0,1.0,strict,1
E2_after,607,b42b6a1db81802e4,0,0,1,1,S,A,1.0,1.0,strict,1
E2_after,608,dcbee20224f62798,1,0,1,5,S,C,1.0,1.0,relaxed,1
E2_after,609,ac206336112b1af3,0,0,1,1,S,A,1.0,1.0,relaxed,1
E2_after,610,d5b36572d070b07d,1,0,0,4,L,A,0.0,0.0,strict,1
E2_after,611,6a5833a02c78491b,0,1,1,3,S,C,0.0,0.0,relaxed,0
E2_after,612,77e0f7dffb09cd7c,0,0,0,0,L,A,1.0,1.0,relaxed,0
E2_after,613,a59b4badc6070233,0,0,0,0,L,A,0.0,0.0,strict,1
E2_after,614,19fdf250b52a0627,1,0,0,4,L,C,1.0,1.0,relaxed,1
E2_after,615,ffdaa734a1705469,0,0,0,0,L,A,0.0,0.0,relaxed,0
E2_after,616,8be0688f8987f971,0,0,0,0,L,A,0.0,0.0,relaxed,1
E2_after,617,b044299aa17fb0fb,1,0,1,5,S,C,1.0,1.0,relaxed,1
E2_after,618,296e89fa63f2c6df,1,0,0,4,L,A,1.0,1.0,relaxed,1
E2_after,619,8be0688f8987f971,0,0,0,0,L,A,0.0,0.0,relaxed,1
E2_after,620,27edf1569a8a6db5,0,0,0,0,L,C,1.0,1.0,relaxed,1
E2_after,621,15afb5393f4fbc35,1,0,0,4,L,A,1.0,1.0,relaxed,1
E2_after,622,8cea348149c97521,1,0,1,5,S,A,1.0,1.0,strict,1
E2_after,623,26e8d0c3ae83b814,1,1,1,7,S,C,0.0,0.0,relaxed,1
E2_after,624,8eda64715802efa1,0,1,1,3,S,A,1.0,1.0,strict,0
E2_after,625,2d074a7d553ad556,0,0,0,0,L,A,1.0,1.0,relaxed,1
E2_after,626,ba78227b6e0d6075,1,1,1,7,S,C,1.0,1.0,strict,1
E2_after,627,8be0688f8987f971,0,0,0,0,L,A,0.0,0.0,relaxed,1
E2_after,628,415c12c21d1729ae,0,0,0,0,L,A,1.0,1.0,relaxed,0
E2_after,629,f4af85172691259e,1,0,1,5,S,C,1.0,1.0,relaxed,1
E2_after,630,3cab30208e50c884,0,0,1,1,S,A,0.0,0.0,relaxed,1
E2_after,631,6bff8ab812da73e7,1,0,0,4,L,A,1.0,1.0,relaxed,1
E2_after,632,3bdea208daa320c3,1,0,0,4,L,C,1.0,1.0,relaxed,1
E2_after,633,7e6909e19189ac5a,0,1,1,3,S,A,0.0,0.0,strict,0
E2_after,634,b817e86610487ce7,0,1,1,3,S,A,1.0,1.0,relaxed,1
E2_after,635,29268d4a29efb03c,1,0,0,4,L,C,1.0,1.0,relaxed,0
E2_after,636,d6f7d118869e85ab,1,1,1,7,S,A,1.0,1.0,relaxed,0
E2_after,637,8be0688f8987f971,0,0,0,0,L,A,0.0,0.0,relaxed,1
E2_after,638,ce03e5c5bc536689,1,1,1,7,S,C,1.0,1.0,relaxed,1
E2_after,639,459b1a3dada68446,1,0,0,4,L,A,1.0,1.0,relaxed,0
E2_after,640,6d2cf40a80392583,1,0,0,4,L,A,1.0,1.0,strict,1
E2_after,641,8be0688f8987f971,0,0,0,0,L,C,0.0,0.0,relaxed,1
E2_after,642,86a71798ddf79e4c,1,1,1,7,S,A,1.0,1.0,strict,1
E2_after,643,28d224c0b29bf780,0,1,1,3,S,A,0.0,0.0,relaxed,0
E2_after,644,9d991ff98f71d734,1,0,0,4,L,C,0.0,0.0,relaxed,0
E2_after,645,c1f114a18a45c877,1,0,0,4,L,A,0.0,0.0,strict,1
E2_after,646,62cc7e49ca6002c5,1,1,1,7,S,A,0.0,0.0,strict,0
E2_after,647,8be0688f8987f971,0,0,0,0,L,C,0.0,0.0,relaxed,1
E2_after,648,59d8ce00ee0b8859,0,0,0,0,L,A,1.0,1.0,relaxed,1
E2_after,649,475e753ad49fb9ed,0,0,0,0,L,A,1.0,1.0,relaxed,1
E2_after,650,cf648894a7ba48bd,0,0,0,0,L,C,0.0,0.0,relaxed,0
E2_after,651,0343d37539faa12d,0,0,0,0,L,A,1.0,1.0,strict,1
E2_after,652,e72d6fc936671c8f,0,0,0,0,L,A,0.0,0.0,relaxed,0
E2_after,653,ce03e5c5bc536689,1,1,1,7,S,C,1.0,1.0,relaxed,1
E2_after,654,794c33e55a9642ec,1,0,0,4,L,A,1.0,1.0,strict,1
E2_after,655,cca66dc70eea71f8,0,0,1,1,S,A,1.0,1.0,relaxed,1
E2_after,656,b9456d1a7263e805,1,0,0,4,L,C,0.0,0.0,relaxed,1
E2_after,657,15afb5393f4fbc35,1,0,0,4,L,A,1.0,1.0,relaxed,1
E2_after,658,19e0c2357cd0cadc,1,0,0,4,L,A,1.0,1.0,relaxed,1
E2_after,659,8be0688f8987f971,0,0,0,0,L,C,0.0,0.0,relaxed,1
E2_after,660,61d55500ea34b3b0,1,0,0,4,L,A,1.0,1.0,strict,1
E2_after,661,766ffd9008ebb8a4,1,1,1,7,S,A,0.0,0.0,relaxed,1
E2_after,662,6703e6a9214e945d,1,0,0,4,L,C,1.0,1.0,relaxed,1
E2_after,663,3e2e303b61114719,1,1,1,7,S,A,0.0,0.0,relaxed,0
E2_after,664,b044299aa17fb0fb,1,0,1,5,S,A,1.0,1.0,relaxed,1
E2_after,665,8be0688f8987f971,0,0,0,0,L,C,0.0,0.0,relaxed,1
E2_after,666,fce406e2ed022cbb,0,0,1,1,S,A,1.0,1.0,relaxed,1
E2_after,667,ef2a6eed54a51695,1,0,0,4,L,A,0.0,0.0,relaxed,1
E2_after,668,8be0688f8987f971,0,0,0,0,L,C,0.0,0.0,relaxed,1
E2_after,669,41dfd4fa390eb34f,0,0,0,0,L,A,1.0,1.0,relaxed,0
E2_after,670,6bff8ab812da73e7,1,0,0,4,L,A,1.0,1.0,relaxed,1
E2_after,671,8be0688f8987f971,0,0,0,0,L,C,0.0,0.0,relaxed,1
E2_after,672,0e2a8eea61007175,1,1,1,7,S,A,0.0,0.0,relaxed,0
E2_after,673,8be0688f8987f971,0,0,0,0,L,A,0.0,0.0,relaxed,1
E2_after,674,8be0688f8987f971,0,0,0,0,L,C,0.0,0.0,relaxed,1
E2_after,675,15afb5393f4fbc35,1,0,0,4,L,A,1.0,1.0,relaxed,1
E2_after,676,3b4cd3699320457e,1,0,0,4,L,A,1.0,1.0,relaxed,1
E2_after,677,8be0688f8987f971,0,0,0,0,L,C,0.0,0.0,relaxed,1
E2_after,678,fdf510562be60e2e,1,0,0,4,L,A,0.0,0.0,relaxed,0
E2_after,679,389fa3059c2ca987,1,1,1,7,S,A,0.0,0.0,relaxed,1
E2_after,680,a8ced0afaa3b9c50,1,1,1,7,S,C,1.0,1.0,relaxed,1
E2_after,681,1230c2603fce4e48,0,1,1,3,S,A,0.0,0.0,relaxed,1
E2_after,682,cb9ac36ea0def658,1,0,0,4,L,A,0.0,0.0,relaxed,1
E2_after,683,77e04e89fa6f474b,0,0,0,0,L,C,1.0,1.0,relaxed,1
E2_after,684,8be0688f8987f971,0,0,0,0,L,A,0.0,0.0,relaxed,1
E2_after,685,b4519b3e56196d6e,0,0,1,1,S,A,1.0,1.0,strict,1
E2_after,686,dc0b70c3abbaadba,1,0,1,5,S,C,1.0,1.0,strict,1
E2_after,687,1a7ccdfc36429135,1,1,1,7,S,A,0.0,0.0,relaxed,1
E2_after,688,35810ebfcf718bc8,0,0,0,0,L,A,1.0,1.0,strict,1
E2_after,689,ff6ac67984142f9c,0,0,0,0,L,C,0.0,0.0,relaxed,1
E2_after,690,84329efd1f4f1c45,0,0,1,1,S,A,1.0,1.0,relaxed,0
E2_after,691,20bec9cea870c16d,1,1,1,7,S,A,0.0,0.0,relaxed,1
E2_after,692,08a2273a3d916d8f,1,1,1,7,S,C,0.0,0.0,relaxed,0
E2_after,693,a60e95dce91fc1ea,0,1,1,3,S,A,1.0,1.0,relaxed,1
E2_after,694,4e602c2d1674e304,0,1,1,3,S,A,0.0,0.0,strict,1
E2_after,695,6af3e11c3a73e11b,0,1,1,3,S,C,0.0,0.0,relaxed,1
E2_after,696,5934c48df3d67d40,0,0,0,0,L,A,1.0,1.0,strict,1
E2_after,697,1fa38e6a84533f88,1,0,0,4,L,A,1.0,1.0,relaxed,0
E2_after,698,59d8ce00ee0b8859,0,0,0,0,L,C,1.0,1.0,relaxed,1
E2_after,699,01698814b98d4e25,1,0,0,4,L,A,1.0,1.0,strict,1
E2_after,700,c22f53c0d9977434,1,1,1,7,S,A,1.0,1.0,relaxed,0
E2_after,701,3ef9acc122103a54,1,1,1,7,S,C,0.0,0.0,relaxed,1
E2_after,702,653612ae450cee92,0,0,0,0,L,A,1.0,1.0,relaxed,0
E2_after,703,70de6319b88ae22b,1,0,1,5,S,A,0.0,0.0,relaxed,1
E2_after,704,d5f3a72027f85a51,1,0,0,4,L,C,0.0,0.0,relaxed,0
E2_after,705,c0e9790798279856,0,0,1,1,S,A,1.0,1.0,relaxed,0
E2_after,706,6a9cc55421dcdc98,0,1,1,3,S,A,0.0,0.0,strict,1
E2_after,707,7f6b422641f0c458,1,0,0,4,L,C,1.0,1.0,relaxed,1
E2_after,708,7aef9bdda1735a2b,1,1,1,7,S,A,0.0,0.0,strict,1
E2_after,709,4acedc399fcfec5a,1,1,1,7,S,A,0.0,0.0,strict,1
E2_after,710,2d074a7d553ad556,0,0,0,0,L,C,1.0,1.0,relaxed,1
E2_after,711,681b1155753bae32,1,1,1,7,S,A,0.0,0.0,relaxed,1
E2_after,712,8be0688f8987f971,0,0,0,0,L,A,0.0,0.0,relaxed,1
E2_after,713,3b4cd3699320457e,1,0,0,4,L,C,1.0,1.0,relaxed,1
E2_after,714,bb3f91d285a35c02,0,0,0,0,L,A,0.0,0.0,strict,1
E2_after,715,6fd0dc2a53d4fd23,0,0,0,0,L,A,1.0,1.0,relaxed,1
E2_after,716,15afb5393f4fbc35,1,0,0,4,L,C,1.0,1.0,relaxed,1
E2_after,717,99bc0aaab414351e,0,0,0,0,L,A,0.0,0.0,relaxed,1
E2_after,718,ce03e5c5bc536689,1,1,1,7,S,A,1.0,1.0,relaxed,1
E2_after,719,0322992752b46236,0,0,0,0,L,C,1.0,1.0,relaxed,0
E2_after,720,1fa39a67b16c5472,1,0,0,4,L,A,1.0,1.0,relaxed,1
E2_after,721,de55606407aaa0ed,0,1,1,3,S,A,1.0,1.0,strict,1
E2_after,722,1df8010c8d2a4a2e,0,0,0,0,L,C,1.0,1.0,strict,0
E2_after,723,c6483cfba958ea26,0,1,1,3,S,A,1.0,1.0,relaxed,1
E2_after,724,ad64a2aab4f58ddb,1,0,0,4,L,A,0.0,0.0,strict,0
E2_after,725,4dae293ad24aef51,0,0,0,0,L,C,1.0,1.0,strict,1
E2_after,726,5576b746d4cb15a6,0,0,0,0,L,A,1.0,1.0,strict,1
E2_after,727,b044299aa17fb0fb,1,0,1,5,S,A,1.0,1.0,relaxed,1
E2_after,728,dc1689ea187ad29a,1,0,1,5,S,C,1.0,1.0,strict,1
E2_after,729,4122da4de86c1b82,0,0,0,0,L,A,1.0,1.0,strict,1
E2_after,730,766ffd9008ebb8a4,1,1,1,7,S,A,0.0,0.0,strict,1
E2_after,731,8be0688f8987f971,0,0,0,0,L,C,0.0,0.0,relaxed,1
E2_after,732,8fd535afde4b6f68,1,0,0,4,L,A,0.0,0.0,relaxed,1
E2_after,733,7820f3951f6346ff,0,1,1,3,S,A,0.0,0.0,relaxed,1
E2_after,734,16520b9283df5f5c,1,1,1,7,S,C,0.0,0.0,relaxed,0
E2_after,735,66596231f8473bb2,0,1,1,3,S,A,0.0,0.0,relaxed,0
E2_after,736,9eddceb8fe889254,1,1,1,7,S,A,1.0,1.0,strict,0
E2_after,737,a55eab73b294de26,0,0,0,0,L,C,0.0,0.0,relaxed,1
E2_after,738,8169df79c9681e03,0,0,0,0,L,A,0.0,0.0,strict,0
E2_after,739,6bff8ab812da73e7,1,0,0,4,L,A,1.0,1.0,relaxed,1
E2_after,740,8be0688f8987f971,0,0,0,0,L,C,0.0,0.0,relaxed,1
E2_after,741,201db73eebc23839,1,1,1,7,S,A,0.0,0.0,relaxed,1
E2_after,742,7ab9bbf697869a08,1,1,1,7,S,A,0.0,0.0,strict,1
E2_after,743,7b4c91f3c383d47c,0,0,0,0,L,C,1.0,1.0,relaxed,1
E2_after,744,b044299aa17fb0fb,1,0,1,5,S,A,1.0,1.0,relaxed,1
E2_after,745,2fe5daa24bcb2877,1,0,0,4,L,A,1.0,1.0,relaxed,0
E2_after,746,455641b5a05a1c74,1,0,0,4,L,C,1.0,1.0,strict,1
E2_after,747,5597d6885eac9920,0,0,0,0,L,A,1.0,1.0,relaxed,1
E2_after,748,491292c60343c323,1,0,0,4,L,A,1.0,1.0,relaxed,0
E2_after,749,794c33e55a9642ec,1,0,0,4,L,C,1.0,1.0,strict,1
E2_after,750,69871bbc75c2aa65,0,0,0,0,L,A,1.0,1.0,strict,0
E2_after,751,44396c1d61ccb936,0,0,1,1,S,A,0.0,0.0,relaxed,0
E2_after,752,96679d1c1f938245,0,1,1,3,S,C,1.0,1.0,strict,1
E2_after,753,333cc7ca0a9b0e77,0,0,0,0,L,A,1.0,1.0,relaxed,1
E2_after,754,5713cec6719a614b,1,0,0,4,L,A,1.0,1.0,strict,1
E2_after,755,025f8e8179dd3ec5,1,1,1,7,S,C,0.0,0.0,relaxed,0
E2_after,756,0324ca8d68b7b390,0,0,0,0,L,A,1.0,1.0,relaxed,1
E2_after,757,ba21a54167aa11c4,1,1,1,7,S,A,1.0,1.0,strict,1
E2_after,758,6903b8da5c2489af,0,0,0,0,L,C,1.0,1.0,relaxed,0
E2_after,759,04ad70a90e1ec658,1,0,1,5,S,A,0.0,0.0,relaxed,1
E2_after,760,b044299aa17fb0fb,1,0,1,5,S,A,1.0,1.0,relaxed,1
E2_after,761,e0f5654b840d1d6d,1,1,1,7,S,C,1.0,1.0,strict,0
E2_after,762,d09cef34c26ccdfa,1,0,1,5,S,A,1.0,1.0,relaxed,0
E2_after,763,710a25ffd07cea17,0,0,0,0,L,A,1.0,1.0,relaxed,1
E2_after,764,12ff2297014e8532,0,1,1,3,S,C,0.0,0.0,strict,1
E2_after,765,f1745bf8d6192e93,1,0,0,4,L,A,0.0,0.0,strict,0
E2_after,766,13d254f6a303e25b,1,0,0,4,L,A,1.0,1.0,strict,1
E2_after,767,d4204e8bed921b02,0,0,1,1,S,C,1.0,1.0,relaxed,1
E2_after,768,614ac3c0af80f24c,1,0,0,4,L,A,1.0,1.0,strict,0
E2_after,769,5e0836a1e2eb3931,1,1,1,7,S,A,0.0,0.0,relaxed,1
E2_after,770,272b32d2a0d61a00,0,0,0,0,L,C,1.0,1.0,relaxed,1
E2_after,771,d101de78b09cc5f1,0,0,0,0,L,A,0.0,0.0,relaxed,1
E2_after,772,f6a146b2cab916c5,0,1,1,3,S,A,1.0,1.0,relaxed,0
E2_after,773,b803d3f212d89ac9,0,1,1,3,S,C,1.0,1.0,strict,1
E2_after,774,6930dfd696ba7716,0,0,0,0,L,A,1.0,1.0,strict,1
E2_after,775,06a46cd31f6c87e8,0,1,1,3,S,A,0.0,0.0,relaxed,1
E2_after,776,3fb7f3b20c986b43,0,0,0,0,L,C,1.0,1.0,relaxed,1
E2_after,777,ff5cd00cfb78041a,0,0,0,0,L,A,0.0,0.0,relaxed,0
E2_after,778,8be0688f8987f971,0,0,0,0,L,A,0.0,0.0,relaxed,1
E2_after,779,2e8a721cace3e33f,0,1,1,3,S,C,0.0,0.0,relaxed,1
E2_after,780,8be0688f8987f971,0,0,0,0,L,A,0.0,0.0,relaxed,1
E2_after,781,70bd8b3d85990f79,1,0,1,5,S,A,0.0,0.0,strict,1
E2_after,782,9219cd61eb1a2a44,1,1,1,7,S,C,1.0,1.0,relaxed,0
E2_after,783,9fe9aa0aafda77d7,0,0,0,0,L,A,0.0,0.0,relaxed,1
E2_after,784,301008de51dbed59,0,0,1,1,S,A,0.0,0.0,relaxed,1
E2_after,785,397eb39b4e7d51f7,0,0,0,0,L,C,1.0,1.0,strict,1
E2_after,786,19fdf250b52a0627,1,0,0,4,L,A,1.0,1.0,relaxed,1
E2_after,787,fff21a704cd6cea3,0,0,0,0,L,A,0.0,0.0,relaxed,1
E2_after,788,0ed830ea84b44ca7,1,1,1,7,S,C,0.0,0.0,relaxed,0
E2_after,789,2844394eccd60501,0,1,1,3,S,A,0.0,0.0,relaxed,0
E2_after,790,8ce1fdfa9bab51e4,1,0,1,5,S,A,1.0,1.0,strict,0
E2_after,791,0b60474de9447695,1,0,0,4,L,C,1.0,1.0,relaxed,1
E2_after,792,6434022e67a25c1a,1,0,1,5,S,A,0.0,0.0,strict,0
E2_after,793,c17ee8f4e4eff05c,1,0,0,4,L,A,0.0,0.0,strict,1
E2_after,794,4fb03a80f01da980,1,0,0,4,L,C,1.0,1.0,relaxed,1
E2_after,795,cf561ae7136722ca,0,0,0,0,L,A,0.0,0.0,strict,1
E2_after,796,7f6b422641f0c458,1,0,0,4,L,A,1.0,1.0,relaxed,1
E2_after,797,bcf8010ab366d65e,1,0,1,5,S,C,1.0,1.0,relaxed,1
E2_after,798,8be0688f8987f971,0,0,0,0,L,A,0.0,0.0,relaxed,1
E2_after,799,b6123bd9d0cab7a3,1,1,1,7,S,A,1.0,1.0,relaxed,0
E2_after,800,8061a6bfde5dc1f3,1,1,1,7,S,C,1.0,1.0,relaxed,1
E2_after,801,201db73eebc23839,1,1,1,7,S,A,0.0,0.0,strict,1
E2_after,802,d30a1f43ac8b2e07,1,0,0,4,L,A,0.0,0.0,strict,1
E2_after,803,ce03e5c5bc536689,1,1,1,7,S,C,1.0,1.0,relaxed,1
E2_after,804,4330e2f77bbdd4f7,1,0,0,4,L,A,1.0,1.0,relaxed,1
E2_after,805,b6681344f8170a99,1,1,1,7,S,A,1.0,1.0,strict,1
E2_after,806,794c33e55a9642ec,1,0,0,4,L,C,1.0,1.0,strict,1
E2_after,807,6508fd44e929ac51,0,0,0,0,L,A,1.0,1.0,relaxed,0
E2_after,808,6ddc04fe8d34a65f,1,0,0,4,L,A,1.0,1.0,strict,1
E2_after,809,30b2c7aa5c1cb0d2,0,0,1,1,S,C,0.0,0.0,relaxed,0
E2_after,810,7ce626ceb3e72dc3,1,0,1,5,S,A,0.0,0.0,relaxed,0
E2_after,811,61d55500ea34b3b0,1,0,0,4,L,A,1.0,1.0,relaxed,1
E2_after,812,03592c0cf83774e6,0,0,0,0,L,C,1.0,1.0,relaxed,1
E2_after,813,41cbddbcf1d07610,0,0,0,0,L,A,1.0,1.0,relaxed,1
E2_after,814,f843e551fcda90a7,1,1,1,7,S,A,1.0,1.0,relaxed,0
E2_after,815,c33a3667a73a819d,0,0,0,0,L,C,0.0,0.0,strict,1
E2_after,816,9526ddc9ced481a7,0,0,0,0,L,A,0.0,0.0,relaxed,0
E2_after,817,a33b1aacad8395a0,0,0,0,0,L,A,0.0,0.0,strict,1
E2_after,818,b2065a3a4270d331,0,1,1,3,S,C,1.0,1.0,strict,1
E2_after,819,664bf8abf7c6b60f,0,1,1,3,S,A,0.0,0.0,strict,1
E2_after,820,04f3298dbefa3a3d,1,0,1,5,S,A,0.0,0.0,relaxed,1
E2_after,821,94d8e7d59f950fd8,1,0,1,5,S,C,1.0,1.0,relaxed,0
E2_after,822,ef5acd98753be5e3,1,0,0,4,L,A,0.0,0.0,strict,0
E2_after,823,57167505009831a0,1,0,0,4,L,A,1.0,1.0,relaxed,1
E2_after,824,15afb5393f4fbc35,1,0,0,4,L,C,1.0,1.0,relaxed,1
E2_after,825,d50a6241bb8ede9a,1,0,0,4,L,A,0.0,0.0,relaxed,0
E2_after,826,8b3abe0dd546b956,0,0,0,0,L,A,0.0,0.0,relaxed,1
E2_after,827,1cc3179cc61e2826,1,0,1,5,S,C,0.0,0.0,strict,1
E2_after,828,69723502d9093e15,0,0,0,0,L,A,1.0,1.0,relaxed,1
E2_after,829,2d074a7d553ad556,0,0,0,0,L,A,1.0,1.0,relaxed,1
E2_after,830,152252260b86ef60,1,0,0,4,L,C,1.0,1.0,strict,0
E2_after,831,cd68e8e52b6ccfbe,1,0,0,4,L,A,0.0,0.0,relaxed,0
E2_after,832,d515ce63eaef2bbf,1,0,0,4,L,A,0.0,0.0,relaxed,0
E2_after,833,9aeca04225e89fd6,0,1,1,3,S,C,1.0,1.0,strict,1
E2_after,834,794c33e55a9642ec,1,0,0,4,L,A,1.0,1.0,strict,1
E2_after,835,17ec3bdaa206078b,0,0,0,0,L,A,1.0,1.0,relaxed,0
E2_after,836,efd3f196e9895ace,1,0,0,4,L,C,0.0,0.0,relaxed,1
E2_after,837,dba14459fc4dfec3,0,0,0,0,L,A,0.0,0.0,relaxed,1
E2_after,838,12e9039be60ba5dc,0,1,1,3,S,A,0.0,0.0,relaxed,0
E2_after,839,8be0688f8987f971,0,0,0,0,L,C,0.0,0.0,relaxed,1
E2_after,840,356a5ae888b8ee59,0,0,0,0,L,A,1.0,1.0,strict,1
E2_after,841,f8f08e9a379ce411,1,1,1,7,S,A,1.0,1.0,strict,1
E2_after,842,82c294f5461e4340,0,1,1,3,S,C,1.0,1.0,relaxed,1
E2_after,843,7f6b422641f0c458,1,0,0,4,L,A,1.0,1.0,relaxed,1
E2_after,844,9724609b7dce23fa,1,0,0,4,L,A,0.0,0.0,strict,0
E2_after,845,b044299aa17fb0fb,1,0,1,5,S,C,1.0,1.0,relaxed,1
E2_after,846,e2e8afe4fc1fc31e,0,1,1,3,S,A,1.0,1.0,strict,1
E2_after,847,7c51a7eddc618c3e,1,0,1,5,S,A,0.0,0.0,relaxed,0
E2_after,848,3b4cd3699320457e,1,0,0,4,L,C,1.0,1.0,relaxed,1
E2_after,849,b2372ac420e38392,0,1,1,3,S,A,1.0,1.0,relaxed,1
E2_after,850,63faa704216a1c9e,0,0,0,0,L,A,1.0,1.0,relaxed,0
E2_after,851,51d66ddb7d945571,1,0,0,4,L,C,1.0,1.0,strict,0
E2_after,852,5f2a90981e5e53e0,0,0,0,0,L,A,1.0,1.0,strict,0
E2_after,853,9463b66bc6f15984,1,0,1,5,S,A,1.0,1.0,strict,1
E2_after,854,dbdae5bd8abb0571,0,0,0,0,L,C,0.0,0.0,relaxed,0
E2_after,855,ebc7b1424211218d,0,0,0,0,L,A,0.0,0.0,strict,1
E2_after,856,8be0688f8987f971,0,0,0,0,L,A,0.0,0.0,relaxed,1
E2_after,857,3e88dd32746d7a02,1,1,1,7,S,C,0.0,0.0,relaxed,1
E2_after,858,74c7810d9889bf59,0,0,1,1,S,A,0.0,0.0,relaxed,1
E2_after,859,f9131536f1f6886c,0,0,0,0,L,A,0.0,0.0,relaxed,0
E2_after,860,5e4c21d02d60ab03,1,1,1,7,S,C,0.0,0.0,relaxed,0
E2_after,861,3b4cd3699320457e,1,0,0,4,L,A,1.0,1.0,relaxed,1
E2_after,862,794c33e55a9642ec,1,0,0,4,L,A,1.0,1.0,strict,1
E2_after,863,6d81dd9dbe74c33a,1,0,0,4,L,C,1.0,1.0,relaxed,1
E2_after,864,cf08c5a4110b5092,0,0,0,0,L,A,0.0,0.0,relaxed,0
E2_after,865,751afb233d404d01,1,0,0,4,L,A,1.0,1.0,relaxed,0
E2_after,866,201db73eebc23839,1,1,1,7,S,C,0.0,0.0,relaxed,1
E2_after,867,8be0688f8987f971,0,0,0,0,L,A,0.0,0.0,relaxed,1
E2_after,868,ddacac9fef367654,0,0,0,0,L,A,0.0,0.0,relaxed,1
E2_after,869,794c33e55a9642ec,1,0,0,4,L,C,1.0,1.0,strict,1
E2_after,870,16d4d28d3807064e,1,1,1,7,S,A,0.0,0.0,relaxed,0
E2_after,871,2a80a65fd16d9ea7,1,1,1,7,S,A,0.0,0.0,relaxed,0
E2_after,872,2d04db4b222e504f,0,0,0,0,L,C,1.0,1.0,relaxed,1
E2_after,873,8be0688f8987f971,0,0,0,0,L,A,0.0,0.0,relaxed,1
E2_after,874,b8cc73610a403728,0,1,1,3,S,A,1.0,1.0,relaxed,0
E2_after,875,6317d88217b350a5,0,0,0,0,L,C,1.0,1.0,strict,0
E2_after,876,df9168f7f60c0a90,1,0,0,4,L,A,0.0,0.0,relaxed,1
E2_after,877,ba42ec79355e6e54,1,1,1,7,S,A,1.0,1.0,relaxed,1
E2_after,878,ef3b1039c215ed05,1,0,0,4,L,C,0.0,0.0,strict,1
E2_after,879,751c3df8e11edf19,1,0,0,4,L,A,1.0,1.0,relaxed,0
E2_after,880,f701d7004cafcfa9,1,0,0,4,L,A,0.0,0.0,relaxed,0
E2_after,881,a736fb303eed4e24,1,0,0,4,L,C,0.0,0.0,relaxed,1
E2_after,882,0dcedf87fbfb1aa0,1,0,0,4,L,A,1.0,1.0,strict,0
E2_after,883,a9d6eb96c47bef10,0,0,0,0,L,A,0.0,0.0,relaxed,0
E2_after,884,bf492659d85d444e,1,0,0,4,L,C,0.0,0.0,relaxed,0
E2_after,885,57167505009831a0,1,0,0,4,L,A,1.0,1.0,relaxed,1
E2_after,886,794c33e55a9642ec,1,0,0,4,L,A,1.0,1.0,strict,1
E2_after,887,dcee3ddfcfa57bff,1,0,1,5,S,C,1.0,1.0,relaxed,1
E2_after,888,e12fac8eae369686,0,0,0,0,L,A,0.0,0.0,relaxed,0
E2_after,889,d66128661fe34709,1,1,1,7,S,A,1.0,1.0,relaxed,0
E2_after,890,41645360450376a6,0,0,0,0,L,C,1.0,1.0,relaxed,1
E2_after,891,8be0688f8987f971,0,0,0,0,L,A,0.0,0.0,relaxed,1
E2_after,892,2d074a7d553ad556,0,0,0,0,L,A,1.0,1.0,relaxed,1
E2_after,893,df057d0d4d3f8bef,1,0,0,4,L,C,0.0,0.0,strict,0
E2_after,894,dbdb39839ceec022,0,0,0,0,L,A,0.0,0.0,relaxed,0
E2_after,895,55bf859d5b6ac812,0,0,0,0,L,A,1.0,1.0,relaxed,0
E2_after,896,1905b13c0a28d0c6,1,0,0,4,L,C,1.0,1.0,relaxed,1
E2_after,897,0e68e615034a1264,1,1,1,7,S,A,0.0,0.0,strict,0
E2_after,898,7f6b422641f0c458,1,0,0,4,L,A,1.0,1.0,relaxed,1
E2_after,899,6ba3cf362ae5056a,1,0,0,4,L,C,1.0,1.0,relaxed,0
E2_after,900,8be0688f8987f971,0,0,0,0,L,A,0.0,0.0,relaxed,1
E2_after,901,8ec3aa366e39e03e,0,1,1,3,S,A,1.0,1.0,relaxed,0
E2_after,902,8be0688f8987f971,0,0,0,0,L,C,0.0,0.0,relaxed,1
E2_after,903,c83abb538252b0bb,1,1,1,7,S,A,1.0,1.0,relaxed,0
E2_after,904,38d39f17b9c432d9,1,1,1,7,S,A,0.0,0.0,relaxed,0
E2_after,905,f4af85172691259e,1,0,1,5,S,C,1.0,1.0,strict,1
E2_after,906,f1c874b0a6de5aee,1,0,0,4,L,A,0.0,0.0,relaxed,0
E2_after,907,11774149c533d362,0,0,0,0,L,A,1.0,1.0,relaxed,1
E2_after,908,80f61dbaf282f8f7,1,1,1,7,S,C,1.0,1.0,relaxed,0
E2_after,909,0060d0cefcce0985,0,0,1,1,S,A,0.0,0.0,relaxed,1
E2_after,910,45441bd093784681,1,0,0,4,L,A,1.0,1.0,strict,0
E2_after,911,94dd56e12eb233a4,1,0,1,5,S,C,1.0,1.0,strict,0
E2_after,912,e4bd2f236dc4a9a8,0,0,1,1,S,A,1.0,1.0,strict,1
E2_after,913,d55741a07c670e1c,1,0,0,4,L,A,0.0,0.0,relaxed,0
E2_after,914,57f11ce877f6704a,1,0,0,4,L,C,1.0,1.0,relaxed,0
E2_after,915,a56a619fb3c6ddb2,0,0,0,0,L,A,0.0,0.0,relaxed,0
E2_after,916,75bbfe282af1e58f,1,0,0,4,L,A,1.0,1.0,relaxed,1
E2_after,917,8be0688f8987f971,0,0,0,0,L,C,0.0,0.0,relaxed,1
E2_after,918,b92b4a01f6b819f7,1,0,0,4,L,A,0.0,0.0,relaxed,0
E2_after,919,26caff055ac98805,1,1,1,7,S,A,0.0,0.0,relaxed,0
E2_after,920,653195e410ba1a53,0,0,0,0,L,C,1.0,1.0,relaxed,1
E2_after,921,794c33e55a9642ec,1,0,0,4,L,A,1.0,1.0,strict,1
E2_after,922,794c33e55a9642ec,1,0,0,4,L,A,1.0,1.0,strict,1
E2_after,923,98d3e50c52fe1aaa,1,1,1,7,S,C,1.0,1.0,relaxed,1
E2_after,924,1b65767592b97c78,0,0,0,0,L,A,1.0,1.0,relaxed,1
E2_after,925,6aec7d0b091a272e,0,1,1,3,S,A,0.0,0.0,relaxed,0
E2_after,926,c02cf7e202576440,0,0,1,1,S,C,1.0,1.0,relaxed,0
E2_after,927,3b4cd3699320457e,1,0,0,4,L,A,1.0,1.0,relaxed,1
E2_after,928,a6a58c678232c208,0,1,1,3,S,A,1.0,1.0,relaxed,1
E2_after,929,794c33e55a9642ec,1,0,0,4,L,C,1.0,1.0,strict,1
E2_after,930,ce03e5c5bc536689,1,1,1,7,S,A,1.0,1.0,relaxed,1
E2_after,931,ce1f7d060af8cc45,1,1,1,7,S,A,1.0,1.0,relaxed,0
E2_after,932,7f6b422641f0c458,1,0,0,4,L,C,1.0,1.0,relaxed,1
E2_after,933,bb041308e7fc4332,0,0,0,0,L,A,0.0,0.0,relaxed,0
E2_after,934,7427469b4fb2319e,0,0,1,1,S,A,0.0,0.0,relaxed,0
E2_after,935,f5e6e2b33839120c,0,0,0,0,L,C,0.0,0.0,strict,1
E2_after,936,d8732e6b2f65ea96,0,1,1,3,S,A,1.0,1.0,relaxed,1
E2_after,937,9a24f2b95ae5ddea,0,1,1,3,S,A,1.0,1.0,relaxed,1
E2_after,938,bab6d39bc870f7bc,1,1,1,7,S,C,1.0,1.0,relaxed,1
E2_after,939,f6562a1dc6075c8a,0,1,1,3,S,A,1.0,1.0,relaxed,0
E2_after,940,eeee1ecd514a16a6,0,1,1,3,S,A,1.0,1.0,relaxed,1
E2_after,941,c897c2a78e27caaa,1,1,1,7,S,C,1.0,1.0,relaxed,1
E2_after,942,1b3d820c8568fdcc,0,0,0,0,L,A,1.0,1.0,relaxed,0
E2_after,943,46732c4f77282542,1,1,1,7,S,A,0.0,0.0,relaxed,1
E2_after,944,4b9c9f218daf673a,0,0,0,0,L,C,1.0,1.0,relaxed,1
E2_after,945,671621edc2595a9b,1,0,0,4,L,A,1.0,1.0,strict,1
E2_after,946,921aa3ad53d0438c,1,1,1,7,S,A,1.0,1.0,relaxed,1
E2_after,947,8be0688f8987f971,0,0,0,0,L,C,0.0,0.0,relaxed,1
E2_after,948,b9472137e8241804,1,0,0,4,L,A,0.0,0.0,relaxed,0
E2_after,949,77e04e89fa6f474b,0,0,0,0,L,A,1.0,1.0,relaxed,1
E2_after,950,42dda1087ec11a6d,0,1,1,3,S,C,0.0,0.0,strict,1
E2_after,951,a0923b7dadccb025,0,1,1,3,S,A,1.0,1.0,strict,0
E2_after,952,77e04e89fa6f474b,0,0,0,0,L,A,1.0,1.0,relaxed,1
E2_after,953,0aa7c050b263e753,0,1,1,3,S,C,0.0,0.0,relaxed,0
E2_after,954,49227c0eea3d98a1,1,0,0,4,L,A,1.0,1.0,strict,1
E2_after,955,8be0688f8987f971,0,0,0,0,L,A,0.0,0.0,relaxed,1
E2_after,956,05e631fec935dfe8,0,0,0,0,L,C,1.0,1.0,relaxed,1
E2_after,957,15afb5393f4fbc35,1,0,0,4,L,A,1.0,1.0,relaxed,1
E2_after,958,8be0688f8987f971,0,0,0,0,L,A,0.0,0.0,relaxed,1
E2_after,959,7fa57bf7bad8a5ba,1,0,0,4,L,C,1.0,1.0,strict,1
E2_after,960,97fc71d24bc5c44b,1,0,0,4,L,A,0.0,0.0,strict,1
E2_after,961,6e379edaf76aa407,1,1,1,7,S,A,0.0,0.0,relaxed,0
E2_after,962,6e64f7dbd7dca3a2,1,1,1,7,S,C,0.0,0.0,strict,1
E2_after,963,bef01878b7bdb28c,0,1,1,3,S,A,1.0,1.0,relaxed,1
E2_after,964,20c1ce062328b0f9,1,1,1,7,S,A,0.0,0.0,strict,1
E2_after,965,57167505009831a0,1,0,0,4,L,C,1.0,1.0,relaxed,1
E2_after,966,bafc2dabb05a2254,1,1,1,7,S,A,1.0,1.0,relaxed,1
E2_after,967,15afb5393f4fbc35,1,0,0,4,L,A,1.0,1.0,relaxed,1
E2_after,968,56ced0de1b05e2df,0,1,1,3,S,C,0.0,0.0,relaxed,1
E2_after,969,535250c295d22dd0,0,0,0,0,L,A,1.0,1.0,relaxed,1
E2_after,970,8be0688f8987f971,0,0,0,0,L,A,0.0,0.0,relaxed,1
E2_after,971,15afb5393f4fbc35,1,0,0,4,L,C,1.0,1.0,relaxed,1
E2_after,972,3c9ed3ef9c3d7803,0,0,1,1,S,A,0.0,0.0,relaxed,1
E2_after,973,49305483a4724ce1,1,0,0,4,L,A,1.0,1.0,relaxed,1
E2_after,974,600f18f667bdde36,0,1,1,3,S,C,0.0,0.0,relaxed,0
E2_after,975,bc8018830dd2bf2b,1,0,1,5,S,A,1.0,1.0,relaxed,1
E2_after,976,5d775d39da164481,1,0,0,4,L,A,1.0,1.0,strict,1
E2_after,977,794c33e55a9642ec,1,0,0,4,L,C,1.0,1.0,strict,1
E2_after,978,3690a52967c6a217,0,1,1,3,S,A,0.0,0.0,relaxed,0
E2_after,979,77e04e89fa6f474b,0,0,0,0,L,A,1.0,1.0,relaxed,1
E2_after,980,35c51b1e495c782d,0,0,0,0,L,C,1.0,1.0,relaxed,1
E2_after,981,fd9ac1cbd64ffb4e,1,0,0,4,L,A,0.0,0.0,relaxed,1
E2_after,982,794c33e55a9642ec,1,0,0,4,L,A,1.0,1.0,strict,1
E2_after,983,8be0688f8987f971,0,0,0,0,L,C,0.0,0.0,relaxed,1
E2_after,984,9d397c7e01257575,1,0,0,4,L,A,0.0,0.0,relaxed,1
E2_after,985,1b111cf4f7602955,0,0,0,0,L,A,1.0,1.0,relaxed,1
E2_after,986,8be0688f8987f971,0,0,0,0,L,C,0.0,0.0,relaxed,1
E2_after,987,2fae9e523ff8a46c,1,0,0,4,L,A,1.0,1.0,relaxed,0
E2_after,988,b044299aa17fb0fb,1,0,1,5,S,A,1.0,1.0,relaxed,1
E2_after,989,8be0688f8987f971,0,0,0,0,L,C,0.0,0.0,relaxed,1
E2_after,990,81d5458cd5faba9d,0,0,0,0,L,A,0.0,0.0,strict,1
E2_after,991,7457e63beaf99b90,0,0,1,1,S,A,0.0,0.0,relaxed,0
E2_after,992,899c8f65898e44bd,1,0,0,4,L,C,0.0,0.0,strict,0
E2_after,993,4fa1e4d8b512327e,1,0,0,4,L,A,1.0,1.0,relaxed,1
E2_after,994,d7f507088cef61ae,0,0,0,0,L,A,0.0,0.0,relaxed,1
E2_after,995,8be0688f8987f971,0,0,0,0,L,C,0.0,0.0,relaxed,1
E2_after,996,794c33e55a9642ec,1,0,0,4,L,A,1.0,1.0,strict,1
E2_after,997,db6fb87f26e131d2,0,0,0,0,L,A,0.0,0.0,relaxed,0
E2_after,998,798d5b44fe3d4e09,1,0,0,4,L,C,1.0,1.0,strict,1
E2_after,999,19485cbc66de957e,1,0,0,4,L,A,1.0,1.0,relaxed,0
E2_after,1000,25acd43cbac1f68a,1,0,0,4,L,A,1.0,1.0,strict,1
E2_after,1001,218c86a10eef5b7b,0,0,0,0,L,C,1.0,1.0,relaxed,0
E2_after,1002,8b6da0e63b082286,0,0,0,0,L,A,0.0,0.0,relaxed,0
E2_after,1003,7f6b422641f0c458,1,0,0,4,L,A,1.0,1.0,relaxed,1
E2_after,1004,d2efe79d28f2eaba,0,1,1,3,S,C,1.0,1.0,relaxed,1
E2_after,1005,7005ae96dbb50bcc,1,0,1,5,S,A,0.0,0.0,strict,1
E2_after,1006,7b51a0c219c504eb,0,0,0,0,L,A,1.0,1.0,relaxed,1
E2_after,1007,80ccc49a794dcec5,1,1,1,7,S,C,1.0,1.0,relaxed,1
E2_after,1008,4ebd3553ae5c65cd,0,1,1,3,S,A,0.0,0.0,relaxed,0
E2_after,1009,6a50f180cadd06f7,0,1,1,3,S,A,0.0,0.0,strict,1
E2_after,1010,4f31607e9da32b4e,1,0,0,4,L,C,1.0,1.0,strict,1
E2_after,1011,8be0688f8987f971,0,0,0,0,L,A,0.0,0.0,relaxed,1
E2_after,1012,3cd7c52e8287b0b0,0,0,1,1,S,A,0.0,0.0,relaxed,0
E2_after,1013,9f28fa2310344b88,0,0,0,0,L,C,0.0,0.0,relaxed,0
E2_after,1014,a6574c8e9a26df81,0,1,1,3,S,A,1.0,1.0,strict,0
E2_after,1015,8be0688f8987f971,0,0,0,0,L,A,0.0,0.0,relaxed,1
E2_after,1016,a8550b5c8fc2bcde,1,1,1,7,S,C,1.0,1.0,relaxed,0
E2_after,1017,99f9d5b594c75a28,0,0,0,0,L,A,0.0,0.0,relaxed,1
E2_after,1018,304b6644a143ce2e,0,0,1,1,S,A,0.0,0.0,strict,0
E2_after,1019,b8bf6dbc16274e47,0,1,1,3,S,C,1.0,1.0,relaxed,1
E2_after,1020,94e4a0166e34e037,1,0,1,5,S,A,1.0,1.0,relaxed,0
E2_after,1021,bd9f95a86d3c160b,0,0,0,0,L,A,0.0,0.0,strict,1
E2_after,1022,cf443bd85d689c5c,0,0,0,0,L,C,0.0,0.0,strict,1
E2_after,1023,7f6b422641f0c458,1,0,0,4,L,A,1.0,1.0,relaxed,1
E2_after,1024,ddcc6092beaa1ef6,0,0,0,0,L,A,0.0,0.0,strict,1
E2_after,1025,ce03e5c5bc536689,1,1,1,7,S,C,1.0,1.0,relaxed,1
E2_after,1026,e23d68bf66b57d34,0,1,1,3,S,A,1.0,1.0,strict,1
E2_after,1027,bfdad680f40ef911,1,0,0,4,L,A,0.0,0.0,relaxed,0
E2_after,1028,8be0688f8987f971,0,0,0,0,L,C,0.0,0.0,relaxed,1
E2_after,1029,2d074a7d553ad556,0,0,0,0,L,A,1.0,1.0,relaxed,1
E2_after,1030,6bff8ab812da73e7,1,0,0,4,L,A,1.0,1.0,relaxed,1
E2_after,1031,19fdf250b52a0627,1,0,0,4,L,C,1.0,1.0,relaxed,1
E2_after,1032,a116027fdbeb090c,1,0,0,4,L,A,0.0,0.0,relaxed,1
E2_after,1033,0c0deb32f69e606f,0,0,1,1,S,A,0.0,0.0,relaxed,0
E2_after,1034,794c33e55a9642ec,1,0,0,4,L,C,1.0,1.0,strict,1
E2_after,1035,77e04e89fa6f474b,0,0,0,0,L,A,1.0,1.0,relaxed,1
E2_after,1036,b58b01f161920544,1,0,0,4,L,A,0.0,0.0,relaxed,0
E2_after,1037,8c31bce2103d0345,1,0,1,5,S,C,1.0,1.0,relaxed,0
E2_after,1038,1b6e9c58a089d68e,0,0,0,0,L,A,1.0,1.0,relaxed,0
E2_after,1039,201db73eebc23839,1,1,1,7,S,A,0.0,0.0,relaxed,1
E2_after,1040,3e859c2fc5a8db88,1,1,1,7,S,C,0.0,0.0,relaxed,1
E2_after,1041,8fd390091227775c,1,0,0,4,L,A,0.0,0.0,relaxed,1
E2_after,1042,77e04e89fa6f474b,0,0,0,0,L,A,1.0,1.0,relaxed,1
E2_after,1043,e3b10fefdc2c89dd,1,0,0,4,L,C,0.0,0.0,strict,0
E2_after,1044,3d5f4a4ef1d764e2,1,0,0,4,L,A,1.0,1.0,relaxed,1
E2_after,1045,5de5308d2b4eff83,1,0,0,4,L,A,1.0,1.0,strict,0
E2_after,1046,7f6b422641f0c458,1,0,0,4,L,C,1.0,1.0,relaxed,1
E2_after,1047,20cc9b0feb17f58b,1,1,1,7,S,A,0.0,0.0,strict,1
E2_after,1048,8be0688f8987f971,0,0,0,0,L,A,0.0,0.0,relaxed,1
E2_after,1049,6c3add5eba0f2f9e,0,0,1,1,S,C,0.0,0.0,relaxed,1
E2_after,1050,d198e932e35d3c3a,0,0,0,0,L,A,0.0,0.0,strict,1
E2_after,1051,0324ca8d68b7b390,0,0,0,0,L,A,1.0,1.0,relaxed,1
E2_after,1052,4e29f5c9fe6c6e26,0,1,1,3,S,C,0.0,0.0,relaxed,1
E2_after,1053,c5b52de1774d3669,0,0,0,0,L,A,0.0,0.0,relaxed,0
E2_after,1054,4c017f23f03ac128,1,0,1,5,S,A,0.0,0.0,strict,0
E2_after,1055,a1c1112cfc5b8bcc,1,0,0,4,L,C,0.0,0.0,relaxed,1
E2_after,1056,19fdf250b52a0627,1,0,0,4,L,A,1.0,1.0,relaxed,1
E2_after,1057,10a237eaa661a469,1,0,1,5,S,A,0.0,0.0,relaxed,0
E2_after,1058,3af380cfa2b8a44e,0,1,1,3,S,C,0.0,0.0,relaxed,1
E2_after,1059,42294d2e1e6e990e,0,1,1,3,S,A,0.0,0.0,relaxed,0
E2_after,1060,9c8f091675d2e8f5,0,0,1,1,S,A,1.0,1.0,relaxed,0
E2_after,1061,d1847b56fc1708b4,0,0,0,0,L,C,0.0,0.0,relaxed,1
E2_after,1062,ce03e5c5bc536689,1,1,1,7,S,A,1.0,1.0,relaxed,1
E2_after,1063,8be0688f8987f971,0,0,0,0,L,A,0.0,0.0,relaxed,1
E2_after,1064,b96f2fff32c6f980,1,0,0,4,L,C,0.0,0.0,relaxed,1
E2_after,1065,201db73eebc23839,1,1,1,7,S,A,0.0,0.0,relaxed,1
E2_after,1066,23edd48bb8ee02e8,1,0,0,4,L,A,1.0,1.0,relaxed,1
E2_after,1067,c0c79d0d26bf4e43,0,0,1,1,S,C,1.0,1.0,relaxed,0
E2_after,1068,89b33a29e1652363,1,0,0,4,L,A,0.0,0.0,relaxed,0
E2_after,1069,e881da8bc1a42e06,0,1,1,3,S,A,1.0,1.0,relaxed,0
E2_after,1070,b06aa48c680c6727,1,0,1,5,S,C,1.0,1.0,strict,1
E2_after,1071,8be0688f8987f971,0,0,0,0,L,A,0.0,0.0,relaxed,1
E2_after,1072,8be0688f8987f971,0,0,0,0,L,A,0.0,0.0,relaxed,1
E2_after,1073,c8cadec57e8e7bee,1,1,1,7,S,C,1.0,1.0,strict,0
E2_after,1074,1b8a16dd5cd342de,0,0,0,0,L,A,1.0,1.0,relaxed,0
E2_after,1075,69b4658763c7eb1b,0,0,0,0,L,A,1.0,1.0,relaxed,0
E2_after,1076,32483d7af49123c4,1,1,1,7,S,C,0.0,0.0,strict,1
E2_after,1077,fbf845ded153da6b,1,0,0,4,L,A,0.0,0.0,relaxed,1
E2_after,1078,a3a902fd184cd185,0,0,0,0,L,A,0.0,0.0,relaxed,0
E2_after,1079,7f6b422641f0c458,1,0,0,4,L,C,1.0,1.0,relaxed,1
E2_after,1080,ce03e5c5bc536689,1,1,1,7,S,A,1.0,1.0,relaxed,1
E2_after,1081,e8c82f89f6fe15a9,0,1,1,3,S,A,1.0,1.0,relaxed,0
E2_after,1082,23af493899fd68de,1,0,0,4,L,C,1.0,1.0,relaxed,0
E2_after,1083,0a4fc6401bdbb6a1,0,1,1,3,S,A,0.0,0.0,relaxed,1
E2_after,1084,3764598650f14259,1,0,0,4,L,A,1.0,1.0,strict,0
E2_after,1085,794c33e55a9642ec,1,0,0,4,L,C,1.0,1.0,strict,1
E2_after,1086,ec78d257eb8b1b02,1,0,1,5,S,A,1.0,1.0,strict,1
E2_after,1087,64cb206adaa3ad86,1,0,1,5,S,A,0.0,0.0,relaxed,0
E2_after,1088,757dfe79eb182719,1,0,0,4,L,C,1.0,1.0,relaxed,0
E2_after,1089,b5feb07006aba2d3,1,0,0,4,L,A,0.0,0.0,relaxed,0
E2_after,1090,ddab7f4f9fe0357f,0,0,0,0,L,A,0.0,0.0,relaxed,0
E2_after,1091,6f9f4c4a1ffa31f5,0,0,0,0,L,C,1.0,1.0,relaxed,0
E2_after,1092,51dbd4ae2d9ef76b,1,0,0,4,L,A,1.0,1.0,strict,1
E2_after,1093,794c33e55a9642ec,1,0,0,4,L,A,1.0,1.0,strict,1
E2_after,1094,dc0a4b12a5c29bff,1,0,1,5,S,C,1.0,1.0,strict,1
E2_after,1095,56ced0de1b05e2df,0,1,1,3,S,A,0.0,0.0,strict,1
E2_after,1096,f783a2a781c473d6,1,0,0,4,L,A,0.0,0.0,relaxed,1
E2_after,1097,4802ba40074c7770,0,1,1,3,S,C,0.0,0.0,relaxed,0
E2_after,1098,1625b3bcd00da92e,1,1,1,7,S,A,0.0,0.0,relaxed,0
E2_after,1099,8be0688f8987f971,0,0,0,0,L,A,0.0,0.0,relaxed,1
E2_after,1100,a9290ccc3975182d,0,0,0,0,L,C,0.0,0.0,relaxed,1
E2_after,1101,85141c86fc2f5393,1,0,0,4,L,A,0.0,0.0,strict,0
E2_after,1102,1881101b12431ef4,0,1,1,3,S,A,0.0,0.0,relaxed,0
E2_after,1103,29301304dc8bfe86,1,0,0,4,L,C,1.0,1.0,relaxed,1
E2_after,1104,7f6b422641f0c458,1,0,0,4,L,A,1.0,1.0,relaxed,1
E2_after,1105,ec21fd410835e38a,1,0,1,5,S,A,1.0,1.0,relaxed,0
E2_after,1106,ce03e5c5bc536689,1,1,1,7,S,C,1.0,1.0,relaxed,1
E2_after,1107,ee502aa4323caa95,0,1,1,3,S,A,1.0,1.0,relaxed,1
E2_after,1108,e086a8915ffe36c9,1,1,1,7,S,A,1.0,1.0,relaxed,1
E2_after,1109,e90af7fa133050d3,1,0,0,4,L,C,0.0,0.0,relaxed,1
E2_after,1110,873cc59b5b32927c,0,0,0,0,L,A,0.0,0.0,strict,1
E2_after,1111,4e91eff3e61b0ae6,0,1,1,3,S,A,0.0,0.0,relaxed,0
E2_after,1112,307c24a88e2faa5e,0,0,1,1,S,C,0.0,0.0,relaxed,0
E2_after,1113,827deab2c83f5433,0,1,1,3,S,A,1.0,1.0,relaxed,1
E2_after,1114,841d6831df11afa3,0,0,1,1,S,A,1.0,1.0,relaxed,0
E2_after,1115,4ac373cef4cc7e98,1,1,1,7,S,C,0.0,0.0,relaxed,1
E2_after,1116,9eb25af91ea81f7b,1,1,1,7,S,A,1.0,1.0,strict,1
E2_after,1117,98ef91cd9e325a0f,1,1,1,7,S,A,1.0,1.0,relaxed,1
E2_after,1118,201db73eebc23839,1,1,1,7,S,C,0.0,0.0,relaxed,1
E2_after,1119,8be0688f8987f971,0,0,0,0,L,A,0.0,0.0,relaxed,1
E2_after,1120,f6718ab803de448d,0,1,1,3,S,A,1.0,1.0,relaxed,0
E2_after,1121,0e0e35dc59d7614d,1,1,1,7,S,C,0.0,0.0,relaxed,1
E2_after,1122,b7b9882d1c22d7c9,0,0,0,0,L,A,0.0,0.0,strict,1
E2_after,1123,0f575dec1ae9997a,0,0,0,0,L,A,1.0,1.0,strict,1
E2_after,1124,c6ca377f089be441,0,1,1,3,S,C,1.0,1.0,relaxed,1
E2_after,1125,27a2e28c0e8b69f6,0,0,0,0,L,A,1.0,1.0,strict,0
E2_after,1126,0380aff031f8c2ed,0,0,0,0,L,A,1.0,1.0,relaxed,1
E2_after,1127,f52235e733e4da0a,0,0,0,0,L,C,0.0,0.0,relaxed,1
E2_after,1128,b60ec6af05f8c118,1,1,1,7,S,A,1.0,1.0,relaxed,1
E2_after,1129,025225f3d41d2e54,1,1,1,7,S,A,0.0,0.0,relaxed,0
E2_after,1130,27b69c6916af3608,0,0,0,0,L,C,1.0,1.0,relaxed,1
E2_after,1131,963dbb3cf8c01648,0,1,1,3,S,A,1.0,1.0,relaxed,0
E2_after,1132,15afb5393f4fbc35,1,0,0,4,L,A,1.0,1.0,relaxed,1
E2_after,1133,e2344996a1b8d9fe,0,1,1,3,S,C,1.0,1.0,relaxed,1
E2_after,1134,88a07096d945f41f,0,1,1,3,S,A,1.0,1.0,relaxed,0
E2_after,1135,4df54a3949527266,0,0,0,0,L,A,1.0,1.0,relaxed,1
E2_after,1136,fdfdd5b2a300fc2e,1,0,0,4,L,C,0.0,0.0,strict,0
E2_after,1137,cd599860897cedaf,1,0,0,4,L,A,0.0,0.0,relaxed,0
E2_after,1138,97fc71d24bc5c44b,1,0,0,4,L,A,0.0,0.0,strict,1
E2_after,1139,f2fd1ce404197dec,1,1,1,7,S,C,1.0,1.0,relaxed,1
E2_after,1140,782d478f46943f84,0,1,1,3,S,A,0.0,0.0,relaxed,0
E2_after,1141,75bbfe282af1e58f,1,0,0,4,L,A,1.0,1.0,relaxed,1
E2_after,1142,d92092c07229abf0,1,0,0,4,L,C,0.0,0.0,relaxed,1
E2_after,1143,57f3445f1b27601e,1,0,0,4,L,A,1.0,1.0,relaxed,0
E2_after,1144,139a277e9ce5a91d,1,0,0,4,L,A,1.0,1.0,strict,1
E2_after,1145,84972928f9d5c553,0,0,1,1,S,C,1.0,1.0,strict,1
E2_after,1146,043e34ff7bc5f254,1,0,1,5,S,A,0.0,0.0,relaxed,0
E2_after,1147,8be0688f8987f971,0,0,0,0,L,A,0.0,0.0,relaxed,1
E2_after,1148,681b1155753bae32,1,1,1,7,S,C,0.0,0.0,relaxed,1
E2_after,1149,282600a6a28e14cd,0,1,1,3,S,A,0.0,0.0,strict,0
E2_after,1150,84bc4c1e000b5b98,0,0,1,1,S,A,1.0,1.0,relaxed,0
E2_after,1151,cf443bd85d689c5c,0,0,0,0,L,C,0.0,0.0,relaxed,1
E2_after,1152,81059894e74c85c5,0,0,0,0,L,A,0.0,0.0,relaxed,1
E2_after,1153,da04b630c7892686,1,1,1,7,S,A,1.0,1.0,strict,1
E2_after,1154,1156ae850cdf80e1,0,0,0,0,L,C,1.0,1.0,relaxed,1
E2_after,1155,089f87d03cb00db2,1,1,1,7,S,A,0.0,0.0,relaxed,0
E2_after,1156,8be0688f8987f971,0,0,0,0,L,A,0.0,0.0,relaxed,1
E2_after,1157,7dd8597f81233960,0,0,0,0,L,C,1.0,1.0,strict,1
E2_after,1158,8063040451273061,1,1,1,7,S,A,1.0,1.0,strict,1
E2_after,1159,201db73eebc23839,1,1,1,7,S,A,0.0,0.0,relaxed,1
E2_after,1160,8be0688f8987f971,0,0,0,0,L,C,0.0,0.0,relaxed,1
E2_after,1161,437294b26c38abec,1,0,0,4,L,A,1.0,1.0,relaxed,1
E2_after,1162,f2255202f687ebd3,1,1,1,7,S,A,1.0,1.0,relaxed,1
E2_after,1163,b044299aa17fb0fb,1,0,1,5,S,C,1.0,1.0,relaxed,1
E2_after,1164,59d8ce00ee0b8859,0,0,0,0,L,A,1.0,1.0,relaxed,1
E2_after,1165,e8a1f491f6386fe2,0,1,1,3,S,A,1.0,1.0,relaxed,0
E2_after,1166,9f0fbdfec0b3b186,0,0,0,0,L,C,0.0,0.0,strict,1
E2_after,1167,c0d416a1d4d7c715,0,0,1,1,S,A,1.0,1.0,relaxed,1
E2_after,1168,b044299aa17fb0fb,1,0,1,5,S,A,1.0,1.0,relaxed,1
E2_after,1169,9a75b868bc9f4187,0,1,1,3,S,C,1.0,1.0,strict,1
E2_after,1170,87d9c2b3d111bed4,0,0,0,0,L,A,0.0,0.0,relaxed,1
E2_after,1171,fd3a8635760529b8,1,0,0,4,L,A,0.0,0.0,relaxed,1
E2_after,1172,ce03e5c5bc536689,1,1,1,7,S,C,1.0,1.0,relaxed,1
E2_after,1173,8be0688f8987f971,0,0,0,0,L,A,0.0,0.0,relaxed,1
E2_after,1174,15afb5393f4fbc35,1,0,0,4,L,A,1.0,1.0,relaxed,1
E2_after,1175,19fdf250b52a0627,1,0,0,4,L,C,1.0,1.0,relaxed,1
E2_after,1176,2a28fe88225cc0d6,1,1,1,7,S,A,0.0,0.0,relaxed,0
E2_after,1177,1e5751b3de4fa50c,0,1,1,3,S,A,0.0,0.0,relaxed,0
E2_after,1178,794c33e55a9642ec,1,0,0,4,L,C,1.0,1.0,strict,1
E2_after,1179,720081b64dd880a8,0,1,1,3,S,A,0.0,0.0,strict,1
E2_after,1180,04ed320174304c94,1,0,1,5,S,A,0.0,0.0,relaxed,0
E2_after,1181,894b77655ba5a91e,1,0,0,4,L,C,0.0,0.0,relaxed,1
E2_after,1182,764a4df75f2b741a,1,1,1,7,S,A,0.0,0.0,strict,1
E2_after,1183,5e8f1e1c8660c507,1,1,1,7,S,A,0.0,0.0,relaxed,0
E2_after,1184,d5f894d88be8b0ad,1,0,0,4,L,C,0.0,0.0,relaxed,1
E2_after,1185,8be0688f8987f971,0,0,0,0,L,A,0.0,0.0,relaxed,1
E2_after,1186,8be0688f8987f971,0,0,0,0,L,A,0.0,0.0,relaxed,1
E2_after,1187,b5d6525d624061e8,1,0,0,4,L,C,0.0,0.0,strict,1
E2_after,1188,a60e95dce91fc1ea,0,1,1,3,S,A,1.0,1.0,relaxed,1
E2_after,1189,df15d43305bd3bb4,1,0,0,4,L,A,0.0,0.0,strict,1
E2_after,1190,10a237eaa661a469,1,0,1,5,S,C,0.0,0.0,relaxed,0
E2_after,1191,5e93d80d500fc585,1,1,1,7,S,A,0.0,0.0,relaxed,1
E2_after,1192,965c7dfe05a6e1e3,0,1,1,3,S,A,1.0,1.0,relaxed,1
E2_after,1193,2aa7cd2889baac2d,1,1,1,7,S,C,0.0,0.0,strict,0
E2_after,1194,ad0a3a79b049ad0e,1,0,0,4,L,A,0.0,0.0,strict,1
E2_after,1195,3b4cd3699320457e,1,0,0,4,L,A,1.0,1.0,relaxed,1
E2_after,1196,8be0688f8987f971,0,0,0,0,L,C,0.0,0.0,relaxed,1
E2_after,1197,b044299aa17fb0fb,1,0,1,5,S,A,1.0,1.0,relaxed,1
E2_after,1198,af1b2c5b32f33efe,0,0,0,0,L,A,0.0,0.0,relaxed,0
E2_after,1199,7c29126ffd603f44,1,0,1,5,S,C,0.0,0.0,strict,0
