epoch,step,snap_key,b1,b2,b3,lane,stitch,strand,energy_before,energy_after,sigma,sheaf_ok
E3_after,0,53b42b5d126cf048,0,0,0,0,L,A,1.0,1.0,relaxed,1
E3_after,1,bb3811be3df1e001,0,0,0,0,L,A,0.0,0.0,relaxed,1
E3_after,2,75c7512ef213dcae,1,0,0,4,L,C,1.0,1.0,strict,1
E3_after,3,b54894ce0a05205e,1,0,0,4,L,A,0.0,0.0,relaxed,1
E3_after,4,884d5e77ebfe8b2c,0,1,1,3,S,A,1.0,1.0,relaxed,0
E3_after,5,4e1cffdbefd1d19d,0,1,1,3,S,C,0.0,0.0,relaxed,1
E3_after,6,19fdf250b52a0627,1,0,0,4,L,A,1.0,1.0,relaxed,1
E3_after,7,8be0688f8987f971,0,0,0,0,L,A,0.0,0.0,relaxed,1
E3_after,8,0ffb096aced77ab7,0,0,0,0,L,C,1.0,1.0,relaxed,0
E3_after,9,cc9613dac1d3103f,0,0,1,1,S,A,1.0,1.0,relaxed,0
E3_after,10,1e85aeb634df8e0c,0,1,1,3,S,A,0.0,0.0,relaxed,0
E3_after,11,ce03e5c5bc536689,1,1,1,7,S,C,1.0,1.0,relaxed,1
E3_after,12,5bde4605b4d1d88d,1,0,0,4,L,A,1.0,1.0,relaxed,1
E3_after,13,2d074a7d553ad556,0,0,0,0,L,A,1.0,1.0,relaxed,1
E3_after,14,f14ce40000a836b5,1,0,0,4,L,C,0.0,0.0,relaxed,1
E3_after,15,8be0688f8987f971,0,0,0,0,L,A,0.0,0.0,relaxed,1
E3_after,16,1fa39a67b16c5472,1,0,0,4,L,A,1.0,1.0,relaxed,1
E3_after,17,bcd9f957cc764220,1,0,1,5,S,C,1.0,1.0,relaxed,1
E3_after,18,8fc8d4c8bb05987c,1,0,0,4,L,A,0.0,0.0,relaxed,1
E3_after,19,963f36fdc5d9e6b9,0,1,1,3,S,A,1.0,1.0,relaxed,1
E3_after,20,843065cc51819ce5,0,0,1,1,S,C,1.0,1.0,strict,1
E3_after,21,794c33e55a9642ec,1,0,0,4,L,A,1.0,1.0,relaxed,1
E3_after,22,f5b27300365c6c55,0,0,0,0,L,A,0.0,0.0,relaxed,1
E3_after,23,317ccc80324d5a4b,1,0,0,4,L,C,1.0,1.0,relaxed,1
E3_after,24,66a085255dcdd290,0,1,1,3,S,A,0.0,0.0,relaxed,0
E3_after,25,62a968ba96fbfdb7,1,1,1,7,S,A,0.0,0.0,relaxed,0
E3_after,26,98d999ca50a9896e,1,1,1,7,S,C,1.0,1.0,relaxed,1
E3_after,27,8be0688f8987f971,0,0,0,0,L,A,0.0,0.0,relaxed,1
E3_after,28,8be0688f8987f971,0,0,0,0,L,A,0.0,0.0,relaxed,1
E3_after,29,6bff8ab812da73e7,1,0,0,4,L,C,1.0,1.0,relaxed,1
E3_after,30,a7aeb844809dbac1,1,0,0,4,L,A,0.0,0.0,strict,1
E3_after,31,1504bc849c3d265f,1,0,0,4,L,A,1.0,1.0,relaxed,1
E3_after,32,af6aa796aa4f9290,0,0,0,0,L,C,0.0,0.0,relaxed,0
E3_after,33,4a8bac5dc3d94fd0,1,1,1,7,S,A,0.0,0.0,relaxed,1
E3_after,34,794c33e55a9642ec,1,0,0,4,L,A,1.0,1.0,strict,1
E3_after,35,ad02f5408645603a,1,0,0,4,L,C,0.0,0.0,strict,1
E3_after,36,8be0688f8987f971,0,0,0,0,L,A,0.0,0.0,relaxed,1
E3_after,37,75bbfe282af1e58f,1,0,0,4,L,A,1.0,1.0,relaxed,1
E3_after,38,62a15434180a6495,1,1,1,7,S,C,0.0,0.0,relaxed,0
E3_after,39,6059ad7c6dea9ece,0,1,1,3,S,A,0.0,0.0,relaxed,1
E3_after,40,7f2b65f6185f1ee6,1,0,0,4,L,A,1.0,1.0,relaxed,1
E3_after,41,e107c914eaea2742,0,0,0,0,L,C,0.0,0.0,relaxed,1
E3_after,42,8be0688f8987f971,0,0,0,0,L,A,0.0,0.0,relaxed,1
E3_after,43,ac9e7e5f9d84c106,0,0,1,1,S,A,1.0,1.0,strict,1
E3_after,44,aab57b8cd8229f99,0,1,1,3,S,C,1.0,1.0,strict,0
E3_after,45,942c9e22f6b0c68b,1,0,1,5,S,A,1.0,1.0,relaxed,0
E3_after,46,280214028b27b0f6,0,1,1,3,S,A,0.0,0.0,relaxed,0
E3_after,47,8be0688f8987f971,0,0,0,0,L,C,0.0,0.0,relaxed,1
E3_after,48,da1ea3e7ff2d7c09,1,1,1,7,S,A,1.0,1.0,strict,1
E3_after,49,49a00d53de12e1b2,1,0,0,4,L,A,1.0,1.0,relaxed,1
E3_after,50,2cad0da557b28089,1,0,1,5,S,C,0.0,0.0,strict,1
E3_after,51,26a0ea67570db066,1,1,1,7,S,A,0.0,0.0,relaxed,1
E3_after,52,d8bb8f4f04d08ef6,0,1,1,3,S,A,1.0,1.0,strict,1
E3_after,53,629d59c0abd2629a,1,1,1,7,S,C,0.0,0.0,relaxed,0
E3_after,54,40205a551f611bcc,1,0,1,5,S,A,0.0,0.0,strict,1
E3_after,55,54774b336a89a7aa,1,0,1,5,S,A,0.0,0.0,relaxed,0
E3_after,56,7f6b422641f0c458,1,0,0,4,L,C,1.0,1.0,relaxed,1
E3_after,57,89e1a8652d2fe599,1,0,0,4,L,A,0.0,0.0,strict,0
E3_after,58,a8134dad286d0c84,1,1,1,7,S,A,1.0,1.0,relaxed,0
E3_after,59,794c33e55a9642ec,1,0,0,4,L,C,1.0,1.0,strict,1
E3_after,60,8be0688f8987f971,0,0,0,0,L,A,0.0,0.0,relaxed,1
E3_after,61,b4daa1d1a06f711d,0,0,1,1,S,A,1.0,1.0,relaxed,1
E3_after,62,e60fed1a494ff7bc,1,1,1,7,S,C,1.0,1.0,strict,1
E3_after,63,80eb3f6b77c7049b,1,1,1,7,S,A,1.0,1.0,strict,1
E3_after,64,5aa4436aa1f1ee02,0,1,1,3,S,A,0.0,0.0,relaxed,0
E3_after,65,03b2797fa6b64694,0,0,0,0,L,C,1.0,1.0,relaxed,1
E3_after,66,8be0688f8987f971,0,0,0,0,L,A,0.0,0.0,relaxed,1
E3_after,67,1fa39a67b16c5472,1,0,0,4,L,A,1.0,1.0,relaxed,1
E3_after,68,3e008fad85d69604,1,1,1,7,S,C,0.0,0.0,relaxed,1
E3_after,69,8be0688f8987f971,0,0,0,0,L,A,0.0,0.0,relaxed,1
E3_after,70,1d502c6a0754900f,0,0,0,0,L,A,1.0,1.0,relaxed,1
E3_after,71,eea0e4142d9fa160,0,1,1,3,S,C,1.0,1.0,strict,0
E3_after,72,f8f7444cdb548efa,1,1,1,7,S,A,1.0,1.0,relaxed,0
E3_after,73,7f2b65f6185f1ee6,1,0,0,4,L,A,1.0,1.0,relaxed,1
E3_after,74,b2fd61289bbeae14,0,1,1,3,S,C,1.0,1.0,relaxed,1
E3_after,75,fe1ecff0c3d8c494,1,1,1,7,S,A,1.0,1.0,relaxed,1
E3_after,76,06a46cd31f6c87e8,0,1,1,3,S,A,0.0,0.0,relaxed,1
E3_after,77,8be0688f8987f971,0,0,0,0,L,C,0.0,0.0,relaxed,1
E3_after,78,9512017b4d94f083,0,0,0,0,L,A,0.0,0.0,relaxed,1
E3_after,79,235db9a4cc3b4928,1,0,0,4,L,A,1.0,1.0,strict,1
E3_after,80,3f25c2860da0049f,0,0,0,0,L,C,1.0,1.0,relaxed,1
E3_after,81,3b4cd3699320457e,1,0,0,4,L,A,1.0,1.0,relaxed,1
E3_after,82,8be0688f8987f971,0,0,0,0,L,A,0.0,0.0,relaxed,1
E3_after,83,203a161d5b744124,1,1,1,7,S,C,0.0,0.0,relaxed,0
E3_after,84,c648f0da5728bab3,0,1,1,3,S,A,1.0,1.0,strict,0
E3_after,85,8be0688f8987f971,0,0,0,0,L,A,0.0,0.0,relaxed,1
E3_after,86,8ca0472bc27fe6f9,1,0,1,5,S,C,1.0,1.0,relaxed,0
E3_after,87,3326198c55d5e3e7,0,0,0,0,L,A,1.0,1.0,strict,0
E3_after,88,137cff6335a22717,1,0,0,4,L,A,1.0,1.0,relaxed,1
E3_after,89,f4af85172691259e,1,0,1,5,S,C,1.0,1.0,relaxed,1
E3_after,90,57167505009831a0,1,0,0,4,L,A,1.0,1.0,relaxed,1
E3_after,91,8be0688f8987f971,0,0,0,0,L,A,0.0,0.0,relaxed,1
E3_after,92,da1f8e9538904ac3,1,1,1,7,S,C,1.0,1.0,relaxed,1
E3_after,93,7f6b422641f0c458,1,0,0,4,L,A,1.0,1.0,relaxed,1
E3_after,94,fc84b12fde52b3c3,0,0,1,1,S,A,1.0,1.0,relaxed,1
E3_after,95,670848fb82e3e07d,1,0,0,4,L,C,1.0,1.0,relaxed,0
E3_after,96,60229a8f49d82b41,0,1,1,3,S,A,0.0,0.0,relaxed,1
E3_after,97,1c0b896f658635b9,1,0,1,5,S,A,0.0,0.0,strict,0
E3_after,98,d370132b2b1e5657,1,0,0,4,L,C,0.0,0.0,relaxed,0
E3_after,99,b044299aa17fb0fb,1,0,1,5,S,A,1.0,1.0,relaxed,1
E3_after,100,f51cdc1a4d6413db,0,0,0,0,L,A,0.0,0.0,strict,0
E3_after,101,411c73ef38dc1f44,0,0,0,0,L,C,1.0,1.0,strict,0
E3_after,102,9db30633762399e9,1,0,0,4,L,A,0.0,0.0,strict,1
E3_after,103,5a4d796fe32776c0,0,1,1,3,S,A,0.0,0.0,relaxed,1
E3_after,104,6a63482bc90c8b8b,0,1,1,3,S,C,0.0,0.0,relaxed,1
E3_after,105,f797005f247d8871,1,0,0,4,L,A,0.0,0.0,relaxed,1
E3_after,106,ffbee6b91658952e,0,0,0,0,L,A,0.0,0.0,strict,1
E3_after,107,274588c3bf656f24,0,0,0,0,L,C,1.0,1.0,relaxed,1
E3_after,108,bf3882a58d86d0c8,1,0,0,4,L,A,0.0,0.0,strict,1
E3_after,109,794c33e55a9642ec,1,0,0,4,L,A,1.0,1.0,strict,1
E3_after,110,c83ea700434d8603,1,1,1,7,S,C,1.0,1.0,relaxed,0
E3_after,111,def494bd9b82eb12,0,1,1,3,S,A,1.0,1.0,strict,0
E3_after,112,0a59bc0418f54e03,0,1,1,3,S,A,0.0,0.0,strict,0
E3_after,113,19fdf250b52a0627,1,0,0,4,L,C,1.0,1.0,relaxed,1
E3_after,114,e51395c24c394f3f,1,0,0,4,L,A,0.0,0.0,strict,1
E3_after,115,680093718f7eb51a,1,1,1,7,S,A,0.0,0.0,strict,1
E3_after,116,794c33e55a9642ec,1,0,0,4,L,C,1.0,1.0,relaxed,1
E3_after,117,77e04e89fa6f474b,0,0,0,0,L,A,1.0,1.0,relaxed,1
E3_after,118,e5d89b3c128dd316,1,0,0,4,L,A,0.0,0.0,relaxed,1
E3_after,119,cd27fdc8f5adb108,1,0,0,4,L,C,0.0,0.0,relaxed,1
E3_after,120,f4eb2a879cd09aec,1,0,1,5,S,A,1.0,1.0,relaxed,1
E3_after,121,794c33e55a9642ec,1,0,0,4,L,A,1.0,1.0,relaxed,1
E3_after,122,195118eac08dc90b,1,0,0,4,L,C,1.0,1.0,strict,0
E3_after,123,7457e63beaf99b90,0,0,1,1,S,A,0.0,0.0,relaxed,0
E3_after,124,bc6cad8bcf15d8d5,1,0,1,5,S,A,1.0,1.0,relaxed,1
E3_after,125,cf87296e7b5afa46,0,0,0,0,L,C,0.0,0.0,strict,1
E3_after,126,f4af85172691259e,1,0,1,5,S,A,1.0,1.0,relaxed,1
E3_after,127,15c83919d506c813,1,0,0,4,L,A,1.0,1.0,relaxed,1
E3_after,128,78ae7dd60a20dffc,0,1,1,3,S,C,0.0,0.0,strict,1
E3_after,129,0d764bfb0c21d68a,1,0,0,4,L,A,1.0,1.0,strict,0
E3_after,130,16c5de8f5243778d,1,1,1,7,S,A,0.0,0.0,relaxed,1
E3_after,131,6ae17341a91d81f3,0,1,1,3,S,C,0.0,0.0,relaxed,0
E3_after,132,c2126069e79ed17d,1,1,1,7,S,A,1.0,1.0,relaxed,0
E3_after,133,77e04e89fa6f474b,0,0,0,0,L,A,1.0,1.0,relaxed,1
E3_after,134,8be0688f8987f971,0,0,0,0,L,C,0.0,0.0,relaxed,1
E3_after,135,3c669dd39b62ea2c,0,0,1,1,S,A,0.0,0.0,relaxed,0
E3_after,136,c943b173459681c7,0,0,0,0,L,A,0.0,0.0,relaxed,0
E3_after,137,75bbfe282af1e58f,1,0,0,4,L,C,1.0,1.0,relaxed,1
E3_after,138,201db73eebc23839,1,1,1,7,S,A,0.0,0.0,relaxed,1
E3_after,139,8be0688f8987f971,0,0,0,0,L,A,0.0,0.0,relaxed,1
E3_after,140,8be0688f8987f971,0,0,0,0,L,C,0.0,0.0,relaxed,1
E3_after,141,fe16fb6cf2396241,1,1,1,7,S,A,1.0,1.0,strict,0
E3_after,142,43db80c718120149,1,0,0,4,L,A,1.0,1.0,strict,1
E3_after,143,9dc8808a001604d3,1,0,0,4,L,C,0.0,0.0,strict,1
E3_after,144,80c834e37535ba69,1,1,1,7,S,A,1.0,1.0,relaxed,1
E3_after,145,0465fc047c7869a4,1,0,1,5,S,A,0.0,0.0,relaxed,0
E3_after,146,77e04e89fa6f474b,0,0,0,0,L,C,1.0,1.0,relaxed,1
E3_after,147,4093d4c024dad802,1,0,1,5,S,A,0.0,0.0,strict,1
E3_after,148,8be0688f8987f971,0,0,0,0,L,A,0.0,0.0,relaxed,1
E3_after,149,6fd61a21b40ac7a0,0,0,0,0,L,C,1.0,1.0,relaxed,0
E3_after,150,180f613dc0d703a5,0,1,1,3,S,A,0.0,0.0,strict,1
E3_after,151,fb9a2d275e568ccd,1,0,0,4,L,A,0.0,0.0,strict,1
E3_after,152,8061a6bfde5dc1f3,1,1,1,7,S,C,1.0,1.0,relaxed,1
E3_after,153,201db73eebc23839,1,1,1,7,S,A,0.0,0.0,relaxed,1
E3_after,154,8be0688f8987f971,0,0,0,0,L,A,0.0,0.0,relaxed,1
E3_after,155,794c33e55a9642ec,1,0,0,4,L,C,1.0,1.0,strict,1
E3_after,156,8be0688f8987f971,0,0,0,0,L,A,0.0,0.0,relaxed,1
E3_after,157,cfb2e6419e3ba91b,0,0,0,0,L,A,0.0,0.0,relaxed,0
E3_after,158,e8c9ace2e9fc5b7d,0,1,1,3,S,C,1.0,1.0,strict,1
E3_after,159,8657b1d4a940c80c,1,1,1,7,S,A,1.0,1.0,strict,1
E3_after,160,f0d536e89c4f3ad2,0,0,1,1,S,A,1.0,1.0,relaxed,1
E3_after,161,ed6a591be8b38b56,0,0,0,0,L,C,0.0,0.0,relaxed,1
E3_after,162,95c7632df7d9ab5e,0,0,0,0,L,A,0.0,0.0,strict,1
E3_after,163,b044299aa17fb0fb,1,0,1,5,S,A,1.0,1.0,relaxed,1
E3_after,164,31f10edb62706186,1,0,0,4,L,C,1.0,1.0,relaxed,0
E3_after,165,f407144a8740dfc6,1,0,1,5,S,A,1.0,1.0,relaxed,1
E3_after,166,8bc8b367c3734744,0,0,0,0,L,A,0.0,0.0,strict,0
E3_after,167,06e5845f55eb1e6f,0,1,1,3,S,C,0.0,0.0,strict,0
E3_after,168,e32adf2ec0d90124,1,0,0,4,L,A,0.0,0.0,relaxed,1
E3_after,169,3b4cd3699320457e,1,0,0,4,L,A,1.0,1.0,relaxed,1
E3_after,170,f123f3de28407e7e,1,0,0,4,L,C,0.0,0.0,relaxed,0
E3_after,171,fc89ef9eecd1a5fc,0,0,1,1,S,A,1.0,1.0,strict,0
E3_after,172,1d2d26cc311e4b1f,0,0,0,0,L,A,1.0,1.0,strict,0
E3_after,173,3d7cb91e68899d14,1,0,0,4,L,C,1.0,1.0,relaxed,1
E3_after,174,086475b4e785cf3b,1,1,1,7,S,A,0.0,0.0,relaxed,1
E3_after,175,851895b96a643ee9,1,0,0,4,L,A,0.0,0.0,relaxed,0
E3_after,176,17d665374e96cd38,0,0,0,0,L,C,1.0,1.0,relaxed,0
E3_after,177,1c48eb34f9a94b76,1,0,1,5,S,A,0.0,0.0,strict,1
E3_after,178,766ffd9008ebb8a4,1,1,1,7,S,A,0.0,0.0,relaxed,1
E3_after,179,29301304dc8bfe86,1,0,0,4,L,C,1.0,1.0,relaxed,1
E3_after,180,766ffd9008ebb8a4,1,1,1,7,S,A,0.0,0.0,relaxed,1
E3_after,181,8be0688f8987f971,0,0,0,0,L,A,0.0,0.0,relaxed,1
E3_after,182,8be0688f8987f971,0,0,0,0,L,C,0.0,0.0,relaxed,1
E3_after,183,bd4a4e87e54ef527,0,0,0,0,L,A,0.0,0.0,relaxed,1
E3_after,184,8be0688f8987f971,0,0,0,0,L,A,0.0,0.0,relaxed,1
E3_after,185,e54ce34c106f0406,1,0,0,4,L,C,0.0,0.0,relaxed,1
E3_after,186,2c2da2eab08a3e3e,1,0,1,5,S,A,0.0,0.0,relaxed,0
E3_after,187,352157d748f009e6,0,0,0,0,L,A,1.0,1.0,strict,0
E3_after,188,3b4cd3699320457e,1,0,0,4,L,C,1.0,1.0,relaxed,1
E3_after,189,d934749b93f781d2,1,0,0,4,L,A,0.0,0.0,relaxed,1
E3_after,190,d81c7cd69ac5f59d,0,1,1,3,S,A,1.0,1.0,relaxed,0
E3_after,191,23de06ba309e95ea,1,0,0,4,L,C,1.0,1.0,strict,1
E3_after,192,8fd0314425314b80,1,0,0,4,L,A,0.0,0.0,relaxed,0
E3_after,193,ec6295c49df00eaa,1,0,1,5,S,A,1.0,1.0,relaxed,0
E3_after,194,fe747a8745d774e7,1,1,1,7,S,C,1.0,1.0,relaxed,1
E3_after,195,8be0688f8987f971,0,0,0,0,L,A,0.0,0.0,relaxed,1
E3_after,196,1bd66dc52b2bd01c,0,0,0,0,L,A,1.0,1.0,strict,1
E3_after,197,4956d63309a71b2a,1,0,0,4,L,C,1.0,1.0,relaxed,1
E3_after,198,5aa10da791637b42,0,1,1,3,S,A,0.0,0.0,relaxed,1
E3_after,199,77e04e89fa6f474b,0,0,0,0,L,A,1.0,1.0,relaxed,1
E3_after,200,367c6865c8e7e0d9,0,1,1,3,S,C,0.0,0.0,relaxed,0
E3_after,201,fe81c92e64ecdbf9,1,1,1,7,S,A,1.0,1.0,strict,0
E3_after,202,2797a27b62c01b0c,0,0,0,0,L,A,1.0,1.0,relaxed,1
E3_after,203,8e5cf51f6d0d3fa8,0,1,1,3,S,C,1.0,1.0,relaxed,1
E3_after,204,f4af85172691259e,1,0,1,5,S,A,1.0,1.0,relaxed,1
E3_after,205,36bda84ddaa46598,0,1,1,3,S,A,0.0,0.0,relaxed,1
E3_after,206,88266bda3beb20ef,0,1,1,3,S,C,1.0,1.0,relaxed,0
E3_after,207,8be0688f8987f971,0,0,0,0,L,A,0.0,0.0,relaxed,1
E3_after,208,f25f9518207e66b0,1,1,1,7,S,A,1.0,1.0,strict,1
E3_after,209,9328d69fe5544c55,0,0,0,0,L,C,0.0,0.0,strict,0
E3_after,210,ca5dd7bcea3db106,0,1,1,3,S,A,1.0,1.0,relaxed,1
E3_after,211,3b4cd3699320457e,1,0,0,4,L,A,1.0,1.0,relaxed,1
E3_after,212,e7eb599c8a7088ef,0,0,0,0,L,C,0.0,0.0,relaxed,0
E3_after,213,d886c0c38907a938,0,1,1,3,S,A,1.0,1.0,relaxed,1
E3_after,214,4c37ffe17205e841,1,0,1,5,S,A,0.0,0.0,relaxed,0
E3_after,215,19fdf250b52a0627,1,0,0,4,L,C,1.0,1.0,relaxed,1
E3_after,216,8be0688f8987f971,0,0,0,0,L,A,0.0,0.0,relaxed,1
E3_after,217,8be0688f8987f971,0,0,0,0,L,A,0.0,0.0,relaxed,1
E3_after,218,d7167c0902e3453e,0,0,0,0,L,C,0.0,0.0,strict,1
E3_after,219,f9e274378d3d7fb7,0,0,0,0,L,A,0.0,0.0,strict,1
E3_after,220,bb20882d554d3450,0,0,0,0,L,A,0.0,0.0,strict,1
E3_after,221,f4af85172691259e,1,0,1,5,S,C,1.0,1.0,relaxed,1
E3_after,222,da0187547e603ae9,1,1,1,7,S,A,1.0,1.0,relaxed,0
E3_after,223,f7f082d19d38d49d,1,0,0,4,L,A,0.0,0.0,strict,1
E3_after,224,8be0688f8987f971,0,0,0,0,L,C,0.0,0.0,relaxed,1
E3_after,225,9576050ad77e93dd,0,0,0,0,L,A,0.0,0.0,relaxed,0
E3_after,226,ba78227b6e0d6075,1,1,1,7,S,A,1.0,1.0,strict,1
E3_after,227,8be0688f8987f971,0,0,0,0,L,C,0.0,0.0,relaxed,1
E3_after,228,56460068f66af015,0,1,1,3,S,A,0.0,0.0,relaxed,1
E3_after,229,0dd2a1a456917105,1,0,0,4,L,A,1.0,1.0,relaxed,1
E3_after,230,a26fca7cd909af6f,1,1,1,7,S,C,1.0,1.0,relaxed,1
E3_after,231,69723502d9093e15,0,0,0,0,L,A,1.0,1.0,strict,1
E3_after,232,39d438b8f04f2201,0,0,0,0,L,A,1.0,1.0,strict,0
E3_after,233,689ba10da32960b4,1,1,1,7,S,C,0.0,0.0,relaxed,1
E3_after,234,15afb5393f4fbc35,1,0,0,4,L,A,1.0,1.0,relaxed,1
E3_after,235,8be0688f8987f971,0,0,0,0,L,A,0.0,0.0,relaxed,1
E3_after,236,8be0688f8987f971,0,0,0,0,L,C,0.0,0.0,relaxed,1
E3_after,237,c62dc445fec1cc7a,0,1,1,3,S,A,1.0,1.0,relaxed,0
E3_after,238,ef3b1039c215ed05,1,0,0,4,L,A,0.0,0.0,relaxed,1
E3_after,239,989d4290fcfb19f3,1,1,1,7,S,C,1.0,1.0,strict,1
E3_after,240,09c777ca484d8131,0,0,0,0,L,A,1.0,1.0,relaxed,0
E3_after,241,fbc949644d496e3b,1,0,0,4,L,A,0.0,0.0,strict,1
E3_after,242,52b9a150c5dc7775,1,1,1,7,S,C,0.0,0.0,strict,1
E3_after,243,794c33e55a9642ec,1,0,0,4,L,A,1.0,1.0,strict,1
E3_after,244,5c72f2491eb8a510,0,0,1,1,S,A,0.0,0.0,relaxed,0
E3_after,245,49d1ac22d3e28769,1,0,0,4,L,C,1.0,1.0,strict,0
E3_after,246,8be0688f8987f971,0,0,0,0,L,A,0.0,0.0,relaxed,1
E3_after,247,794c33e55a9642ec,1,0,0,4,L,A,1.0,1.0,strict,1
E3_after,248,8be0688f8987f971,0,0,0,0,L,C,0.0,0.0,relaxed,1
E3_after,249,a116027fdbeb090c,1,0,0,4,L,A,0.0,0.0,relaxed,1
E3_after,250,b792028cbc0dee47,0,0,0,0,L,A,0.0,0.0,strict,1
E3_after,251,48ca11cb3b501bd7,0,1,1,3,S,C,0.0,0.0,relaxed,0
E3_after,252,b533d24094a57be6,1,0,0,4,L,A,0.0,0.0,relaxed,0
E3_after,253,35f408c69cc778c3,0,0,0,0,L,A,1.0,1.0,strict,1
E3_after,254,5a9fc23aef514aff,0,1,1,3,S,C,0.0,0.0,relaxed,0
E3_after,255,794c33e55a9642ec,1,0,0,4,L,A,1.0,1.0,strict,1
E3_after,256,8be0688f8987f971,0,0,0,0,L,A,0.0,0.0,relaxed,1
E3_after,257,50aab1b2b1aaee1e,0,0,1,1,S,C,0.0,0.0,strict,0
E3_after,258,69f914816f634c6c,0,0,0,0,L,A,1.0,1.0,relaxed,1
E3_after,259,29f7d4ad886ba2d4,1,0,0,4,L,A,1.0,1.0,strict,1
E3_after,260,15afb5393f4fbc35,1,0,0,4,L,C,1.0,1.0,relaxed,1
E3_after,261,8be0688f8987f971,0,0,0,0,L,A,0.0,0.0,relaxed,1
E3_after,262,f4af85172691259e,1,0,1,5,S,A,1.0,1.0,relaxed,1
E3_after,263,8be0688f8987f971,0,0,0,0,L,C,0.0,0.0,relaxed,1
E3_after,264,c27b34a36a71bcb0,1,1,1,7,S,A,1.0,1.0,relaxed,1
E3_after,265,c98e256ae63763de,0,0,0,0,L,A,0.0,0.0,relaxed,1
E3_after,266,8be0688f8987f971,0,0,0,0,L,C,0.0,0.0,relaxed,1
E3_after,267,e2eaae3e82327e98,0,1,1,3,S,A,1.0,1.0,relaxed,0
E3_after,268,770c50abf7c168ed,0,0,0,0,L,A,1.0,1.0,relaxed,1
E3_after,269,cbf07c231b76c5e4,1,0,0,4,L,C,0.0,0.0,strict,1
E3_after,270,15afb5393f4fbc35,1,0,0,4,L,A,1.0,1.0,relaxed,1
E3_after,271,8be0688f8987f971,0,0,0,0,L,A,0.0,0.0,relaxed,1
E3_after,272,d2efe79d28f2eaba,0,1,1,3,S,C,1.0,1.0,relaxed,1
E3_after,273,8be0688f8987f971,0,0,0,0,L,A,0.0,0.0,relaxed,1
E3_after,274,c6f6c190d95f1a60,0,1,1,3,S,A,1.0,1.0,relaxed,1
E3_after,275,8be0688f8987f971,0,0,0,0,L,C,0.0,0.0,relaxed,1
E3_after,276,c3da5a4368465670,0,0,0,0,L,A,0.0,0.0,relaxed,0
E3_after,277,8be0688f8987f971,0,0,0,0,L,A,0.0,0.0,relaxed,1
E3_after,278,ffcc52bafeb0b959,0,0,0,0,L,C,0.0,0.0,relaxed,0
E3_after,279,8061a6bfde5dc1f3,1,1,1,7,S,A,1.0,1.0,relaxed,1
E3_after,280,4a65773c0137bc43,1,1,1,7,S,A,0.0,0.0,relaxed,0
E3_after,281,458a5a7e5aa5c348,1,0,0,4,L,C,1.0,1.0,relaxed,1
E3_after,282,23440350d6110fe0,1,0,0,4,L,A,1.0,1.0,relaxed,1
E3_after,283,7d3bd60d22d4fa2a,0,0,0,0,L,A,1.0,1.0,strict,1
E3_after,284,d4198274e03f524c,0,0,1,1,S,C,1.0,1.0,relaxed,1
E3_after,285,7344e32ba222a8de,1,0,0,4,L,A,1.0,1.0,relaxed,1
E3_after,286,201db73eebc23839,1,1,1,7,S,A,0.0,0.0,relaxed,1
E3_after,287,b792028cbc0dee47,0,0,0,0,L,C,0.0,0.0,strict,1
E3_after,288,2d2aa748ef6b55b4,0,0,0,0,L,A,1.0,1.0,relaxed,0
E3_after,289,4d6f57cb729003e7,0,0,0,0,L,A,1.0,1.0,relaxed,1
E3_after,290,7460c79908d068da,0,0,1,1,S,C,0.0,0.0,relaxed,1
E3_after,291,29301304dc8bfe86,1,0,0,4,L,A,1.0,1.0,relaxed,1
E3_after,292,4c00cfa0d7531408,1,0,1,5,S,A,0.0,0.0,relaxed,0
E3_after,293,19fdf250b52a0627,1,0,0,4,L,C,1.0,1.0,relaxed,1
E3_after,294,1671b7eaecc54a79,1,1,1,7,S,A,0.0,0.0,relaxed,0
E3_after,295,4e56e1fb7cc09976,0,1,1,3,S,A,0.0,0.0,relaxed,1
E3_after,296,dbf16a55c3edea9a,0,0,0,0,L,C,0.0,0.0,strict,1
E3_after,297,fc5929bbeff2ccbb,0,0,1,1,S,A,1.0,1.0,relaxed,1
E3_after,298,8be0688f8987f971,0,0,0,0,L,A,0.0,0.0,relaxed,1
E3_after,299,63563810d109c58b,0,0,0,0,L,C,1.0,1.0,relaxed,0
E3_after,300,f4af85172691259e,1,0,1,5,S,A,1.0,1.0,relaxed,1
E3_after,301,77e04e89fa6f474b,0,0,0,0,L,A,1.0,1.0,relaxed,1
E3_after,302,b9e134800ff4c817,1,0,0,4,L,C,0.0,0.0,relaxed,0
E3_after,303,f40e3ae05c3ff929,1,0,1,5,S,A,1.0,1.0,relaxed,0
E3_after,304,a9895f94d41e6330,0,0,0,0,L,A,0.0,0.0,strict,0
E3_after,305,55a030708468fbe7,0,0,0,0,L,C,1.0,1.0,strict,0
E3_after,306,9be09c135af3cb75,1,0,0,4,L,A,0.0,0.0,relaxed,1
E3_after,307,70930cd9c1eebfdb,1,0,1,5,S,A,0.0,0.0,relaxed,1
E3_after,308,df0d2b9e228db64b,1,0,0,4,L,C,0.0,0.0,strict,1
E3_after,309,8be0688f8987f971,0,0,0,0,L,A,0.0,0.0,relaxed,1
E3_after,310,928754d36447006f,1,1,1,7,S,A,1.0,1.0,strict,1
E3_after,311,d758700e946f62b5,0,0,0,0,L,C,0.0,0.0,relaxed,0
E3_after,312,794c33e55a9642ec,1,0,0,4,L,A,1.0,1.0,strict,1
E3_after,313,52d0ef12daa91e38,1,1,1,7,S,A,0.0,0.0,strict,1
E3_after,314,2fb123df39b3bf1a,1,0,0,4,L,C,1.0,1.0,relaxed,1
E3_after,315,8be0688f8987f971,0,0,0,0,L,A,0.0,0.0,relaxed,1
E3_after,316,96d38a4cd63cd328,0,1,1,3,S,A,1.0,1.0,relaxed,0
E3_after,317,8be0688f8987f971,0,0,0,0,L,C,0.0,0.0,relaxed,1
E3_after,318,0bb53d1b1157c62e,1,0,0,4,L,A,1.0,1.0,relaxed,0
E3_after,319,acec6b037eabdf6b,0,0,1,1,S,A,1.0,1.0,strict,1
E3_after,320,cc4cc0cb705756dc,0,0,1,1,S,C,1.0,1.0,relaxed,1
E3_after,321,05d869e3954e8963,0,0,0,0,L,A,1.0,1.0,relaxed,0
E3_after,322,0762bf4bdb3381ef,1,0,0,4,L,A,1.0,1.0,relaxed,1
E3_after,323,5022f6dee2211df6,0,0,1,1,S,C,0.0,0.0,relaxed,0
E3_after,324,974f63e396786e7f,1,0,0,4,L,A,0.0,0.0,relaxed,1
E3_after,325,d2afb6abda9a5fa5,0,1,1,3,S,A,1.0,1.0,relaxed,1
E3_after,326,2ad83b71e400bba9,1,1,1,7,S,C,0.0,0.0,relaxed,1
E3_after,327,59b2636c51db84ff,0,0,0,0,L,A,1.0,1.0,strict,1
E3_after,328,60f69f3c817a3333,0,1,1,3,S,A,0.0,0.0,strict,1
E3_after,329,56dcebf590758a56,0,1,1,3,S,C,0.0,0.0,relaxed,0
E3_after,330,f3921cd93b11af0a,0,0,0,0,L,A,0.0,0.0,relaxed,0
E3_after,331,70722f5602885006,1,0,1,5,S,A,0.0,0.0,relaxed,1
E3_after,332,b7b6a84bb7555ba8,0,0,0,0,L,C,0.0,0.0,relaxed,1
E3_after,333,d76a6434b5e187c6,0,0,0,0,L,A,0.0,0.0,relaxed,0
E3_after,334,0473418bdf758685,1,0,1,5,S,A,0.0,0.0,relaxed,1
E3_after,335,234cb9ab8b2c7ba9,1,0,0,4,L,C,1.0,1.0,strict,0
E3_after,336,47fd91850f6b9cfb,0,0,0,0,L,A,1.0,1.0,relaxed,0
E3_after,337,15afb5393f4fbc35,1,0,0,4,L,A,1.0,1.0,relaxed,1
E3_after,338,d62398ce6bead193,1,1,1,7,S,C,1.0,1.0,relaxed,1
E3_after,339,f4af85172691259e,1,0,1,5,S,A,1.0,1.0,relaxed,1
E3_after,340,6cb7b2116f7423e5,0,0,1,1,S,A,0.0,0.0,relaxed,1
E3_after,341,8be0688f8987f971,0,0,0,0,L,C,0.0,0.0,relaxed,1
E3_after,342,4b5b032139586aa0,0,0,0,0,L,A,1.0,1.0,relaxed,1
E3_after,343,8be0688f8987f971,0,0,0,0,L,A,0.0,0.0,relaxed,1
E3_after,344,b8e771c26c60d80f,0,1,1,3,S,C,1.0,1.0,relaxed,1
E3_after,345,c41e2e333ad2e55c,1,0,1,5,S,A,1.0,1.0,relaxed,0
E3_after,346,19fdf250b52a0627,1,0,0,4,L,A,1.0,1.0,relaxed,1
E3_after,347,8be0688f8987f971,0,0,0,0,L,C,0.0,0.0,relaxed,1
E3_after,348,f4af85172691259e,1,0,1,5,S,A,1.0,1.0,relaxed,1
E3_after,349,8be0688f8987f971,0,0,0,0,L,A,0.0,0.0,relaxed,1
E3_after,350,15afb5393f4fbc35,1,0,0,4,L,C,1.0,1.0,relaxed,1
E3_after,351,6297e22d1db70e58,1,1,1,7,S,A,0.0,0.0,strict,0
E3_after,352,b11cbef71193bf2b,0,0,0,0,L,A,0.0,0.0,relaxed,1
E3_after,353,e8d79cf2f98c2571,0,1,1,3,S,C,1.0,1.0,relaxed,1
E3_after,354,9c4e4efaf484b0c1,0,0,1,1,S,A,1.0,1.0,relaxed,0
E3_after,355,710a93428d2462d5,0,0,0,0,L,A,1.0,1.0,relaxed,0
E3_after,356,6e6e88ddf14cc4f3,1,1,1,7,S,C,0.0,0.0,strict,1
E3_after,357,d6e7cf69ea0dcbe7,1,1,1,7,S,A,1.0,1.0,relaxed,1
E3_after,358,684b720b3a07ee88,1,1,1,7,S,A,0.0,0.0,strict,1
E3_after,359,459f6219469d43ed,1,0,0,4,L,C,1.0,1.0,strict,0
E3_after,360,0c1f8fa64b8353a5,0,0,1,1,S,A,0.0,0.0,relaxed,0
E3_after,361,bb0d796e778f5451,0,0,0,0,L,A,0.0,0.0,strict,1
E3_after,362,1c7c7d3786a7ff73,1,0,1,5,S,C,0.0,0.0,strict,1
E3_after,363,7f8b597013a720c4,1,0,0,4,L,A,1.0,1.0,relaxed,0
E3_after,364,160627647d0b8f93,1,1,1,7,S,A,0.0,0.0,relaxed,0
E3_after,365,7cd11b7c7e4b267f,1,0,1,5,S,C,0.0,0.0,relaxed,1
E3_after,366,470cab006f60afae,0,0,0,0,L,A,1.0,1.0,relaxed,0
E3_after,367,e9c5f0688372dcfd,1,0,0,4,L,A,0.0,0.0,relaxed,1
E3_after,368,3c9c4f043efdda53,0,0,1,1,S,C,0.0,0.0,relaxed,0
E3_after,369,77e04e89fa6f474b,0,0,0,0,L,A,1.0,1.0,relaxed,1
E3_after,370,ce03e5c5bc536689,1,1,1,7,S,A,1.0,1.0,relaxed,1
E3_after,371,d0e8c2336c399ca9,1,0,1,5,S,C,1.0,1.0,strict,1
E3_after,372,efd3f196e9895ace,1,0,0,4,L,A,0.0,0.0,strict,1
E3_after,373,59d8ce00ee0b8859,0,0,0,0,L,A,1.0,1.0,relaxed,1
E3_after,374,058c97faf80e3792,0,0,0,0,L,C,1.0,1.0,relaxed,0
E3_after,375,398cc7a9ed0cd296,0,0,0,0,L,A,1.0,1.0,relaxed,0
E3_after,376,8be0688f8987f971,0,0,0,0,L,A,0.0,0.0,relaxed,1
E3_after,377,48b3f44e91e54a2b,0,1,1,3,S,C,0.0,0.0,relaxed,1
E3_after,378,8be0688f8987f971,0,0,0,0,L,A,0.0,0.0,relaxed,1
E3_after,379,5bde4605b4d1d88d,1,0,0,4,L,A,1.0,1.0,relaxed,1
E3_after,380,c16f3fadd622373a,1,0,0,4,L,C,0.0,0.0,relaxed,1
E3_after,381,394a94819910930b,0,0,0,0,L,A,1.0,1.0,relaxed,0
E3_after,382,ae541b555854a2b3,1,1,1,7,S,A,1.0,1.0,strict,1
E3_after,383,3fa66a1e94cb0f30,0,0,0,0,L,C,1.0,1.0,relaxed,1
E3_after,384,1f99afa8aabe623b,1,0,0,4,L,A,1.0,1.0,relaxed,0
E3_after,385,8be0688f8987f971,0,0,0,0,L,A,0.0,0.0,relaxed,1
E3_after,386,8fcf35689e3030df,1,0,0,4,L,C,0.0,0.0,relaxed,0
E3_after,387,9f2f9da465fefd31,0,0,0,0,L,A,0.0,0.0,strict,0
E3_after,388,c2bcac3bb124000a,1,1,1,7,S,A,1.0,1.0,strict,1
E3_after,389,4f67577be5ec646b,1,0,0,4,L,C,1.0,1.0,relaxed,0
E3_after,390,ac206336112b1af3,0,0,1,1,S,A,1.0,1.0,strict,1
E3_after,391,8be0688f8987f971,0,0,0,0,L,A,0.0,0.0,relaxed,1
E3_after,392,b8fde8c19751ee6e,0,1,1,3,S,C,1.0,1.0,strict,1
E3_after,393,86204ae28c40755f,1,1,1,7,S,A,1.0,1.0,strict,0
E3_after,394,12b01e70def37753,0,1,1,3,S,A,0.0,0.0,relaxed,0
E3_after,395,696beffcecd9de72,0,0,0,0,L,C,1.0,1.0,strict,1
E3_after,396,3b4cd3699320457e,1,0,0,4,L,A,1.0,1.0,relaxed,1
E3_after,397,f8c400e09a4d26b7,1,1,1,7,S,A,1.0,1.0,strict,0
E3_after,398,6f829ae75d122d4d,0,0,0,0,L,C,1.0,1.0,relaxed,0
E3_after,399,9f096d3a4269664a,0,0,0,0,L,A,0.0,0.0,strict,1
E3_after,400,9934888995e68a1f,0,0,0,0,L,A,0.0,0.0,relaxed,0
E3_after,401,f5666631f120a831,0,0,0,0,L,C,0.0,0.0,relaxed,0
E3_after,402,4f31607e9da32b4e,1,0,0,4,L,A,1.0,1.0,strict,1
E3_after,403,6998e8ebdd3dcd47,0,0,0,0,L,A,1.0,1.0,relaxed,1
E3_after,404,e6d0ce527d7bc506,1,1,1,7,S,C,1.0,1.0,relaxed,1
E3_after,405,c41d9e950f839eb4,1,0,1,5,S,A,1.0,1.0,relaxed,1
E3_after,406,77e04e89fa6f474b,0,0,0,0,L,A,1.0,1.0,relaxed,1
E3_after,407,b690314a2847b159,1,1,1,7,S,C,1.0,1.0,strict,1
E3_after,408,7b3387324bafc0d5,0,0,0,0,L,A,1.0,1.0,relaxed,0
E3_after,409,061251183a7081b9,0,1,1,3,S,A,0.0,0.0,strict,1
E3_after,410,d7da7e403905d3cc,0,0,0,0,L,C,0.0,0.0,strict,1
E3_after,411,5b3744eef21a87a0,1,0,0,4,L,A,1.0,1.0,strict,1
E3_after,412,b004319bc921e25b,1,0,1,5,S,A,1.0,1.0,strict,1
E3_after,413,a732893ead3fc331,1,0,0,4,L,C,0.0,0.0,strict,0
E3_after,414,fd8434b112ea047a,1,0,0,4,L,A,0.0,0.0,strict,1
E3_after,415,794c33e55a9642ec,1,0,0,4,L,A,1.0,1.0,strict,1
E3_after,416,794c33e55a9642ec,1,0,0,4,L,C,1.0,1.0,relaxed,1
E3_after,417,e07fbe35ee8a95a3,1,1,1,7,S,A,1.0,1.0,relaxed,1
E3_after,418,5802b8069bf2288c,1,1,1,7,S,A,0.0,0.0,strict,0
E3_after,419,d2efe79d28f2eaba,0,1,1,3,S,C,1.0,1.0,relaxed,1
E3_after,420,48805cdbfbc22d4d,0,1,1,3,S,A,0.0,0.0,strict,1
E3_after,421,958f890500398c6e,0,0,0,0,L,A,0.0,0.0,relaxed,0
E3_after,422,8be0688f8987f971,0,0,0,0,L,C,0.0,0.0,relaxed,1
E3_after,423,b5331a5907981e25,1,0,0,4,L,A,0.0,0.0,strict,1
E3_after,424,f4af85172691259e,1,0,1,5,S,A,1.0,1.0,relaxed,1
E3_after,425,8be0688f8987f971,0,0,0,0,L,C,0.0,0.0,relaxed,1
E3_after,426,794c33e55a9642ec,1,0,0,4,L,A,1.0,1.0,strict,1
E3_after,427,20bfd07bbb7c1526,1,1,1,7,S,A,0.0,0.0,relaxed,0
E3_after,428,201db73eebc23839,1,1,1,7,S,C,0.0,0.0,relaxed,1
E3_after,429,c477741078cbae5c,1,0,1,5,S,A,1.0,1.0,relaxed,0
E3_after,430,522dbb5cb9c13305,1,1,1,7,S,A,0.0,0.0,relaxed,1
E3_after,431,e2abff362386f4b1,0,1,1,3,S,C,1.0,1.0,relaxed,0
E3_after,432,f407c6283708c741,1,0,1,5,S,A,1.0,1.0,strict,0
E3_after,433,d96150c56c8987e0,1,0,0,4,L,A,0.0,0.0,strict,1
E3_after,434,fb28ae96b2777616,1,0,0,4,L,C,0.0,0.0,relaxed,1
E3_after,435,7f399af350a15932,1,0,0,4,L,A,1.0,1.0,strict,1
E3_after,436,be6dd0dc6257f2c7,0,1,1,3,S,A,1.0,1.0,relaxed,1
E3_after,437,e769852cd57b8032,0,0,0,0,L,C,0.0,0.0,strict,1
E3_after,438,cbfebbb5c6a3fd09,1,0,0,4,L,A,0.0,0.0,relaxed,0
E3_after,439,3c521bf3d64a22c8,0,0,1,1,S,A,0.0,0.0,relaxed,0
E3_after,440,430cc448073d1855,1,0,0,4,L,C,1.0,1.0,relaxed,0
E3_after,441,201db73eebc23839,1,1,1,7,S,A,0.0,0.0,relaxed,1
E3_after,442,7b2873b1a82cae2f,0,0,0,0,L,A,1.0,1.0,relaxed,1
E3_after,443,ca055522597f940a,0,1,1,3,S,C,1.0,1.0,strict,1
E3_after,444,a6ea3b97607b8a63,0,1,1,3,S,A,1.0,1.0,strict,1
E3_after,445,ce03e5c5bc536689,1,1,1,7,S,A,1.0,1.0,relaxed,1
E3_after,446,69be5429241ae412,0,0,0,0,L,C,1.0,1.0,relaxed,0
E3_after,447,b36e93e287c31f58,1,0,0,4,L,A,0.0,0.0,strict,1
E3_after,448,8be0688f8987f971,0,0,0,0,L,A,0.0,0.0,relaxed,1
E3_after,449,1fa83c941a2b6ae2,1,0,0,4,L,C,1.0,1.0,relaxed,1
E3_after,450,8be0688f8987f971,0,0,0,0,L,A,0.0,0.0,relaxed,1
E3_after,451,3fe78a5d4ab294dc,0,0,0,0,L,A,1.0,1.0,relaxed,0
E3_after,452,7866dabfe0dfb2b6,0,1,1,3,S,C,0.0,0.0,relaxed,1
E3_after,453,0926937b0f00c957,0,0,0,0,L,A,1.0,1.0,strict,1
E3_after,454,f9d46ec80e81dac5,0,0,0,0,L,A,0.0,0.0,relaxed,1
E3_after,455,d71941fb2e1b0dae,0,0,0,0,L,C,0.0,0.0,relaxed,0
E3_after,456,3c96fcd6ac7c38d5,0,0,1,1,S,A,0.0,0.0,relaxed,0
E3_after,457,da7c3736900d2349,1,1,1,7,S,A,1.0,1.0,relaxed,1
E3_after,458,da5b2f1c41f90007,1,1,1,7,S,C,1.0,1.0,strict,1
E3_after,459,7f6b422641f0c458,1,0,0,4,L,A,1.0,1.0,relaxed,1
E3_after,460,a88941a1b6ddc5dc,1,1,1,7,S,A,1.0,1.0,relaxed,1
E3_after,461,93af91b72c535a86,0,0,0,0,L,C,0.0,0.0,relaxed,0
E3_after,462,569c7b050df5c4a6,0,1,1,3,S,A,0.0,0.0,relaxed,1
E3_after,463,7910b286828194d3,1,0,0,4,L,A,1.0,1.0,relaxed,1
E3_after,464,c9b4b0acaedffb78,0,0,0,0,L,C,0.0,0.0,relaxed,0
E3_after,465,6b8e263db77cec99,1,0,0,4,L,A,1.0,1.0,relaxed,1
E3_after,466,794c33e55a9642ec,1,0,0,4,L,A,1.0,1.0,strict,1
E3_after,467,a60e95dce91fc1ea,0,1,1,3,S,C,1.0,1.0,relaxed,1
E3_after,468,6bbcf5bce32f0c33,1,0,0,4,L,A,1.0,1.0,strict,1
E3_after,469,8be0688f8987f971,0,0,0,0,L,A,0.0,0.0,relaxed,1
E3_after,470,ab65a87ae79f0336,1,0,0,4,L,C,0.0,0.0,relaxed,0
E3_after,471,22c8e1603b2087d3,0,1,1,3,S,A,0.0,0.0,relaxed,0
E3_after,472,10a2a2e2852876c4,1,0,1,5,S,A,0.0,0.0,relaxed,1
E3_after,473,f4af85172691259e,1,0,1,5,S,C,1.0,1.0,relaxed,1
E3_after,474,29301304dc8bfe86,1,0,0,4,L,A,1.0,1.0,relaxed,1
E3_after,475,15afb5393f4fbc35,1,0,0,4,L,A,1.0,1.0,relaxed,1
E3_after,476,22588a76463b5584,0,1,1,3,S,C,0.0,0.0,relaxed,1
E3_after,477,77e04e89fa6f474b,0,0,0,0,L,A,1.0,1.0,relaxed,1
E3_after,478,47729a8aceb892e8,0,0,0,0,L,A,1.0,1.0,relaxed,1
E3_after,479,0185bd40e2cf7b10,1,0,0,4,L,C,1.0,1.0,strict,0
E3_after,480,a870d9552e2364ab,1,1,1,7,S,A,1.0,1.0,relaxed,1
E3_after,481,794c33e55a9642ec,1,0,0,4,L,A,1.0,1.0,strict,1
E3_after,482,033d04725fbad974,0,0,0,0,L,C,1.0,1.0,strict,1
E3_after,483,794c33e55a9642ec,1,0,0,4,L,A,1.0,1.0,strict,1
E3_after,484,794c33e55a9642ec,1,0,0,4,L,A,1.0,1.0,strict,1
E3_after,485,a8fa1de3219973a5,1,1,1,7,S,C,1.0,1.0,strict,0
E3_after,486,cbf3a3f470ae5220,1,0,0,4,L,A,0.0,0.0,relaxed,0
E3_after,487,cf443bd85d689c5c,0,0,0,0,L,A,0.0,0.0,relaxed,1
E3_after,488,29631fa975ee3427,1,0,0,4,L,C,1.0,1.0,relaxed,1
E3_after,489,3b4cd3699320457e,1,0,0,4,L,A,1.0,1.0,relaxed,1
E3_after,490,0b77fbf37fba9699,1,0,0,4,L,A,1.0,1.0,strict,1
E3_after,491,794c33e55a9642ec,1,0,0,4,L,C,1.0,1.0,relaxed,1
E3_after,492,77e04e89fa6f474b,0,0,0,0,L,A,1.0,1.0,relaxed,1
E3_after,493,96a64bfc1255e2a1,0,1,1,3,S,A,1.0,1.0,relaxed,1
E3_after,494,15afb5393f4fbc35,1,0,0,4,L,C,1.0,1.0,relaxed,1
E3_after,495,60f3639a97b30372,0,1,1,3,S,A,0.0,0.0,strict,1
E3_after,496,e3fad21803a21f89,1,0,0,4,L,A,0.0,0.0,strict,0
E3_after,497,84972928f9d5c553,0,0,1,1,S,C,1.0,1.0,strict,1
E3_after,498,201db73eebc23839,1,1,1,7,S,A,0.0,0.0,relaxed,1
E3_after,499,77e04e89fa6f474b,0,0,0,0,L,A,1.0,1.0,relaxed,1
E3_after,500,c6c7068c5e193939,0,1,1,3,S,C,1.0,1.0,relaxed,1
E3_after,501,2f1917d96fcd12f9,1,0,0,4,L,A,1.0,1.0,relaxed,1
E3_after,502,d3d70311e462f234,1,0,0,4,L,A,0.0,0.0,relaxed,0
E3_after,503,4edebe3b6ba92bdd,0,1,1,3,S,C,0.0,0.0,relaxed,1
E3_after,504,794c33e55a9642ec,1,0,0,4,L,A,1.0,1.0,strict,1
E3_after,505,e763e8b8f54083f2,0,0,0,0,L,A,0.0,0.0,relaxed,0
E3_after,506,eddd5cafcd2a971b,0,0,0,0,L,C,0.0,0.0,relaxed,0
E3_after,507,8be0688f8987f971,0,0,0,0,L,A,0.0,0.0,relaxed,1
E3_after,508,8be0688f8987f971,0,0,0,0,L,A,0.0,0.0,relaxed,1
E3_after,509,24574e64327c19c6,0,0,1,1,S,C,0.0,0.0,strict,0
E3_after,510,a8f8e3deea7428b6,1,1,1,7,S,A,1.0,1.0,strict,1
E3_after,511,4523a227902a1fa9,1,0,0,4,L,A,1.0,1.0,strict,1
E3_after,512,566812421a24a26a,0,1,1,3,S,C,0.0,0.0,relaxed,0
E3_after,513,06cc0285f8dfb847,0,1,1,3,S,A,0.0,0.0,relaxed,1
E3_after,514,8be0688f8987f971,0,0,0,0,L,A,0.0,0.0,relaxed,1
E3_after,515,e10f21c4c16ced0b,0,0,0,0,L,C,0.0,0.0,relaxed,0
E3_after,516,c895c6061306b3b1,1,1,1,7,S,A,1.0,1.0,strict,0
E3_after,517,12cfb6773d2f7923,0,1,1,3,S,A,0.0,0.0,relaxed,0
E3_after,518,ce03e5c5bc536689,1,1,1,7,S,C,1.0,1.0,relaxed,1
E3_after,519,795c7cc41deca23c,1,0,0,4,L,A,1.0,1.0,strict,0
E3_after,520,d168995bc056e4b6,0,0,0,0,L,A,0.0,0.0,relaxed,1
E3_after,521,8be0688f8987f971,0,0,0,0,L,C,0.0,0.0,relaxed,1
E3_after,522,c782ca968a987211,1,0,0,4,L,A,0.0,0.0,strict,1
E3_after,523,794c33e55a9642ec,1,0,0,4,L,A,1.0,1.0,strict,1
E3_after,524,87c111462201fc6d,0,0,0,0,L,C,0.0,0.0,relaxed,1
E3_after,525,c85d67ef0e835a07,1,1,1,7,S,A,1.0,1.0,relaxed,1
E3_after,526,15afb5393f4fbc35,1,0,0,4,L,A,1.0,1.0,relaxed,1
E3_after,527,6d34d941aef6a5d8,1,0,0,4,L,C,1.0,1.0,strict,0
E3_after,528,bff9b1946e6f0a0c,1,0,0,4,L,A,0.0,0.0,relaxed,1
E3_after,529,766ffd9008ebb8a4,1,1,1,7,S,A,0.0,0.0,relaxed,1
E3_after,530,ba78227b6e0d6075,1,1,1,7,S,C,1.0,1.0,strict,1
E3_after,531,b020c45ab56521d2,1,0,1,5,S,A,1.0,1.0,strict,1
E3_after,532,7f6b422641f0c458,1,0,0,4,L,A,1.0,1.0,relaxed,1
E3_after,533,201db73eebc23839,1,1,1,7,S,C,0.0,0.0,relaxed,1
E3_after,534,8be0688f8987f971,0,0,0,0,L,A,0.0,0.0,relaxed,1
E3_after,535,67d0ed36e227b521,1,0,0,4,L,A,1.0,1.0,relaxed,1
E3_after,536,a935a3757c8b7976,0,0,0,0,L,C,0.0,0.0,strict,0
E3_after,537,577d42b983d38a08,1,0,0,4,L,A,1.0,1.0,relaxed,0
E3_after,538,9d9d3e96209b20d7,1,0,0,4,L,A,0.0,0.0,relaxed,1
E3_after,539,d0b0a98e812c5422,1,0,1,5,S,C,1.0,1.0,relaxed,0
E3_after,540,265c4e9050c78cf3,1,1,1,7,S,A,0.0,0.0,relaxed,1
E3_after,541,8be0688f8987f971,0,0,0,0,L,A,0.0,0.0,relaxed,1
E3_after,542,794c33e55a9642ec,1,0,0,4,L,C,1.0,1.0,strict,1
E3_after,543,065ff651cfd0e9ff,0,1,1,3,S,A,0.0,0.0,relaxed,1
E3_after,544,3b4cd3699320457e,1,0,0,4,L,A,1.0,1.0,relaxed,1
E3_after,545,e56287ee669e3e65,1,0,0,4,L,C,0.0,0.0,relaxed,0
E3_after,546,8be0688f8987f971,0,0,0,0,L,A,0.0,0.0,relaxed,1
E3_after,547,66ba345d13c35173,0,1,1,3,S,A,0.0,0.0,relaxed,0
E3_after,548,5f1c3944d50f039a,0,0,0,0,L,C,1.0,1.0,relaxed,0
E3_after,549,6d199ac67121bfc9,1,0,0,4,L,A,1.0,1.0,relaxed,0
E3_after,550,2d11f831d2aff5d5,0,0,0,0,L,A,1.0,1.0,strict,1
E3_after,551,dfb31c1f5e295634,1,0,0,4,L,C,0.0,0.0,relaxed,1
E3_after,552,bab6d39bc870f7bc,1,1,1,7,S,A,1.0,1.0,relaxed,1
E3_after,553,8be0688f8987f971,0,0,0,0,L,A,0.0,0.0,relaxed,1
E3_after,554,794c33e55a9642ec,1,0,0,4,L,C,1.0,1.0,strict,1
E3_after,555,cdf167e0b354d151,1,0,0,4,L,A,0.0,0.0,relaxed,0
E3_after,556,edbf81bb6ffc7be2,0,0,0,0,L,A,0.0,0.0,relaxed,0
E3_after,557,77e04e89fa6f474b,0,0,0,0,L,C,1.0,1.0,relaxed,1
E3_after,558,d20d140d8adf08ac,0,1,1,3,S,A,1.0,1.0,relaxed,0
E3_after,559,8be0688f8987f971,0,0,0,0,L,A,0.0,0.0,relaxed,1
E3_after,560,98d4bd8e6a8ca966,1,1,1,7,S,C,1.0,1.0,strict,0
E3_after,561,8be0688f8987f971,0,0,0,0,L,A,0.0,0.0,relaxed,1
E3_after,562,8be0688f8987f971,0,0,0,0,L,A,0.0,0.0,relaxed,1
E3_after,563,d232e5f26df51749,0,1,1,3,S,C,1.0,1.0,relaxed,0
E3_after,564,201db73eebc23839,1,1,1,7,S,A,0.0,0.0,relaxed,1
E3_after,565,b740cdcaa4be5f12,0,0,0,0,L,A,0.0,0.0,strict,1
E3_after,566,8be0688f8987f971,0,0,0,0,L,C,0.0,0.0,relaxed,1
E3_after,567,794c33e55a9642ec,1,0,0,4,L,A,1.0,1.0,strict,1
E3_after,568,57f9438de097bbc7,1,0,0,4,L,A,1.0,1.0,relaxed,1
E3_after,569,bc6b7ef63407181f,1,0,1,5,S,C,1.0,1.0,relaxed,1
E3_after,570,794c33e55a9642ec,1,0,0,4,L,A,1.0,1.0,strict,1
E3_after,571,d30a1f43ac8b2e07,1,0,0,4,L,A,0.0,0.0,relaxed,1
E3_after,572,8be0688f8987f971,0,0,0,0,L,C,0.0,0.0,relaxed,1
E3_after,573,ea65aa2f3f814ed4,1,1,1,7,S,A,1.0,1.0,relaxed,1
E3_after,574,4f1407c33ad644e7,1,0,0,4,L,A,1.0,1.0,strict,0
E3_after,575,2d074a7d553ad556,0,0,0,0,L,C,1.0,1.0,relaxed,1
E3_after,576,59d8ce00ee0b8859,0,0,0,0,L,A,1.0,1.0,relaxed,1
E3_after,577,a67e87690fa9a386,0,1,1,3,S,A,1.0,1.0,relaxed,1
E3_after,578,15afb5393f4fbc35,1,0,0,4,L,C,1.0,1.0,relaxed,1
E3_after,579,caf9d5c2fd4a974f,0,1,1,3,S,A,1.0,1.0,strict,0
E3_after,580,ce03e5c5bc536689,1,1,1,7,S,A,1.0,1.0,relaxed,1
E3_after,581,794c33e55a9642ec,1,0,0,4,L,C,1.0,1.0,strict,1
E3_after,582,06c3915c88f1315a,0,1,1,3,S,A,0.0,0.0,strict,1
E3_after,583,57167505009831a0,1,0,0,4,L,A,1.0,1.0,relaxed,1
E3_after,584,216499bd02151bb6,0,0,0,0,L,C,1.0,1.0,relaxed,1
E3_after,585,8be0688f8987f971,0,0,0,0,L,A,0.0,0.0,relaxed,1
E3_after,586,bbe61c2f7b45b476,0,0,0,0,L,A,0.0,0.0,relaxed,1
E3_after,587,2ad83b71e400bba9,1,1,1,7,S,C,0.0,0.0,relaxed,1
E3_after,588,ff6ac67984142f9c,0,0,0,0,L,A,0.0,0.0,relaxed,1
E3_after,589,69c1b56172e9ddff,0,0,0,0,L,A,1.0,1.0,relaxed,0
E3_after,590,d2efe79d28f2eaba,0,1,1,3,S,C,1.0,1.0,relaxed,1
E3_after,591,af9b4b3737786da2,0,0,0,0,L,A,0.0,0.0,relaxed,0
E3_after,592,cb804279d32d0c49,1,0,0,4,L,A,0.0,0.0,relaxed,1
E3_after,593,5dc621296e83d783,1,0,0,4,L,C,1.0,1.0,relaxed,0
E3_after,594,e912fdc4fb10b851,1,0,0,4,L,A,0.0,0.0,strict,1
E3_after,595,c81b8b094a2fa526,1,1,1,7,S,A,1.0,1.0,relaxed,1
E3_after,596,500cf9866375b3a2,0,0,1,1,S,C,0.0,0.0,relaxed,0
E3_after,597,cb32145e0b3198d1,1,0,0,4,L,A,0.0,0.0,strict,1
E3_after,598,8be0688f8987f971,0,0,0,0,L,A,0.0,0.0,relaxed,1
E3_after,599,7f2b65f6185f1ee6,1,0,0,4,L,C,1.0,1.0,relaxed,1
E3_after,600,63c3228836ae2ec7,0,0,0,0,L,A,1.0,1.0,strict,1
E3_after,601,7add34310a37f054,1,1,1,7,S,A,0.0,0.0,strict,0
E3_after,602,48051bee58d0bec8,0,1,1,3,S,C,0.0,0.0,relaxed,0
E3_after,603,a60e95dce91fc1ea,0,1,1,3,S,A,1.0,1.0,relaxed,1
E3_after,604,c806e613f601b7a3,1,1,1,7,S,A,1.0,1.0,strict,1
E3_after,605,b044299aa17fb0fb,1,0,1,5,S,C,1.0,1.0,relaxed,1
E3_after,606,3b4cd3699320457e,1,0,0,4,L,A,1.0,1.0,strict,1
E3_after,607,b42b6a1db81802e4,0,0,1,1,S,A,1.0,1.0,strict,1
E3_after,608,01adcb136daa3458,1,0,0,4,L,C,1.0,1.0,relaxed,1
E3_after,609,5bde4605b4d1d88d,1,0,0,4,L,A,1.0,1.0,relaxed,1
E3_after,610,54fac7968335562e,1,0,1,5,S,A,0.0,0.0,strict,0
E3_after,611,611228f0259570dc,1,0,0,4,L,C,1.0,1.0,strict,1
E3_after,612,ffe580273d76f14b,0,0,0,0,L,A,0.0,0.0,relaxed,1
E3_after,613,bba131d92d20ac5a,0,0,0,0,L,A,0.0,0.0,strict,1
E3_after,614,19fdf250b52a0627,1,0,0,4,L,C,1.0,1.0,relaxed,1
E3_after,615,1ab4f2851e78f550,1,1,1,7,S,A,0.0,0.0,relaxed,0
E3_after,616,8be0688f8987f971,0,0,0,0,L,A,0.0,0.0,relaxed,1
E3_after,617,b044299aa17fb0fb,1,0,1,5,S,C,1.0,1.0,relaxed,1
E3_after,618,78f673c4c2b1d815,0,1,1,3,S,A,0.0,0.0,relaxed,1
E3_after,619,8be0688f8987f971,0,0,0,0,L,A,0.0,0.0,relaxed,1
E3_after,620,2f06988596f3d2ad,1,0,0,4,L,C,1.0,1.0,relaxed,1
E3_after,621,15afb5393f4fbc35,1,0,0,4,L,A,1.0,1.0,relaxed,1
E3_after,622,52c2adcd1593f64a,1,1,1,7,S,A,0.0,0.0,strict,1
E3_after,623,6113805cdb203cac,1,0,0,4,L,C,1.0,1.0,relaxed,1
E3_after,624,311d5dd5e27e67d6,1,0,0,4,L,A,1.0,1.0,strict,0
E3_after,625,2d074a7d553ad556,0,0,0,0,L,A,1.0,1.0,relaxed,1
E3_after,626,ba78227b6e0d6075,1,1,1,7,S,C,1.0,1.0,strict,1
E3_after,627,8be0688f8987f971,0,0,0,0,L,A,0.0,0.0,relaxed,1
E3_after,628,415c12c21d1729ae,0,0,0,0,L,A,1.0,1.0,relaxed,0
E3_after,629,f4af85172691259e,1,0,1,5,S,C,1.0,1.0,relaxed,1
E3_after,630,034fa6f58f8cd31f,0,0,0,0,L,A,1.0,1.0,relaxed,1
E3_after,631,6bff8ab812da73e7,1,0,0,4,L,A,1.0,1.0,relaxed,1
E3_after,632,472a61729744bf4d,0,0,0,0,L,C,1.0,1.0,relaxed,1
E3_after,633,7e6909e19189ac5a,0,1,1,3,S,A,0.0,0.0,strict,0
E3_after,634,8b60e43ae5d874a1,0,0,0,0,L,A,0.0,0.0,relaxed,1
E3_after,635,29268d4a29efb03c,1,0,0,4,L,C,1.0,1.0,relaxed,0
E3_after,636,d6f7d118869e85ab,1,1,1,7,S,A,1.0,1.0,relaxed,0
E3_after,637,8be0688f8987f971,0,0,0,0,L,A,0.0,0.0,relaxed,1
E3_after,638,ce03e5c5bc536689,1,1,1,7,S,C,1.0,1.0,relaxed,1
E3_after,639,459b1a3dada68446,1,0,0,4,L,A,1.0,1.0,relaxed,0
E3_after,640,6d2cf40a80392583,1,0,0,4,L,A,1.0,1.0,strict,1
E3_after,641,8be0688f8987f971,0,0,0,0,L,C,0.0,0.0,relaxed,1
E3_after,642,794c33e55a9642ec,1,0,0,4,L,A,1.0,1.0,strict,1
E3_after,643,40e5f02936f04931,1,0,1,5,S,A,0.0,0.0,relaxed,0
E3_after,644,0661c45e539a52aa,0,1,1,3,S,C,0.0,0.0,relaxed,0
E3_after,645,85d4aad9d6939c90,1,0,0,4,L,A,0.0,0.0,relaxed,0
E3_after,646,794c33e55a9642ec,1,0,0,4,L,A,1.0,1.0,strict,1
E3_after,647,8be0688f8987f971,0,0,0,0,L,C,0.0,0.0,relaxed,1
E3_after,648,59d8ce00ee0b8859,0,0,0,0,L,A,1.0,1.0,relaxed,1
E3_after,649,475e753ad49fb9ed,0,0,0,0,L,A,1.0,1.0,relaxed,1
E3_after,650,03b63f8cdaa4e7c1,0,0,0,0,L,C,1.0,1.0,relaxed,0
E3_after,651,3003c4043991fb44,0,0,1,1,S,A,0.0,0.0,strict,0
E3_after,652,47fd91850f6b9cfb,0,0,0,0,L,A,1.0,1.0,relaxed,0
E3_after,653,ce03e5c5bc536689,1,1,1,7,S,C,1.0,1.0,relaxed,1
E3_after,654,4bef9664acb82bed,0,0,0,0,L,A,1.0,1.0,strict,1
E3_after,655,d41fe6b0786ca8cf,0,0,1,1,S,A,1.0,1.0,relaxed,1
E3_after,656,efb5c6b285d39401,1,0,0,4,L,C,0.0,0.0,relaxed,1
E3_after,657,201db73eebc23839,1,1,1,7,S,A,0.0,0.0,relaxed,1
E3_after,658,1e2e7cb8c2b44087,0,1,1,3,S,A,0.0,0.0,relaxed,1
E3_after,659,8be0688f8987f971,0,0,0,0,L,C,0.0,0.0,relaxed,1
E3_after,660,6bff8ab812da73e7,1,0,0,4,L,A,1.0,1.0,strict,1
E3_after,661,61d55500ea34b3b0,1,0,0,4,L,A,1.0,1.0,relaxed,1
E3_after,662,f6f57ddf516b2579,0,1,1,3,S,C,1.0,1.0,relaxed,1
E3_after,663,9d1f025ff619d0ec,1,0,0,4,L,A,0.0,0.0,relaxed,0
E3_after,664,b044299aa17fb0fb,1,0,1,5,S,A,1.0,1.0,relaxed,1
E3_after,665,8be0688f8987f971,0,0,0,0,L,C,0.0,0.0,relaxed,1
E3_after,666,fce406e2ed022cbb,0,0,1,1,S,A,1.0,1.0,relaxed,1
E3_after,667,f652ee54334de686,0,1,1,3,S,A,1.0,1.0,relaxed,1
E3_after,668,8be0688f8987f971,0,0,0,0,L,C,0.0,0.0,relaxed,1
E3_after,669,aa6ab9b3ed18fe2f,0,1,1,3,S,A,1.0,1.0,relaxed,0
E3_after,670,6bff8ab812da73e7,1,0,0,4,L,A,1.0,1.0,relaxed,1
E3_after,671,8be0688f8987f971,0,0,0,0,L,C,0.0,0.0,relaxed,1
E3_after,672,0e2a8eea61007175,1,1,1,7,S,A,0.0,0.0,relaxed,0
E3_after,673,8be0688f8987f971,0,0,0,0,L,A,0.0,0.0,relaxed,1
E3_after,674,8be0688f8987f971,0,0,0,0,L,C,0.0,0.0,relaxed,1
E3_after,675,15afb5393f4fbc35,1,0,0,4,L,A,1.0,1.0,relaxed,1
E3_after,676,7f6b422641f0c458,1,0,0,4,L,A,1.0,1.0,relaxed,1
E3_after,677,8be0688f8987f971,0,0,0,0,L,C,0.0,0.0,relaxed,1
E3_after,678,e18fa434979515ac,0,0,0,0,L,A,0.0,0.0,relaxed,0
E3_after,679,389fa3059c2ca987,1,1,1,7,S,A,0.0,0.0,relaxed,1
E3_after,680,ebee21bd60f23059,0,0,0,0,L,C,0.0,0.0,relaxed,1
E3_after,681,1230c2603fce4e48,0,1,1,3,S,A,0.0,0.0,relaxed,1
E3_after,682,2031f131a30bdb3c,1,1,1,7,S,A,0.0,0.0,relaxed,1
E3_after,683,3b4cd3699320457e,1,0,0,4,L,C,1.0,1.0,relaxed,1
E3_after,684,8be0688f8987f971,0,0,0,0,L,A,0.0,0.0,relaxed,1
E3_after,685,39551de41a9ff092,0,0,0,0,L,A,1.0,1.0,strict,1
E3_after,686,4732fa3ecf9ec613,0,0,0,0,L,C,1.0,1.0,strict,1
E3_after,687,ce8a1e134cca400e,1,1,1,7,S,A,1.0,1.0,relaxed,1
E3_after,688,f2b44292f866d9b1,1,1,1,7,S,A,1.0,1.0,strict,1
E3_after,689,da8b3d7bf8094151,1,1,1,7,S,C,1.0,1.0,relaxed,1
E3_after,690,88da8b374ced4944,0,1,1,3,S,A,1.0,1.0,relaxed,0
E3_after,691,c60c4cd68f114072,0,1,1,3,S,A,1.0,1.0,relaxed,1
E3_after,692,cfba079295464326,0,0,0,0,L,C,0.0,0.0,relaxed,0
E3_after,693,61d55500ea34b3b0,1,0,0,4,L,A,1.0,1.0,relaxed,1
E3_after,694,cbeb6217385c4152,1,0,0,4,L,A,0.0,0.0,relaxed,0
E3_after,695,4694fcb6516d5fbb,1,1,1,7,S,C,0.0,0.0,relaxed,1
E3_after,696,5934c48df3d67d40,0,0,0,0,L,A,1.0,1.0,strict,1
E3_after,697,911baf0e8667b5c4,1,0,0,4,L,A,0.0,0.0,relaxed,0
E3_after,698,59d8ce00ee0b8859,0,0,0,0,L,C,1.0,1.0,relaxed,1
E3_after,699,26a4bec33296c9de,1,1,1,7,S,A,0.0,0.0,strict,1
E3_after,700,3127e79d9fd3daeb,1,0,0,4,L,A,1.0,1.0,strict,1
E3_after,701,14c65ed1448567d1,0,0,1,1,S,C,0.0,0.0,relaxed,1
E3_after,702,e74cefa485d81f27,0,0,0,0,L,A,0.0,0.0,relaxed,0
E3_after,703,787a470ecd1714ad,0,1,1,3,S,A,0.0,0.0,relaxed,1
E3_after,704,794c33e55a9642ec,1,0,0,4,L,C,1.0,1.0,strict,1
E3_after,705,2ca6346fe6c428f2,1,0,1,5,S,A,0.0,0.0,strict,1
E3_after,706,c4e56a10fa689059,1,0,1,5,S,A,1.0,1.0,strict,1
E3_after,707,19fdf250b52a0627,1,0,0,4,L,C,1.0,1.0,relaxed,1
E3_after,708,2bc82337c07b552f,0,0,0,0,L,A,1.0,1.0,strict,1
E3_after,709,12b977904025fada,0,1,1,3,S,A,0.0,0.0,strict,0
E3_after,710,2d074a7d553ad556,0,0,0,0,L,C,1.0,1.0,relaxed,1
E3_after,711,681b1155753bae32,1,1,1,7,S,A,0.0,0.0,relaxed,1
E3_after,712,8be0688f8987f971,0,0,0,0,L,A,0.0,0.0,relaxed,1
E3_after,713,77e04e89fa6f474b,0,0,0,0,L,C,1.0,1.0,relaxed,1
E3_after,714,9ec303c4a646f86e,1,1,1,7,S,A,1.0,1.0,strict,1
E3_after,715,0fcab07c3cc929ed,0,0,0,0,L,A,1.0,1.0,relaxed,0
E3_after,716,201db73eebc23839,1,1,1,7,S,C,0.0,0.0,relaxed,1
E3_after,717,2497ae5c6a85480c,0,0,1,1,S,A,0.0,0.0,relaxed,0
E3_after,718,ce03e5c5bc536689,1,1,1,7,S,A,1.0,1.0,relaxed,1
E3_after,719,d740277541cb0045,0,0,0,0,L,C,0.0,0.0,relaxed,0
E3_after,720,1fa39a67b16c5472,1,0,0,4,L,A,1.0,1.0,relaxed,1
E3_after,721,04f811ae47bc6278,1,0,1,5,S,A,0.0,0.0,strict,1
E3_after,722,3d8dcf2d281a347b,1,0,0,4,L,C,1.0,1.0,strict,0
E3_after,723,bc6fc896e5c8c075,1,0,1,5,S,A,1.0,1.0,relaxed,1
E3_after,724,8829aaf2d9b7a32f,0,1,1,3,S,A,1.0,1.0,strict,0
E3_after,725,706bd83e605dbce9,1,0,1,5,S,C,0.0,0.0,strict,1
E3_after,726,16c875f4e318c29e,1,1,1,7,S,A,0.0,0.0,strict,1
E3_after,727,2d074a7d553ad556,0,0,0,0,L,A,1.0,1.0,relaxed,1
E3_after,728,150fb26d3a24a620,1,0,0,4,L,C,1.0,1.0,strict,1
E3_after,729,22588a76463b5584,0,1,1,3,S,A,0.0,0.0,strict,1
E3_after,730,d4c56b2358a32505,0,0,1,1,S,A,1.0,1.0,relaxed,0
E3_after,731,8be0688f8987f971,0,0,0,0,L,C,0.0,0.0,relaxed,1
E3_after,732,64d502a9fc1e3eea,1,0,1,5,S,A,0.0,0.0,relaxed,1
E3_after,733,13e8ea4f8dc7d9ee,1,0,0,4,L,A,1.0,1.0,relaxed,1
E3_after,734,0fdb04fa8460055e,0,0,0,0,L,C,1.0,1.0,relaxed,0
E3_after,735,66596231f8473bb2,0,1,1,3,S,A,0.0,0.0,relaxed,0
E3_after,736,8d0735b555e9ee23,0,0,0,0,L,A,0.0,0.0,strict,0
E3_after,737,da1f8e9538904ac3,1,1,1,7,S,C,1.0,1.0,relaxed,1
E3_after,738,1f2bdf15afb16408,1,0,0,4,L,A,1.0,1.0,strict,0
E3_after,739,61d55500ea34b3b0,1,0,0,4,L,A,1.0,1.0,relaxed,1
E3_after,740,8be0688f8987f971,0,0,0,0,L,C,0.0,0.0,relaxed,1
E3_after,741,59d8ce00ee0b8859,0,0,0,0,L,A,1.0,1.0,relaxed,1
E3_after,742,5d7ce11c77bf8466,1,0,0,4,L,A,1.0,1.0,strict,1
E3_after,743,77c9ed3186cd0c25,0,0,0,0,L,C,1.0,1.0,relaxed,1
E3_after,744,f4af85172691259e,1,0,1,5,S,A,1.0,1.0,relaxed,1
E3_after,745,03dabd1e83073045,0,0,0,0,L,A,1.0,1.0,relaxed,0
E3_after,746,844b0d8fcf291e1a,0,0,1,1,S,C,1.0,1.0,strict,1
E3_after,747,f13fe08db5b3f159,1,0,0,4,L,A,0.0,0.0,relaxed,1
E3_after,748,e06fc701290474e8,1,1,1,7,S,A,1.0,1.0,relaxed,0
E3_after,749,e3135e79c415b05a,1,0,0,4,L,C,0.0,0.0,strict,1
E3_after,750,1ad511b4aae8d50f,1,1,1,7,S,A,0.0,0.0,strict,0
E3_after,751,44396c1d61ccb936,0,0,1,1,S,A,0.0,0.0,relaxed,0
E3_after,752,0452fd939edcc9ae,1,0,1,5,S,C,0.0,0.0,strict,1
E3_after,753,8cec2546dc391d9e,1,0,1,5,S,A,1.0,1.0,relaxed,1
E3_after,754,0b249fe2f75b79cf,1,0,0,4,L,A,1.0,1.0,strict,0
E3_after,755,dd0b7441cd7e1c16,0,0,0,0,L,C,0.0,0.0,relaxed,0
E3_after,756,2c1a6288d4698aa2,1,0,1,5,S,A,0.0,0.0,relaxed,1
E3_after,757,16b041f53d91d30d,1,1,1,7,S,A,0.0,0.0,strict,1
E3_after,758,05a9b4353e1f2a80,0,0,0,0,L,C,1.0,1.0,relaxed,0
E3_after,759,039ff5a45b644a80,0,0,0,0,L,A,1.0,1.0,relaxed,1
E3_after,760,b044299aa17fb0fb,1,0,1,5,S,A,1.0,1.0,relaxed,1
E3_after,761,f0bf03b2e2ce707f,0,0,1,1,S,C,1.0,1.0,strict,0
E3_after,762,cd97a247cf3d59ae,1,0,0,4,L,A,0.0,0.0,relaxed,0
E3_after,763,86b7288ec17d885b,1,1,1,7,S,A,1.0,1.0,relaxed,1
E3_after,764,794c33e55a9642ec,1,0,0,4,L,C,1.0,1.0,strict,1
E3_after,765,f1745bf8d6192e93,1,0,0,4,L,A,0.0,0.0,strict,0
E3_after,766,b893930ae229e19b,0,1,1,3,S,A,1.0,1.0,strict,1
E3_after,767,65e9e5fe0b1efa3b,0,0,0,0,L,C,1.0,1.0,relaxed,1
E3_after,768,9d9e307ecc1403c2,1,0,0,4,L,A,0.0,0.0,strict,0
E3_after,769,d8c91883d1a6a184,0,1,1,3,S,A,1.0,1.0,relaxed,1
E3_after,770,6f6de0ce98a4be40,0,0,0,0,L,C,1.0,1.0,relaxed,1
E3_after,771,4b5b032139586aa0,0,0,0,0,L,A,1.0,1.0,relaxed,1
E3_after,772,e79383740e344e0f,0,0,0,0,L,A,0.0,0.0,relaxed,0
E3_after,773,b803d3f212d89ac9,0,1,1,3,S,C,1.0,1.0,strict,1
E3_after,774,794c33e55a9642ec,1,0,0,4,L,A,1.0,1.0,strict,1
E3_after,775,b0e25c8396616cb9,1,0,1,5,S,A,1.0,1.0,relaxed,0
E3_after,776,3fb7f3b20c986b43,0,0,0,0,L,C,1.0,1.0,relaxed,1
E3_after,777,7adb0b38d6fb9141,1,1,1,7,S,A,0.0,0.0,relaxed,0
E3_after,778,8be0688f8987f971,0,0,0,0,L,A,0.0,0.0,relaxed,1
E3_after,779,0086ff209390fb8f,0,0,1,1,S,C,0.0,0.0,relaxed,1
E3_after,780,8be0688f8987f971,0,0,0,0,L,A,0.0,0.0,relaxed,1
E3_after,781,70bd8b3d85990f79,1,0,1,5,S,A,0.0,0.0,strict,1
E3_after,782,f240d020b86363af,1,1,1,7,S,C,1.0,1.0,relaxed,0
E3_after,783,9fe9aa0aafda77d7,0,0,0,0,L,A,0.0,0.0,relaxed,1
E3_after,784,b1a42b1ae1a79941,0,0,0,0,L,A,0.0,0.0,relaxed,1
E3_after,785,52e333ed0ee9cfc5,1,1,1,7,S,C,0.0,0.0,strict,1
E3_after,786,ef3b1039c215ed05,1,0,0,4,L,A,0.0,0.0,relaxed,1
E3_after,787,4db3f5c789ee71df,0,0,0,0,L,A,1.0,1.0,relaxed,1
E3_after,788,dcadca866895b928,1,0,1,5,S,C,1.0,1.0,relaxed,0
E3_after,789,2844394eccd60501,0,1,1,3,S,A,0.0,0.0,relaxed,0
E3_after,790,23e713f5ef9d9f2b,1,0,0,4,L,A,1.0,1.0,strict,0
E3_after,791,c282fd7c9e35b011,1,1,1,7,S,C,1.0,1.0,relaxed,1
E3_after,792,597258b7b1c29092,0,0,0,0,L,A,1.0,1.0,strict,0
E3_after,793,e96196cbf2e0fca5,1,0,0,4,L,A,0.0,0.0,strict,1
E3_after,794,ae03bb6c84af4f24,1,1,1,7,S,C,1.0,1.0,relaxed,1
E3_after,795,cf561ae7136722ca,0,0,0,0,L,A,0.0,0.0,strict,1
E3_after,796,7f6b422641f0c458,1,0,0,4,L,A,1.0,1.0,relaxed,1
E3_after,797,e6ffffa3a202ea77,1,1,1,7,S,C,1.0,1.0,relaxed,1
E3_after,798,8be0688f8987f971,0,0,0,0,L,A,0.0,0.0,relaxed,1
E3_after,799,3a83f56069b3e156,0,1,1,3,S,A,0.0,0.0,relaxed,0
E3_after,800,8061a6bfde5dc1f3,1,1,1,7,S,C,1.0,1.0,relaxed,1
E3_after,801,794c33e55a9642ec,1,0,0,4,L,A,1.0,1.0,strict,1
E3_after,802,ee2c277b02498957,0,1,1,3,S,A,1.0,1.0,relaxed,0
E3_after,803,ce03e5c5bc536689,1,1,1,7,S,C,1.0,1.0,relaxed,1
E3_after,804,0f9a8f7523b9f6ff,0,0,0,0,L,A,1.0,1.0,relaxed,1
E3_after,805,7840db048ef4d46c,0,1,1,3,S,A,0.0,0.0,strict,1
E3_after,806,7ef1ea78193a713b,0,1,1,3,S,C,0.0,0.0,relaxed,0
E3_after,807,6606d3d0580da57c,0,1,1,3,S,A,0.0,0.0,relaxed,0
E3_after,808,24109c99328a7574,0,0,1,1,S,A,0.0,0.0,strict,1
E3_after,809,32bb4fdffc47e7e3,1,1,1,7,S,C,0.0,0.0,strict,1
E3_after,810,7ce626ceb3e72dc3,1,0,1,5,S,A,0.0,0.0,relaxed,0
E3_after,811,61d55500ea34b3b0,1,0,0,4,L,A,1.0,1.0,relaxed,1
E3_after,812,2c43fe7112153fec,1,0,1,5,S,C,0.0,0.0,relaxed,1
E3_after,813,f3f75925b68681d5,0,0,0,0,L,A,0.0,0.0,relaxed,0
E3_after,814,34613f1c1ec18542,1,0,1,5,S,A,0.0,0.0,relaxed,0
E3_after,815,079847537583017a,1,0,0,4,L,C,1.0,1.0,strict,1
E3_after,816,dd4fd3d8cb5d843a,0,0,0,0,L,A,0.0,0.0,relaxed,0
E3_after,817,1bb53afb927e151d,0,0,0,0,L,A,1.0,1.0,strict,1
E3_after,818,1ef728b865d3431d,0,1,1,3,S,C,0.0,0.0,strict,1
E3_after,819,664bf8abf7c6b60f,0,1,1,3,S,A,0.0,0.0,strict,1
E3_after,820,04c0efab56619764,1,0,1,5,S,A,0.0,0.0,relaxed,1
E3_after,821,94d8e7d59f950fd8,1,0,1,5,S,C,1.0,1.0,relaxed,0
E3_after,822,66c54cdf15a4ee1b,0,1,1,3,S,A,0.0,0.0,strict,1
E3_after,823,57167505009831a0,1,0,0,4,L,A,1.0,1.0,relaxed,1
E3_after,824,15afb5393f4fbc35,1,0,0,4,L,C,1.0,1.0,relaxed,1
E3_after,825,cebc75139d8093ff,1,1,1,7,S,A,1.0,1.0,relaxed,0
E3_after,826,976b0cfb47cd7d2f,1,0,0,4,L,A,0.0,0.0,relaxed,0
E3_after,827,5ec5841f1618a12b,1,1,1,7,S,C,0.0,0.0,strict,1
E3_after,828,7f2b65f6185f1ee6,1,0,0,4,L,A,1.0,1.0,relaxed,1
E3_after,829,2d074a7d553ad556,0,0,0,0,L,A,1.0,1.0,relaxed,1
E3_after,830,c23bcb6ca7442bdf,1,1,1,7,S,C,1.0,1.0,strict,1
E3_after,831,cd68e8e52b6ccfbe,1,0,0,4,L,A,0.0,0.0,relaxed,0
E3_after,832,8948c84ab1255db2,1,0,0,4,L,A,0.0,0.0,relaxed,0
E3_after,833,db7c008e8214a5d2,0,0,0,0,L,C,0.0,0.0,strict,1
E3_after,834,794c33e55a9642ec,1,0,0,4,L,A,1.0,1.0,strict,1
E3_after,835,17ec3bdaa206078b,0,0,0,0,L,A,1.0,1.0,relaxed,0
E3_after,836,b04072c9ce3fd3dd,1,0,1,5,S,C,1.0,1.0,relaxed,0
E3_after,837,dba14459fc4dfec3,0,0,0,0,L,A,0.0,0.0,relaxed,1
E3_after,838,ecb7b49507bdab4d,1,0,1,5,S,A,1.0,1.0,relaxed,0
E3_after,839,8be0688f8987f971,0,0,0,0,L,C,0.0,0.0,relaxed,1
E3_after,840,7ef987742f0d95d5,0,1,1,3,S,A,0.0,0.0,strict,1
E3_after,841,f594226005816866,0,0,0,0,L,A,0.0,0.0,strict,1
E3_after,842,82c294f5461e4340,0,1,1,3,S,C,1.0,1.0,relaxed,1
E3_after,843,7f6b422641f0c458,1,0,0,4,L,A,1.0,1.0,relaxed,1
E3_after,844,ae500f7be3d837e2,1,1,1,7,S,A,1.0,1.0,strict,0
E3_after,845,b044299aa17fb0fb,1,0,1,5,S,C,1.0,1.0,relaxed,1
E3_after,846,cc40faaab7bcbfe0,0,0,1,1,S,A,1.0,1.0,strict,1
E3_after,847,d91999c3b0f50981,1,0,0,4,L,A,0.0,0.0,relaxed,0
E3_after,848,3b4cd3699320457e,1,0,0,4,L,C,1.0,1.0,relaxed,1
E3_after,849,b2372ac420e38392,0,1,1,3,S,A,1.0,1.0,relaxed,1
E3_after,850,baef832814a7ad27,1,1,1,7,S,A,1.0,1.0,relaxed,0
E3_after,851,51d66ddb7d945571,1,0,0,4,L,C,1.0,1.0,strict,0
E3_after,852,d6220f3778a8a850,1,1,1,7,S,A,1.0,1.0,strict,0
E3_after,853,9463b66bc6f15984,1,0,1,5,S,A,1.0,1.0,strict,1
E3_after,854,7cd691ea224c671c,1,0,1,5,S,C,0.0,0.0,relaxed,0
E3_after,855,da5be74d24fe1580,1,1,1,7,S,A,1.0,1.0,strict,1
E3_after,856,8be0688f8987f971,0,0,0,0,L,A,0.0,0.0,relaxed,1
E3_after,857,e6577d995d1af330,1,1,1,7,S,C,1.0,1.0,relaxed,1
E3_after,858,3f789f03e16b226f,0,0,0,0,L,A,1.0,1.0,relaxed,1
E3_after,859,f9131536f1f6886c,0,0,0,0,L,A,0.0,0.0,relaxed,0
E3_after,860,5e4c21d02d60ab03,1,1,1,7,S,C,0.0,0.0,relaxed,0
E3_after,861,77e04e89fa6f474b,0,0,0,0,L,A,1.0,1.0,relaxed,1
E3_after,862,794c33e55a9642ec,1,0,0,4,L,A,1.0,1.0,strict,1
E3_after,863,6d81dd9dbe74c33a,1,0,0,4,L,C,1.0,1.0,relaxed,1
E3_after,864,e58c0ff050901313,1,0,0,4,L,A,0.0,0.0,relaxed,0
E3_after,865,644b5354cbcfd440,1,0,1,5,S,A,0.0,0.0,relaxed,0
E3_after,866,201db73eebc23839,1,1,1,7,S,C,0.0,0.0,relaxed,1
E3_after,867,8be0688f8987f971,0,0,0,0,L,A,0.0,0.0,relaxed,1
E3_after,868,4c56ee3dc40b9aa0,1,0,1,5,S,A,0.0,0.0,relaxed,1
E3_after,869,794c33e55a9642ec,1,0,0,4,L,C,1.0,1.0,strict,1
E3_after,870,ff3b771d57768cac,0,0,0,0,L,A,0.0,0.0,relaxed,0
E3_after,871,def9b281f87fbe6f,0,1,1,3,S,A,1.0,1.0,relaxed,0
E3_after,872,b4db21a9a8a62508,0,0,1,1,S,C,1.0,1.0,relaxed,1
E3_after,873,8be0688f8987f971,0,0,0,0,L,A,0.0,0.0,relaxed,1
E3_after,874,fc9cf05f812ed7ac,0,0,1,1,S,A,1.0,1.0,strict,1
E3_after,875,5f548a01991c402e,0,0,0,0,L,C,1.0,1.0,strict,0
E3_after,876,be43f41bbd53bc5c,0,1,1,3,S,A,1.0,1.0,relaxed,1
E3_after,877,8e2a36f91faa413d,0,1,1,3,S,A,1.0,1.0,relaxed,1
E3_after,878,ef3b1039c215ed05,1,0,0,4,L,C,0.0,0.0,strict,1
E3_after,879,751c3df8e11edf19,1,0,0,4,L,A,1.0,1.0,relaxed,0
E3_after,880,9da565014f6a25ce,1,0,0,4,L,A,0.0,0.0,relaxed,0
E3_after,881,95e4b4ed80d92556,0,0,0,0,L,C,0.0,0.0,relaxed,1
E3_after,882,a60cd6e2961f0889,0,1,1,3,S,A,1.0,1.0,strict,1
E3_after,883,00a23c0d8a0a2a8d,0,0,1,1,S,A,0.0,0.0,relaxed,0
E3_after,884,cfd7b78bb301a0cd,0,0,0,0,L,C,0.0,0.0,relaxed,0
E3_after,885,57167505009831a0,1,0,0,4,L,A,1.0,1.0,relaxed,1
E3_after,886,794c33e55a9642ec,1,0,0,4,L,A,1.0,1.0,strict,1
E3_after,887,251f5604a8578acb,1,0,0,4,L,C,1.0,1.0,relaxed,1
E3_after,888,e12fac8eae369686,0,0,0,0,L,A,0.0,0.0,relaxed,0
E3_after,889,af45ecb5a04796e0,0,0,0,0,L,A,0.0,0.0,relaxed,0
E3_after,890,1c7a1da78a7dea27,1,0,1,5,S,C,0.0,0.0,relaxed,1
E3_after,891,8be0688f8987f971,0,0,0,0,L,A,0.0,0.0,relaxed,1
E3_after,892,794c33e55a9642ec,1,0,0,4,L,A,1.0,1.0,relaxed,1
E3_after,893,df057d0d4d3f8bef,1,0,0,4,L,C,0.0,0.0,strict,0
E3_after,894,63d601636e912322,0,0,0,0,L,A,1.0,1.0,relaxed,0
E3_after,895,1c7b942ffbcbf53a,1,0,1,5,S,A,0.0,0.0,relaxed,1
E3_after,896,681a6ebd6fc09657,1,1,1,7,S,C,0.0,0.0,relaxed,1
E3_after,897,ffcbb4daa4bb612f,0,0,0,0,L,A,0.0,0.0,relaxed,0
E3_after,898,3b4cd3699320457e,1,0,0,4,L,A,1.0,1.0,relaxed,1
E3_after,899,432726a63a77d153,1,0,0,4,L,C,1.0,1.0,relaxed,0
E3_after,900,8be0688f8987f971,0,0,0,0,L,A,0.0,0.0,relaxed,1
E3_after,901,8ec3aa366e39e03e,0,1,1,3,S,A,1.0,1.0,relaxed,0
E3_after,902,8be0688f8987f971,0,0,0,0,L,C,0.0,0.0,relaxed,1
E3_after,903,75189c03c2640d80,1,0,0,4,L,A,1.0,1.0,relaxed,0
E3_after,904,a23d31d3498e397e,1,1,1,7,S,A,1.0,1.0,relaxed,0
E3_after,905,15afb5393f4fbc35,1,0,0,4,L,C,1.0,1.0,strict,1
E3_after,906,352f23d616c171c9,0,0,0,0,L,A,1.0,1.0,relaxed,1
E3_after,907,ec9228880cac35d2,1,0,1,5,S,A,1.0,1.0,relaxed,1
E3_after,908,7fe7de769247db58,1,0,0,4,L,C,1.0,1.0,relaxed,0
E3_after,909,0060d0cefcce0985,0,0,1,1,S,A,0.0,0.0,relaxed,1
E3_after,910,3ba77024d68aed97,1,0,0,4,L,A,1.0,1.0,strict,1
E3_after,911,6bdc1da56c337acc,1,0,0,4,L,C,1.0,1.0,strict,0
E3_after,912,d3db102c7b45dc2d,1,0,0,4,L,A,0.0,0.0,strict,0
E3_after,913,dbb90adc318f920d,0,0,0,0,L,A,0.0,0.0,relaxed,0
E3_after,914,7bb3665a2193b88c,0,0,0,0,L,C,1.0,1.0,strict,1
E3_after,915,e9a46f1918fa51dd,1,0,0,4,L,A,0.0,0.0,relaxed,0
E3_after,916,75bbfe282af1e58f,1,0,0,4,L,A,1.0,1.0,relaxed,1
E3_after,917,8be0688f8987f971,0,0,0,0,L,C,0.0,0.0,relaxed,1
E3_after,918,abe3ae53863d84d1,1,0,0,4,L,A,0.0,0.0,relaxed,0
E3_after,919,dc0501b72b9dda80,1,0,1,5,S,A,1.0,1.0,relaxed,0
E3_after,920,1ebec7f3abc1f3bd,0,1,1,3,S,C,0.0,0.0,relaxed,1
E3_after,921,ee75c86e2f0ddbd7,0,1,1,3,S,A,1.0,1.0,strict,1
E3_after,922,794c33e55a9642ec,1,0,0,4,L,A,1.0,1.0,strict,1
E3_after,923,98d3e50c52fe1aaa,1,1,1,7,S,C,1.0,1.0,relaxed,1
E3_after,924,8297fe756366b70c,0,1,1,3,S,A,1.0,1.0,relaxed,1
E3_after,925,790d18d5367cb497,1,0,0,4,L,A,1.0,1.0,relaxed,0
E3_after,926,87c405455f606cd8,0,0,0,0,L,C,0.0,0.0,relaxed,0
E3_after,927,77e04e89fa6f474b,0,0,0,0,L,A,1.0,1.0,relaxed,1
E3_after,928,3dcd9e2acdc865ee,1,0,0,4,L,A,1.0,1.0,relaxed,1
E3_after,929,794c33e55a9642ec,1,0,0,4,L,C,1.0,1.0,strict,1
E3_after,930,ce03e5c5bc536689,1,1,1,7,S,A,1.0,1.0,relaxed,1
E3_after,931,6e27f8c199575fb7,1,1,1,7,S,A,0.0,0.0,relaxed,1
E3_after,932,7f6b422641f0c458,1,0,0,4,L,C,1.0,1.0,relaxed,1
E3_after,933,6ca7444f70072f6a,0,0,1,1,S,A,0.0,0.0,relaxed,0
E3_after,934,5dff519574eeb1f8,1,0,0,4,L,A,1.0,1.0,relaxed,0
E3_after,935,81e7cd4fd38b655b,0,0,0,0,L,C,0.0,0.0,strict,0
E3_after,936,d6384b52611f4639,1,1,1,7,S,A,1.0,1.0,relaxed,1
E3_after,937,69e88e9967021690,0,0,0,0,L,A,1.0,1.0,relaxed,1
E3_after,938,bab6d39bc870f7bc,1,1,1,7,S,C,1.0,1.0,relaxed,1
E3_after,939,3fe4a81e2ab7fee7,0,0,0,0,L,A,1.0,1.0,relaxed,0
E3_after,940,be6af0b8da8a91f6,0,1,1,3,S,A,1.0,1.0,relaxed,1
E3_after,941,a600cd9a3442e1ea,0,1,1,3,S,C,1.0,1.0,relaxed,1
E3_after,942,eebc355209dcf880,0,1,1,3,S,A,1.0,1.0,relaxed,0
E3_after,943,6924b31e0db8708f,0,0,0,0,L,A,1.0,1.0,strict,1
E3_after,944,4b9c9f218daf673a,0,0,0,0,L,C,1.0,1.0,relaxed,1
E3_after,945,da89c2515c208b04,1,1,1,7,S,A,1.0,1.0,strict,1
E3_after,946,6f3f8d65dc2adab2,0,0,0,0,L,A,1.0,1.0,relaxed,1
E3_after,947,8be0688f8987f971,0,0,0,0,L,C,0.0,0.0,relaxed,1
E3_after,948,3b595be2cb83db68,1,0,0,4,L,A,1.0,1.0,relaxed,0
E3_after,949,77e04e89fa6f474b,0,0,0,0,L,A,1.0,1.0,relaxed,1
E3_after,950,5113e3eeed6242d3,1,0,0,4,L,C,1.0,1.0,relaxed,0
E3_after,951,a0923b7dadccb025,0,1,1,3,S,A,1.0,1.0,strict,1
E3_after,952,77e04e89fa6f474b,0,0,0,0,L,A,1.0,1.0,relaxed,1
E3_after,953,fb784363262e4659,1,0,0,4,L,C,0.0,0.0,relaxed,0
E3_after,954,10630f113ae291ec,1,0,1,5,S,A,0.0,0.0,strict,1
E3_after,955,8be0688f8987f971,0,0,0,0,L,A,0.0,0.0,relaxed,1
E3_after,956,d1d69dca45e66c43,0,0,0,0,L,C,0.0,0.0,relaxed,1
E3_after,957,15afb5393f4fbc35,1,0,0,4,L,A,1.0,1.0,relaxed,1
E3_after,958,8be0688f8987f971,0,0,0,0,L,A,0.0,0.0,relaxed,1
E3_after,959,966f0f938e19c8ec,0,1,1,3,S,C,1.0,1.0,strict,1
E3_after,960,a7c357147a926144,1,0,0,4,L,A,0.0,0.0,strict,1
E3_after,961,794c33e55a9642ec,1,0,0,4,L,A,1.0,1.0,strict,1
E3_after,962,81205e662d0d5c4e,0,0,0,0,L,C,0.0,0.0,strict,1
E3_after,963,bef01878b7bdb28c,0,1,1,3,S,A,1.0,1.0,relaxed,1
E3_after,964,db9834885b7c67b9,0,0,0,0,L,A,0.0,0.0,relaxed,0
E3_after,965,57167505009831a0,1,0,0,4,L,C,1.0,1.0,relaxed,1
E3_after,966,e58ceea956a3b38a,1,0,0,4,L,A,0.0,0.0,relaxed,0
E3_after,967,15afb5393f4fbc35,1,0,0,4,L,A,1.0,1.0,relaxed,1
E3_after,968,794c33e55a9642ec,1,0,0,4,L,C,1.0,1.0,relaxed,1
E3_after,969,ce6a36de1d9b5369,1,1,1,7,S,A,1.0,1.0,relaxed,1
E3_after,970,8be0688f8987f971,0,0,0,0,L,A,0.0,0.0,relaxed,1
E3_after,971,15afb5393f4fbc35,1,0,0,4,L,C,1.0,1.0,relaxed,1
E3_after,972,7c8af9b93a31ece1,1,0,1,5,S,A,0.0,0.0,relaxed,1
E3_after,973,a97fef7c6af5cb64,0,0,0,0,L,A,0.0,0.0,relaxed,1
E3_after,974,a4cc7925eb7ee90b,1,0,1,5,S,C,1.0,1.0,relaxed,1
E3_after,975,e89a45967402c90a,0,1,1,3,S,A,1.0,1.0,relaxed,1
E3_after,976,5d775d39da164481,1,0,0,4,L,A,1.0,1.0,strict,1
E3_after,977,794c33e55a9642ec,1,0,0,4,L,C,1.0,1.0,strict,1
E3_after,978,49a869bc4f2552ba,1,0,0,4,L,A,1.0,1.0,relaxed,0
E3_after,979,3b4cd3699320457e,1,0,0,4,L,A,1.0,1.0,relaxed,1
E3_after,980,90b77a885612bacb,0,0,1,1,S,C,1.0,1.0,relaxed,1
E3_after,981,002bf440df3c9f92,0,0,1,1,S,A,0.0,0.0,relaxed,1
E3_after,982,ba78227b6e0d6075,1,1,1,7,S,A,1.0,1.0,strict,1
E3_after,983,8be0688f8987f971,0,0,0,0,L,C,0.0,0.0,relaxed,1
E3_after,984,58dd548716dffc8a,1,1,1,7,S,A,0.0,0.0,relaxed,1
E3_after,985,1b111cf4f7602955,0,0,0,0,L,A,1.0,1.0,relaxed,1
E3_after,986,8be0688f8987f971,0,0,0,0,L,C,0.0,0.0,relaxed,1
E3_after,987,2fae9e523ff8a46c,1,0,0,4,L,A,1.0,1.0,relaxed,0
E3_after,988,b044299aa17fb0fb,1,0,1,5,S,A,1.0,1.0,relaxed,1
E3_after,989,8be0688f8987f971,0,0,0,0,L,C,0.0,0.0,relaxed,1
E3_after,990,ad96ca8e0c7c41a2,1,0,0,4,L,A,0.0,0.0,strict,1
E3_after,991,7457e63beaf99b90,0,0,1,1,S,A,0.0,0.0,relaxed,0
E3_after,992,5742eccb236ddfbe,1,0,0,4,L,C,1.0,1.0,strict,0
E3_after,993,6b84a78d99a12252,1,0,0,4,L,A,1.0,1.0,relaxed,1
E3_after,994,f49552a8a27216c0,1,0,1,5,S,A,1.0,1.0,relaxed,1
E3_after,995,8be0688f8987f971,0,0,0,0,L,C,0.0,0.0,relaxed,1
E3_after,996,794c33e55a9642ec,1,0,0,4,L,A,1.0,1.0,strict,1
E3_after,997,8a49fb277b6d8dbc,1,1,1,7,S,A,1.0,1.0,relaxed,0
E3_after,998,798d5b44fe3d4e09,1,0,0,4,L,C,1.0,1.0,strict,1
E3_after,999,9ae40888085b229e,0,1,1,3,S,A,1.0,1.0,relaxed,0
E3_after,1000,9d9801b5b911d933,1,0,0,4,L,A,0.0,0.0,strict,1
E3_after,1001,e0b4f07326095fde,1,1,1,7,S,C,1.0,1.0,relaxed,0
E3_after,1002,caf83e96992bdd14,0,1,1,3,S,A,1.0,1.0,strict,1
E3_after,1003,7f6b422641f0c458,1,0,0,4,L,A,1.0,1.0,relaxed,1
E3_after,1004,d2efe79d28f2eaba,0,1,1,3,S,C,1.0,1.0,relaxed,1
E3_after,1005,263973c59f9b4d35,1,1,1,7,S,A,0.0,0.0,strict,0
E3_after,1006,78ed9c4b90d964c2,0,1,1,3,S,A,0.0,0.0,relaxed,1
E3_after,1007,264dddf86ad1326b,1,1,1,7,S,C,0.0,0.0,relaxed,1
E3_after,1008,88595995578e4853,0,1,1,3,S,A,1.0,1.0,strict,1
E3_after,1009,64a84475b7792857,1,0,1,5,S,A,0.0,0.0,strict,0
E3_after,1010,99585fe8e12c8123,0,0,0,0,L,C,0.0,0.0,strict,1
E3_after,1011,8be0688f8987f971,0,0,0,0,L,A,0.0,0.0,relaxed,1
E3_after,1012,0dc16ea3cdf1c78f,1,0,0,4,L,A,1.0,1.0,relaxed,0
E3_after,1013,617ecafa04faf853,1,0,0,4,L,C,1.0,1.0,relaxed,1
E3_after,1014,efeeb827f81a3823,1,0,0,4,L,A,0.0,0.0,strict,0
E3_after,1015,8be0688f8987f971,0,0,0,0,L,A,0.0,0.0,relaxed,1
E3_after,1016,f32aa29cfc547692,0,0,0,0,L,C,0.0,0.0,relaxed,0
E3_after,1017,99f9d5b594c75a28,0,0,0,0,L,A,0.0,0.0,relaxed,1
E3_after,1018,fa069050eca90d7f,0,1,1,3,S,A,1.0,1.0,strict,1
E3_after,1019,b8bf6dbc16274e47,0,1,1,3,S,C,1.0,1.0,relaxed,1
E3_after,1020,94e4a0166e34e037,1,0,1,5,S,A,1.0,1.0,relaxed,0
E3_after,1021,ad57e32b7963ac01,1,0,0,4,L,A,0.0,0.0,strict,0
E3_after,1022,1c8ee948e749df60,1,0,1,5,S,C,0.0,0.0,strict,1
E3_after,1023,19fdf250b52a0627,1,0,0,4,L,A,1.0,1.0,relaxed,1
E3_after,1024,91f9a0327951e7ea,1,0,0,4,L,A,0.0,0.0,strict,1
E3_after,1025,ce03e5c5bc536689,1,1,1,7,S,C,1.0,1.0,relaxed,1
E3_after,1026,f80672b4b1ec4774,1,1,1,7,S,A,1.0,1.0,strict,0
E3_after,1027,becae700cdce4d1c,0,1,1,3,S,A,1.0,1.0,strict,1
E3_after,1028,8be0688f8987f971,0,0,0,0,L,C,0.0,0.0,relaxed,1
E3_after,1029,2d074a7d553ad556,0,0,0,0,L,A,1.0,1.0,relaxed,1
E3_after,1030,5c831f01f522b86e,0,0,1,1,S,A,0.0,0.0,relaxed,1
E3_after,1031,19fdf250b52a0627,1,0,0,4,L,C,1.0,1.0,relaxed,1
E3_after,1032,32dcb22ac9a20a74,1,1,1,7,S,A,0.0,0.0,relaxed,1
E3_after,1033,ff70b2c36b262e09,0,0,0,0,L,A,0.0,0.0,relaxed,1
E3_after,1034,fcc5ce76417004d3,0,0,1,1,S,C,1.0,1.0,relaxed,0
E3_after,1035,77e04e89fa6f474b,0,0,0,0,L,A,1.0,1.0,relaxed,1
E3_after,1036,b58b01f161920544,1,0,0,4,L,A,0.0,0.0,strict,1
E3_after,1037,72816e34be9ac301,0,1,1,3,S,C,0.0,0.0,relaxed,1
E3_after,1038,794c33e55a9642ec,1,0,0,4,L,A,1.0,1.0,strict,1
E3_after,1039,59d8ce00ee0b8859,0,0,0,0,L,A,1.0,1.0,relaxed,1
E3_after,1040,419d78d8fd8845d3,0,0,0,0,L,C,1.0,1.0,relaxed,1
E3_after,1041,19bf4c8595f2fdb3,1,0,0,4,L,A,1.0,1.0,relaxed,1
E3_after,1042,77e04e89fa6f474b,0,0,0,0,L,A,1.0,1.0,relaxed,1
E3_after,1043,8945c3ff762eaa57,1,0,0,4,L,C,0.0,0.0,strict,1
E3_after,1044,cd4979680150af42,1,0,0,4,L,A,0.0,0.0,relaxed,1
E3_after,1045,e527be03482e3416,1,0,0,4,L,A,0.0,0.0,strict,1
E3_after,1046,7f6b422641f0c458,1,0,0,4,L,C,1.0,1.0,relaxed,1
E3_after,1047,e0e480038c60660f,1,1,1,7,S,A,1.0,1.0,strict,1
E3_after,1048,8be0688f8987f971,0,0,0,0,L,A,0.0,0.0,relaxed,1
E3_after,1049,6c3add5eba0f2f9e,0,0,1,1,S,C,0.0,0.0,relaxed,1
E3_after,1050,d198e932e35d3c3a,0,0,0,0,L,A,0.0,0.0,strict,1
E3_after,1051,0324ca8d68b7b390,0,0,0,0,L,A,1.0,1.0,relaxed,1
E3_after,1052,aa7f09653ad032b7,0,1,1,3,S,C,1.0,1.0,relaxed,1
E3_after,1053,3cd7c52e8287b0b0,0,0,1,1,S,A,0.0,0.0,relaxed,0
E3_after,1054,a2faaa94472ec831,1,1,1,7,S,A,1.0,1.0,strict,0
E3_after,1055,a1c1112cfc5b8bcc,1,0,0,4,L,C,0.0,0.0,relaxed,1
E3_after,1056,ef3b1039c215ed05,1,0,0,4,L,A,0.0,0.0,relaxed,1
E3_after,1057,3d65faf4384caaa6,1,0,0,4,L,A,1.0,1.0,relaxed,0
E3_after,1058,93ce9d39fb71b08e,0,0,0,0,L,C,0.0,0.0,relaxed,1
E3_after,1059,cc9d5039621de6aa,0,0,1,1,S,A,1.0,1.0,relaxed,0
E3_after,1060,e0cb7c3bafde29fc,1,1,1,7,S,A,1.0,1.0,relaxed,0
E3_after,1061,00244944f5d634fc,0,0,1,1,S,C,0.0,0.0,relaxed,1
E3_after,1062,ce03e5c5bc536689,1,1,1,7,S,A,1.0,1.0,relaxed,1
E3_after,1063,8be0688f8987f971,0,0,0,0,L,A,0.0,0.0,relaxed,1
E3_after,1064,5dd006f4cf631024,1,0,0,4,L,C,1.0,1.0,relaxed,1
E3_after,1065,201db73eebc23839,1,1,1,7,S,A,0.0,0.0,relaxed,1
E3_after,1066,d539a546064d35a8,1,0,0,4,L,A,0.0,0.0,relaxed,1
E3_after,1067,ac51a06f1d77adce,0,0,1,1,S,C,1.0,1.0,relaxed,0
E3_after,1068,00dd94cad5190c69,0,0,1,1,S,A,0.0,0.0,relaxed,0
E3_after,1069,e5a0e9c94da52ecd,1,0,0,4,L,A,0.0,0.0,relaxed,0
E3_after,1070,bce4797f873ffe55,1,0,1,5,S,C,1.0,1.0,strict,1
E3_after,1071,8be0688f8987f971,0,0,0,0,L,A,0.0,0.0,relaxed,1
E3_after,1072,8be0688f8987f971,0,0,0,0,L,A,0.0,0.0,relaxed,1
E3_after,1073,a99a1cf28bab0dc0,0,0,0,0,L,C,0.0,0.0,strict,1
E3_after,1074,2db56ea26adebefb,0,0,0,0,L,A,1.0,1.0,relaxed,0
E3_after,1075,7d49b8e0a8499047,0,0,0,0,L,A,1.0,1.0,relaxed,0
E3_after,1076,32483d7af49123c4,1,1,1,7,S,C,0.0,0.0,strict,1
E3_after,1077,fe201351a59e1c86,1,1,1,7,S,A,1.0,1.0,relaxed,1
E3_after,1078,6ed60006e833e8dd,1,1,1,7,S,A,0.0,0.0,relaxed,0
E3_after,1079,19fdf250b52a0627,1,0,0,4,L,C,1.0,1.0,relaxed,1
E3_after,1080,77e04e89fa6f474b,0,0,0,0,L,A,1.0,1.0,relaxed,1
E3_after,1081,e8c82f89f6fe15a9,0,1,1,3,S,A,1.0,1.0,relaxed,0
E3_after,1082,530d21d59a1909e9,0,0,0,0,L,C,1.0,1.0,relaxed,0
E3_after,1083,28f1b769266b953b,0,1,1,3,S,A,0.0,0.0,relaxed,1
E3_after,1084,3e050019fbeca8f9,1,1,1,7,S,A,0.0,0.0,strict,0
E3_after,1085,794c33e55a9642ec,1,0,0,4,L,C,1.0,1.0,strict,1
E3_after,1086,f4e4c29e8fcd0908,1,0,1,5,S,A,1.0,1.0,strict,1
E3_after,1087,64cb206adaa3ad86,1,0,1,5,S,A,0.0,0.0,relaxed,0
E3_after,1088,757dfe79eb182719,1,0,0,4,L,C,1.0,1.0,relaxed,0
E3_after,1089,1fcee731ac652e39,1,0,0,4,L,A,1.0,1.0,relaxed,0
E3_after,1090,af0d156804aeac4b,0,0,0,0,L,A,0.0,0.0,relaxed,0
E3_after,1091,e44b57f3961b6965,0,0,1,1,S,C,1.0,1.0,relaxed,0
E3_after,1092,7b452808a34e8ceb,0,0,0,0,L,A,1.0,1.0,strict,1
E3_after,1093,794c33e55a9642ec,1,0,0,4,L,A,1.0,1.0,strict,1
E3_after,1094,b1a3dc946b053336,0,0,0,0,L,C,0.0,0.0,strict,1
E3_after,1095,d2efe79d28f2eaba,0,1,1,3,S,A,1.0,1.0,strict,1
E3_after,1096,55df66873e3eb285,0,0,0,0,L,A,1.0,1.0,relaxed,1
E3_after,1097,e8756ef6749a7afc,0,1,1,3,S,C,1.0,1.0,relaxed,0
E3_after,1098,d36a6aec5ab69ce3,1,0,0,4,L,A,0.0,0.0,relaxed,0
E3_after,1099,8be0688f8987f971,0,0,0,0,L,A,0.0,0.0,relaxed,1
E3_after,1100,a9290ccc3975182d,0,0,0,0,L,C,0.0,0.0,strict,1
E3_after,1101,5a1ec71c9ca40755,0,1,1,3,S,A,0.0,0.0,relaxed,0
E3_after,1102,4ab069583065ca9d,1,1,1,7,S,A,0.0,0.0,relaxed,0
E3_after,1103,29301304dc8bfe86,1,0,0,4,L,C,1.0,1.0,relaxed,1
E3_after,1104,19fdf250b52a0627,1,0,0,4,L,A,1.0,1.0,relaxed,1
E3_after,1105,ec21fd410835e38a,1,0,1,5,S,A,1.0,1.0,relaxed,0
E3_after,1106,794c33e55a9642ec,1,0,0,4,L,C,1.0,1.0,relaxed,1
E3_after,1107,ee502aa4323caa95,0,1,1,3,S,A,1.0,1.0,relaxed,1
E3_after,1108,1b81477779ce519a,0,0,0,0,L,A,1.0,1.0,relaxed,1
E3_after,1109,2e74fc210e0f925b,0,1,1,3,S,C,0.0,0.0,relaxed,0
E3_after,1110,671621edc2595a9b,1,0,0,4,L,A,1.0,1.0,strict,1
E3_after,1111,cf96636605a82845,0,0,0,0,L,A,0.0,0.0,relaxed,0
E3_after,1112,307c24a88e2faa5e,0,0,1,1,S,C,0.0,0.0,relaxed,0
E3_after,1113,980928a561f44f8b,1,1,1,7,S,A,1.0,1.0,relaxed,1
E3_after,1114,8b768c5ad17b5482,0,0,0,0,L,A,0.0,0.0,relaxed,0
E3_after,1115,5bc2b1e9949a3c27,1,0,0,4,L,C,1.0,1.0,relaxed,1
E3_after,1116,642dc86be4236e82,1,0,1,5,S,A,0.0,0.0,relaxed,0
E3_after,1117,98ef91cd9e325a0f,1,1,1,7,S,A,1.0,1.0,relaxed,1
E3_after,1118,201db73eebc23839,1,1,1,7,S,C,0.0,0.0,relaxed,1
E3_after,1119,8be0688f8987f971,0,0,0,0,L,A,0.0,0.0,relaxed,1
E3_after,1120,a5ea44312441002e,0,0,0,0,L,A,0.0,0.0,strict,1
E3_after,1121,adaa04b845dc9111,1,0,0,4,L,C,0.0,0.0,relaxed,1
E3_after,1122,b7b9882d1c22d7c9,0,0,0,0,L,A,0.0,0.0,strict,1
E3_after,1123,22e7078b6efb29d4,0,1,1,3,S,A,0.0,0.0,strict,1
E3_after,1124,85098acd49518af8,1,0,0,4,L,C,0.0,0.0,relaxed,1
E3_after,1125,f85f261d15390108,1,1,1,7,S,A,1.0,1.0,strict,0
E3_after,1126,78ae7dd60a20dffc,0,1,1,3,S,A,0.0,0.0,relaxed,1
E3_after,1127,729a238ad4b44351,0,1,1,3,S,C,0.0,0.0,relaxed,1
E3_after,1128,b60ec6af05f8c118,1,1,1,7,S,A,1.0,1.0,relaxed,1
E3_after,1129,2d1362aabba1228b,0,0,0,0,L,A,1.0,1.0,strict,1
E3_after,1130,a306d9d7cd94f86b,0,0,0,0,L,C,0.0,0.0,relaxed,1
E3_after,1131,7531a8f2c4202f00,1,0,0,4,L,A,1.0,1.0,relaxed,0
E3_after,1132,15afb5393f4fbc35,1,0,0,4,L,A,1.0,1.0,relaxed,1
E3_after,1133,8e1d5a4a52b5a065,0,1,1,3,S,C,1.0,1.0,relaxed,1
E3_after,1134,7aaaaec85b4e5f1e,1,1,1,7,S,A,0.0,0.0,relaxed,0
E3_after,1135,22409e0f87b9f642,0,1,1,3,S,A,0.0,0.0,relaxed,1
E3_after,1136,3fb60b9c9a384b90,0,0,0,0,L,C,1.0,1.0,strict,0
E3_after,1137,af0aecd680504f41,0,0,0,0,L,A,0.0,0.0,relaxed,0
E3_after,1138,23a5f8e24b1e23fd,1,0,0,4,L,A,1.0,1.0,strict,1
E3_after,1139,f2fd1ce404197dec,1,1,1,7,S,C,1.0,1.0,relaxed,1
E3_after,1140,cca540c5a59bb061,0,0,1,1,S,A,1.0,1.0,relaxed,0
E3_after,1141,766ffd9008ebb8a4,1,1,1,7,S,A,0.0,0.0,relaxed,1
E3_after,1142,3a6a5ddbf19d7348,0,1,1,3,S,C,0.0,0.0,relaxed,1
E3_after,1143,2a6a289aa03affc6,1,1,1,7,S,A,0.0,0.0,relaxed,0
E3_after,1144,b3820017ba348a60,1,0,0,4,L,A,0.0,0.0,relaxed,0
E3_after,1145,84972928f9d5c553,0,0,1,1,S,C,1.0,1.0,strict,1
E3_after,1146,7f6b422641f0c458,1,0,0,4,L,A,1.0,1.0,relaxed,1
E3_after,1147,8be0688f8987f971,0,0,0,0,L,A,0.0,0.0,relaxed,1
E3_after,1148,cc4cc0cb705756dc,0,0,1,1,S,C,1.0,1.0,relaxed,1
E3_after,1149,282600a6a28e14cd,0,1,1,3,S,A,0.0,0.0,strict,0
E3_after,1150,1b626372116b6454,0,0,0,0,L,A,1.0,1.0,relaxed,0
E3_after,1151,664bf8abf7c6b60f,0,1,1,3,S,C,0.0,0.0,relaxed,1
E3_after,1152,adbc96d2dd81c2b4,1,0,0,4,L,A,0.0,0.0,relaxed,1
E3_after,1153,3de6472fa729bed7,1,0,0,4,L,A,1.0,1.0,strict,1
E3_after,1154,1156ae850cdf80e1,0,0,0,0,L,C,1.0,1.0,relaxed,1
E3_after,1155,089f87d03cb00db2,1,1,1,7,S,A,0.0,0.0,relaxed,0
E3_after,1156,8be0688f8987f971,0,0,0,0,L,A,0.0,0.0,relaxed,1
E3_after,1157,794c33e55a9642ec,1,0,0,4,L,C,1.0,1.0,strict,1
E3_after,1158,8063040451273061,1,1,1,7,S,A,1.0,1.0,strict,1
E3_after,1159,15afb5393f4fbc35,1,0,0,4,L,A,1.0,1.0,relaxed,1
E3_after,1160,8be0688f8987f971,0,0,0,0,L,C,0.0,0.0,relaxed,1
E3_after,1161,378ab4be0d3ce57e,1,0,0,4,L,A,1.0,1.0,relaxed,1
E3_after,1162,f2255202f687ebd3,1,1,1,7,S,A,1.0,1.0,relaxed,1
E3_after,1163,b044299aa17fb0fb,1,0,1,5,S,C,1.0,1.0,relaxed,1
E3_after,1164,59d8ce00ee0b8859,0,0,0,0,L,A,1.0,1.0,relaxed,1
E3_after,1165,b74b7f9d94940890,0,0,0,0,L,A,0.0,0.0,relaxed,0
E3_after,1166,67bafbd40c88825e,1,0,0,4,L,C,1.0,1.0,strict,1
E3_after,1167,c0d416a1d4d7c715,0,0,1,1,S,A,1.0,1.0,relaxed,1
E3_after,1168,b044299aa17fb0fb,1,0,1,5,S,A,1.0,1.0,relaxed,1
E3_after,1169,9a75b868bc9f4187,0,1,1,3,S,C,1.0,1.0,strict,1
E3_after,1170,6bff8ab812da73e7,1,0,0,4,L,A,1.0,1.0,relaxed,1
E3_after,1171,fd3a8635760529b8,1,0,0,4,L,A,0.0,0.0,relaxed,1
E3_after,1172,ce03e5c5bc536689,1,1,1,7,S,C,1.0,1.0,relaxed,1
E3_after,1173,8be0688f8987f971,0,0,0,0,L,A,0.0,0.0,relaxed,1
E3_after,1174,b044299aa17fb0fb,1,0,1,5,S,A,1.0,1.0,relaxed,1
E3_after,1175,19fdf250b52a0627,1,0,0,4,L,C,1.0,1.0,relaxed,1
E3_after,1176,c9b70c3eb59c9662,0,0,0,0,L,A,0.0,0.0,strict,1
E3_after,1177,1e5751b3de4fa50c,0,1,1,3,S,A,0.0,0.0,relaxed,0
E3_after,1178,794c33e55a9642ec,1,0,0,4,L,C,1.0,1.0,strict,1
E3_after,1179,712f6c8bab61664e,0,0,0,0,L,A,1.0,1.0,relaxed,0
E3_after,1180,714317dbc607a854,0,0,0,0,L,A,1.0,1.0,relaxed,0
E3_after,1181,894b77655ba5a91e,1,0,0,4,L,C,0.0,0.0,relaxed,1
E3_after,1182,f0879d2d6fd35926,0,0,1,1,S,A,1.0,1.0,strict,1
E3_after,1183,5e8f1e1c8660c507,1,1,1,7,S,A,0.0,0.0,relaxed,0
E3_after,1184,d5f894d88be8b0ad,1,0,0,4,L,C,0.0,0.0,relaxed,1
E3_after,1185,8be0688f8987f971,0,0,0,0,L,A,0.0,0.0,relaxed,1
E3_after,1186,8be0688f8987f971,0,0,0,0,L,A,0.0,0.0,relaxed,1
E3_after,1187,e75d9f4264113314,0,0,0,0,L,C,0.0,0.0,strict,1
E3_after,1188,a60e95dce91fc1ea,0,1,1,3,S,A,1.0,1.0,relaxed,1
E3_after,1189,2da5407507a5ca2d,0,0,0,0,L,A,1.0,1.0,strict,1
E3_after,1190,70f8aa203c48a976,1,0,1,5,S,C,0.0,0.0,relaxed,0
E3_after,1191,19fdf250b52a0627,1,0,0,4,L,A,1.0,1.0,relaxed,1
E3_after,1192,ae79ae0295046168,1,1,1,7,S,A,1.0,1.0,relaxed,0
E3_after,1193,b8e4ddb9a8fe1c0b,0,1,1,3,S,C,1.0,1.0,strict,0
E3_after,1194,9e54150b1bebc80b,1,1,1,7,S,A,1.0,1.0,strict,1
E3_after,1195,77e04e89fa6f474b,0,0,0,0,L,A,1.0,1.0,relaxed,1
E3_after,1196,8be0688f8987f971,0,0,0,0,L,C,0.0,0.0,relaxed,1
E3_after,1197,2d074a7d553ad556,0,0,0,0,L,A,1.0,1.0,relaxed,1
E3_after,1198,048ea6fbbc44fc8d,1,0,1,5,S,A,0.0,0.0,relaxed,0
E3_after,1199,7c29126ffd603f44,1,0,1,5,S,C,0.0,0.0,strict,0
