epoch,step,snap_key,b1,b2,b3,lane,stitch,strand,energy_before,energy_after,sigma,sheaf_ok
E4_after,0,89bea8add9150fa0,1,0,0,4,L,A,0.0,0.0,relaxed,0
E4_after,1,55050fc33edad8cb,0,0,0,0,L,A,1.0,1.0,relaxed,0
E4_after,2,f8204045448f0d40,1,1,1,7,S,C,1.0,1.0,strict,1
E4_after,3,0a018bc1c48c6288,0,1,1,3,S,A,0.0,0.0,relaxed,0
E4_after,4,abf47403e1b6b215,1,0,0,4,L,A,0.0,0.0,strict,1
E4_after,5,573118d827911a56,1,0,0,4,L,C,1.0,1.0,relaxed,1
E4_after,6,19fdf250b52a0627,1,0,0,4,L,A,1.0,1.0,relaxed,1
E4_after,7,8be0688f8987f971,0,0,0,0,L,A,0.0,0.0,relaxed,1
E4_after,8,bc9ec20eaf2e278f,1,0,1,5,S,C,1.0,1.0,relaxed,0
E4_after,9,cc9613dac1d3103f,0,0,1,1,S,A,1.0,1.0,relaxed,0
E4_after,10,13cd485bf44960d4,1,0,0,4,L,A,1.0,1.0,strict,1
E4_after,11,ce03e5c5bc536689,1,1,1,7,S,C,1.0,1.0,relaxed,1
E4_after,12,5bde4605b4d1d88d,1,0,0,4,L,A,1.0,1.0,relaxed,1
E4_after,13,794c33e55a9642ec,1,0,0,4,L,A,1.0,1.0,relaxed,1
E4_after,14,28d5e2445302dd14,0,1,1,3,S,C,0.0,0.0,relaxed,1
E4_after,15,8be0688f8987f971,0,0,0,0,L,A,0.0,0.0,relaxed,1
E4_after,16,ef3b1039c215ed05,1,0,0,4,L,A,0.0,0.0,relaxed,1
E4_after,17,b1dc84574050c78a,0,0,0,0,L,C,0.0,0.0,relaxed,1
E4_after,18,8fc8d4c8bb05987c,1,0,0,4,L,A,0.0,0.0,relaxed,1
E4_after,19,e4d622aa54409bb6,0,0,1,1,S,A,1.0,1.0,relaxed,1
E4_after,20,2133e30e322867d3,0,0,0,0,L,C,1.0,1.0,strict,0
E4_after,21,2d074a7d553ad556,0,0,0,0,L,A,1.0,1.0,relaxed,1
E4_after,22,65238405a5c43af7,0,0,0,0,L,A,1.0,1.0,relaxed,1
E4_after,23,57b75a317ee59810,1,0,0,4,L,C,1.0,1.0,relaxed,0
E4_after,24,95379b46b86ed52a,0,0,0,0,L,A,0.0,0.0,relaxed,0
E4_after,25,13ce3cc31de81bdf,1,0,0,4,L,A,1.0,1.0,relaxed,0
E4_after,26,98d999ca50a9896e,1,1,1,7,S,C,1.0,1.0,relaxed,1
E4_after,27,8be0688f8987f971,0,0,0,0,L,A,0.0,0.0,relaxed,1
E4_after,28,8be0688f8987f971,0,0,0,0,L,A,0.0,0.0,relaxed,1
E4_after,29,87d9c2b3d111bed4,0,0,0,0,L,C,0.0,0.0,relaxed,1
E4_after,30,0155fdec8d64bb06,1,0,0,4,L,A,1.0,1.0,strict,1
E4_after,31,51675ac331c68642,1,0,0,4,L,A,1.0,1.0,relaxed,1
E4_after,32,9e614ff11cffb796,1,1,1,7,S,C,1.0,1.0,relaxed,0
E4_after,33,cf52c482102ea078,0,0,0,0,L,A,0.0,0.0,relaxed,1
E4_after,34,794c33e55a9642ec,1,0,0,4,L,A,1.0,1.0,strict,1
E4_after,35,80eb3f6b77c7049b,1,1,1,7,S,C,1.0,1.0,strict,1
E4_after,36,8be0688f8987f971,0,0,0,0,L,A,0.0,0.0,relaxed,1
E4_after,37,6bff8ab812da73e7,1,0,0,4,L,A,1.0,1.0,relaxed,1
E4_after,38,1324fbc30dc6836c,1,0,0,4,L,C,1.0,1.0,relaxed,0
E4_after,39,6059ad7c6dea9ece,0,1,1,3,S,A,0.0,0.0,relaxed,1
E4_after,40,69723502d9093e15,0,0,0,0,L,A,1.0,1.0,relaxed,1
E4_after,41,d2efe79d28f2eaba,0,1,1,3,S,C,1.0,1.0,relaxed,1
E4_after,42,8be0688f8987f971,0,0,0,0,L,A,0.0,0.0,relaxed,1
E4_after,43,23bf961d77a2aead,1,0,0,4,L,A,1.0,1.0,strict,1
E4_after,44,da0832028f3ba4d2,1,1,1,7,S,C,1.0,1.0,strict,0
E4_after,45,2bf4ead54d740607,0,0,0,0,L,A,1.0,1.0,relaxed,0
E4_after,46,f1d66f16fe63f711,1,0,0,4,L,A,0.0,0.0,relaxed,1
E4_after,47,8be0688f8987f971,0,0,0,0,L,C,0.0,0.0,relaxed,1
E4_after,48,0981c512ba9b421d,0,0,0,0,L,A,1.0,1.0,strict,0
E4_after,49,c09d804b839fcd80,0,0,1,1,S,A,1.0,1.0,relaxed,1
E4_after,50,b338c107361fb3a0,1,0,0,4,L,C,0.0,0.0,strict,1
E4_after,51,26a0ea67570db066,1,1,1,7,S,A,0.0,0.0,relaxed,1
E4_after,52,a3d36931b9d554fd,0,0,0,0,L,A,0.0,0.0,strict,1
E4_after,53,0cefd5b0d3e64f64,0,0,1,1,S,C,0.0,0.0,relaxed,0
E4_after,54,d5b194a475733abb,1,0,0,4,L,A,0.0,0.0,strict,0
E4_after,55,70dbe8446ff5acac,1,0,1,5,S,A,0.0,0.0,relaxed,1
E4_after,56,7f6b422641f0c458,1,0,0,4,L,C,1.0,1.0,relaxed,1
E4_after,57,521c48e7ba4fdd8c,1,1,1,7,S,A,0.0,0.0,strict,0
E4_after,58,49174415b7e462e0,1,0,0,4,L,A,1.0,1.0,relaxed,0
E4_after,59,794c33e55a9642ec,1,0,0,4,L,C,1.0,1.0,strict,1
E4_after,60,8be0688f8987f971,0,0,0,0,L,A,0.0,0.0,relaxed,1
E4_after,61,c555a2d9a1b65ca2,0,0,0,0,L,A,0.0,0.0,relaxed,1
E4_after,62,e69273fe9828523c,1,1,1,7,S,C,1.0,1.0,strict,1
E4_after,63,adcde8457fa96aa0,1,0,0,4,L,A,0.0,0.0,strict,1
E4_after,64,5aa4436aa1f1ee02,0,1,1,3,S,A,0.0,0.0,relaxed,0
E4_after,65,03b2797fa6b64694,0,0,0,0,L,C,1.0,1.0,relaxed,1
E4_after,66,8be0688f8987f971,0,0,0,0,L,A,0.0,0.0,relaxed,1
E4_after,67,1fa39a67b16c5472,1,0,0,4,L,A,1.0,1.0,relaxed,1
E4_after,68,3e008fad85d69604,1,1,1,7,S,C,0.0,0.0,relaxed,1
E4_after,69,8be0688f8987f971,0,0,0,0,L,A,0.0,0.0,relaxed,1
E4_after,70,1d502c6a0754900f,0,0,0,0,L,A,1.0,1.0,relaxed,1
E4_after,71,e5d98fba41237698,1,0,0,4,L,C,0.0,0.0,strict,1
E4_after,72,85b31b2cd49eeb91,1,0,0,4,L,A,0.0,0.0,relaxed,0
E4_after,73,766ffd9008ebb8a4,1,1,1,7,S,A,0.0,0.0,relaxed,1
E4_after,74,b2fd61289bbeae14,0,1,1,3,S,C,1.0,1.0,relaxed,1
E4_after,75,f64e65b75975d761,0,1,1,3,S,A,1.0,1.0,relaxed,0
E4_after,76,90d4962bc76ce87a,0,0,1,1,S,A,1.0,1.0,relaxed,1
E4_after,77,8be0688f8987f971,0,0,0,0,L,C,0.0,0.0,relaxed,1
E4_after,78,24548dca69b08ef6,0,0,1,1,S,A,0.0,0.0,relaxed,1
E4_after,79,8c856b1564f3e610,1,0,1,5,S,A,1.0,1.0,strict,0
E4_after,80,3f25c2860da0049f,0,0,0,0,L,C,1.0,1.0,relaxed,1
E4_after,81,3b4cd3699320457e,1,0,0,4,L,A,1.0,1.0,relaxed,1
E4_after,82,8be0688f8987f971,0,0,0,0,L,A,0.0,0.0,relaxed,1
E4_after,83,203a161d5b744124,1,1,1,7,S,C,0.0,0.0,relaxed,0
E4_after,84,c648f0da5728bab3,0,1,1,3,S,A,1.0,1.0,strict,0
E4_after,85,8be0688f8987f971,0,0,0,0,L,A,0.0,0.0,relaxed,1
E4_after,86,26a42b870dd0eb29,1,1,1,7,S,C,0.0,0.0,relaxed,0
E4_after,87,6367ae2bef9be51d,0,0,0,0,L,A,1.0,1.0,strict,0
E4_after,88,137cff6335a22717,1,0,0,4,L,A,1.0,1.0,relaxed,1
E4_after,89,f4af85172691259e,1,0,1,5,S,C,1.0,1.0,relaxed,1
E4_after,90,57167505009831a0,1,0,0,4,L,A,1.0,1.0,relaxed,1
E4_after,91,8be0688f8987f971,0,0,0,0,L,A,0.0,0.0,relaxed,1
E4_after,92,da1f8e9538904ac3,1,1,1,7,S,C,1.0,1.0,relaxed,1
E4_after,93,7f6b422641f0c458,1,0,0,4,L,A,1.0,1.0,relaxed,1
E4_after,94,65f7b0963e7e59a5,0,0,0,0,L,A,1.0,1.0,relaxed,1
E4_after,95,331c3d91e968bd3a,0,0,0,0,L,C,1.0,1.0,relaxed,0
E4_after,96,3e93b440229b4a34,1,1,1,7,S,A,0.0,0.0,relaxed,1
E4_after,97,1c0b896f658635b9,1,0,1,5,S,A,0.0,0.0,strict,0
E4_after,98,49d7445c832b2b60,1,0,0,4,L,C,1.0,1.0,relaxed,0
E4_after,99,b044299aa17fb0fb,1,0,1,5,S,A,1.0,1.0,relaxed,1
E4_after,100,f51cdc1a4d6413db,0,0,0,0,L,A,0.0,0.0,strict,0
E4_after,101,67b4c9e245b337b2,1,0,0,4,L,C,1.0,1.0,strict,0
E4_after,102,9db30633762399e9,1,0,0,4,L,A,0.0,0.0,strict,1
E4_after,103,f4461f33d0b0e329,1,0,1,5,S,A,1.0,1.0,relaxed,1
E4_after,104,6a63482bc90c8b8b,0,1,1,3,S,C,0.0,0.0,relaxed,1
E4_after,105,f797005f247d8871,1,0,0,4,L,A,0.0,0.0,relaxed,1
E4_after,106,86af892d8256709a,1,1,1,7,S,A,1.0,1.0,relaxed,0
E4_after,107,61e3e1412a4d8e29,1,0,0,4,L,C,1.0,1.0,relaxed,1
E4_after,108,279dc2353ebe0e73,0,0,0,0,L,A,1.0,1.0,strict,1
E4_after,109,794c33e55a9642ec,1,0,0,4,L,A,1.0,1.0,strict,1
E4_after,110,bbcf59023f626bf1,0,0,0,0,L,C,0.0,0.0,relaxed,0
E4_after,111,da166088faae5c1b,1,1,1,7,S,A,1.0,1.0,strict,0
E4_after,112,47aa0acde1e4cd3a,0,0,0,0,L,A,1.0,1.0,strict,1
E4_after,113,19fdf250b52a0627,1,0,0,4,L,C,1.0,1.0,relaxed,1
E4_after,114,f6ebc400601f4cb5,0,1,1,3,S,A,1.0,1.0,strict,0
E4_after,115,7e16592ce1c9c4be,0,1,1,3,S,A,0.0,0.0,strict,0
E4_after,116,ce03e5c5bc536689,1,1,1,7,S,C,1.0,1.0,relaxed,1
E4_after,117,77e04e89fa6f474b,0,0,0,0,L,A,1.0,1.0,relaxed,1
E4_after,118,9978722bd681a482,0,0,0,0,L,A,0.0,0.0,relaxed,1
E4_after,119,d738a52f7b594251,0,0,0,0,L,C,0.0,0.0,relaxed,1
E4_after,120,f4eb2a879cd09aec,1,0,1,5,S,A,1.0,1.0,relaxed,1
E4_after,121,ce03e5c5bc536689,1,1,1,7,S,A,1.0,1.0,relaxed,1
E4_after,122,cf8b442e12d8ee38,0,0,0,0,L,C,0.0,0.0,strict,1
E4_after,123,7457e63beaf99b90,0,0,1,1,S,A,0.0,0.0,relaxed,0
E4_after,124,fab305d522ca9e97,0,1,1,3,S,A,1.0,1.0,relaxed,1
E4_after,125,37802a315c952ee2,1,0,0,4,L,C,1.0,1.0,strict,1
E4_after,126,f4af85172691259e,1,0,1,5,S,A,1.0,1.0,relaxed,1
E4_after,127,15c83919d506c813,1,0,0,4,L,A,1.0,1.0,relaxed,1
E4_after,128,6cabb0b60ca7ad33,0,0,1,1,S,C,0.0,0.0,strict,1
E4_after,129,0d764bfb0c21d68a,1,0,0,4,L,A,1.0,1.0,strict,1
E4_after,130,16c5de8f5243778d,1,1,1,7,S,A,0.0,0.0,relaxed,1
E4_after,131,c88631aadb9d340d,1,1,1,7,S,C,1.0,1.0,strict,1
E4_after,132,e55b9e7efe4eef3d,1,0,0,4,L,A,0.0,0.0,relaxed,0
E4_after,133,77e04e89fa6f474b,0,0,0,0,L,A,1.0,1.0,relaxed,1
E4_after,134,8be0688f8987f971,0,0,0,0,L,C,0.0,0.0,relaxed,1
E4_after,135,ae000a3a2b2cd755,1,1,1,7,S,A,1.0,1.0,relaxed,0
E4_after,136,2486162751bf10da,0,0,1,1,S,A,0.0,0.0,relaxed,0
E4_after,137,ec30c87cb8c9a31c,1,0,1,5,S,C,1.0,1.0,relaxed,1
E4_after,138,201db73eebc23839,1,1,1,7,S,A,0.0,0.0,relaxed,1
E4_after,139,8be0688f8987f971,0,0,0,0,L,A,0.0,0.0,relaxed,1
E4_after,140,8be0688f8987f971,0,0,0,0,L,C,0.0,0.0,relaxed,1
E4_after,141,372301c2ce6e3e99,1,0,0,4,L,A,1.0,1.0,strict,0
E4_after,142,8847115fa8adc611,0,1,1,3,S,A,1.0,1.0,strict,1
E4_after,143,559c0438e05629c6,0,0,0,0,L,C,1.0,1.0,strict,1
E4_after,144,c731039e418a9393,1,0,0,4,L,A,0.0,0.0,relaxed,1
E4_after,145,0465fc047c7869a4,1,0,1,5,S,A,0.0,0.0,relaxed,0
E4_after,146,77e04e89fa6f474b,0,0,0,0,L,C,1.0,1.0,relaxed,1
E4_after,147,1f82e8a8250267ee,1,0,0,4,L,A,1.0,1.0,strict,1
E4_after,148,8be0688f8987f971,0,0,0,0,L,A,0.0,0.0,relaxed,1
E4_after,149,082f25086d9609ba,1,1,1,7,S,C,0.0,0.0,relaxed,0
E4_after,150,c653ff5b36639b5e,0,1,1,3,S,A,1.0,1.0,strict,1
E4_after,151,4c01c1ddc466ae34,1,0,1,5,S,A,0.0,0.0,strict,0
E4_after,152,8061a6bfde5dc1f3,1,1,1,7,S,C,1.0,1.0,relaxed,1
E4_after,153,59d8ce00ee0b8859,0,0,0,0,L,A,1.0,1.0,relaxed,1
E4_after,154,8be0688f8987f971,0,0,0,0,L,A,0.0,0.0,relaxed,1
E4_after,155,794c33e55a9642ec,1,0,0,4,L,C,1.0,1.0,strict,1
E4_after,156,8be0688f8987f971,0,0,0,0,L,A,0.0,0.0,relaxed,1
E4_after,157,4fc91101d12544ec,1,0,0,4,L,A,1.0,1.0,relaxed,0
E4_after,158,c731039e418a9393,1,0,0,4,L,C,0.0,0.0,strict,1
E4_after,159,6a27d6b569301c67,0,1,1,3,S,A,0.0,0.0,relaxed,1
E4_after,160,f0d536e89c4f3ad2,0,0,1,1,S,A,1.0,1.0,relaxed,1
E4_after,161,ed6a591be8b38b56,0,0,0,0,L,C,0.0,0.0,relaxed,1
E4_after,162,95c7632df7d9ab5e,0,0,0,0,L,A,0.0,0.0,strict,1
E4_after,163,2d074a7d553ad556,0,0,0,0,L,A,1.0,1.0,relaxed,1
E4_after,164,68d69cd825292bea,1,1,1,7,S,C,0.0,0.0,relaxed,0
E4_after,165,f407144a8740dfc6,1,0,1,5,S,A,1.0,1.0,relaxed,1
E4_after,166,3333e906d85d0a8a,0,0,0,0,L,A,1.0,1.0,strict,0
E4_after,167,5fcbe4ed67b9344e,0,0,0,0,L,C,1.0,1.0,strict,0
E4_after,168,0cb9ec7b3c2a4a52,0,0,1,1,S,A,0.0,0.0,relaxed,1
E4_after,169,3b4cd3699320457e,1,0,0,4,L,A,1.0,1.0,relaxed,1
E4_after,170,fe02424a33245c98,1,1,1,7,S,C,1.0,1.0,relaxed,0
E4_after,171,794c33e55a9642ec,1,0,0,4,L,A,1.0,1.0,strict,1
E4_after,172,1d2d26cc311e4b1f,0,0,0,0,L,A,1.0,1.0,strict,0
E4_after,173,a6acf9c5b4957c6a,0,1,1,3,S,C,1.0,1.0,relaxed,1
E4_after,174,0da8fb2338e58a73,1,0,0,4,L,A,1.0,1.0,relaxed,1
E4_after,175,851895b96a643ee9,1,0,0,4,L,A,0.0,0.0,relaxed,0
E4_after,176,dce9b76b84bea083,1,0,1,5,S,C,1.0,1.0,relaxed,0
E4_after,177,1c48eb34f9a94b76,1,0,1,5,S,A,0.0,0.0,strict,1
E4_after,178,766ffd9008ebb8a4,1,1,1,7,S,A,0.0,0.0,relaxed,1
E4_after,179,29301304dc8bfe86,1,0,0,4,L,C,1.0,1.0,relaxed,1
E4_after,180,766ffd9008ebb8a4,1,1,1,7,S,A,0.0,0.0,relaxed,1
E4_after,181,8be0688f8987f971,0,0,0,0,L,A,0.0,0.0,relaxed,1
E4_after,182,8be0688f8987f971,0,0,0,0,L,C,0.0,0.0,relaxed,1
E4_after,183,7a587c08194129a4,1,1,1,7,S,A,0.0,0.0,relaxed,1
E4_after,184,8be0688f8987f971,0,0,0,0,L,A,0.0,0.0,relaxed,1
E4_after,185,20a13661764e5b58,1,1,1,7,S,C,0.0,0.0,relaxed,1
E4_after,186,517cded2188d647f,1,0,0,4,L,A,1.0,1.0,relaxed,0
E4_after,187,352157d748f009e6,0,0,0,0,L,A,1.0,1.0,strict,0
E4_after,188,3b4cd3699320457e,1,0,0,4,L,C,1.0,1.0,relaxed,1
E4_after,189,1df4d88d4dcbb250,0,0,0,0,L,A,1.0,1.0,relaxed,1
E4_after,190,bdac85dcbff53cd4,0,0,0,0,L,A,0.0,0.0,strict,1
E4_after,191,87c24373017857fd,0,0,0,0,L,C,0.0,0.0,relaxed,0
E4_after,192,eb9cac62fa95152d,0,0,0,0,L,A,0.0,0.0,relaxed,0
E4_after,193,af1500ec7ff50984,0,0,0,0,L,A,0.0,0.0,relaxed,1
E4_after,194,fe747a8745d774e7,1,1,1,7,S,C,1.0,1.0,relaxed,1
E4_after,195,8be0688f8987f971,0,0,0,0,L,A,0.0,0.0,relaxed,1
E4_after,196,17aa03620713d36b,0,0,0,0,L,A,1.0,1.0,strict,1
E4_after,197,4956d63309a71b2a,1,0,0,4,L,C,1.0,1.0,relaxed,1
E4_after,198,c11dd9caac195cdd,1,0,0,4,L,A,0.0,0.0,relaxed,1
E4_after,199,3b4cd3699320457e,1,0,0,4,L,A,1.0,1.0,relaxed,1
E4_after,200,4ad9be548ca18275,1,1,1,7,S,C,0.0,0.0,relaxed,0
E4_after,201,918139a4dcb8db2e,1,0,0,4,L,A,0.0,0.0,strict,0
E4_after,202,af412d31fa2d4f18,0,0,0,0,L,A,0.0,0.0,relaxed,1
E4_after,203,0ea5ae6bb6c00420,1,1,1,7,S,C,0.0,0.0,relaxed,1
E4_after,204,f4af85172691259e,1,0,1,5,S,A,1.0,1.0,relaxed,1
E4_after,205,36bda84ddaa46598,0,1,1,3,S,A,0.0,0.0,relaxed,1
E4_after,206,08f53064b4c98048,1,1,1,7,S,C,0.0,0.0,relaxed,0
E4_after,207,8be0688f8987f971,0,0,0,0,L,A,0.0,0.0,relaxed,1
E4_after,208,f25f9518207e66b0,1,1,1,7,S,A,1.0,1.0,strict,1
E4_after,209,9328d69fe5544c55,0,0,0,0,L,C,0.0,0.0,strict,0
E4_after,210,ca5dd7bcea3db106,0,1,1,3,S,A,1.0,1.0,relaxed,1
E4_after,211,77e04e89fa6f474b,0,0,0,0,L,A,1.0,1.0,relaxed,1
E4_after,212,e7eb599c8a7088ef,0,0,0,0,L,C,0.0,0.0,relaxed,0
E4_after,213,d886c0c38907a938,0,1,1,3,S,A,1.0,1.0,relaxed,1
E4_after,214,adcd2efddec164a5,1,0,0,4,L,A,0.0,0.0,relaxed,0
E4_after,215,19fdf250b52a0627,1,0,0,4,L,C,1.0,1.0,relaxed,1
E4_after,216,8be0688f8987f971,0,0,0,0,L,A,0.0,0.0,relaxed,1
E4_after,217,8be0688f8987f971,0,0,0,0,L,A,0.0,0.0,relaxed,1
E4_after,218,000234eae1fdc910,0,0,1,1,S,C,0.0,0.0,strict,1
E4_after,219,284949674ca58a97,0,1,1,3,S,A,0.0,0.0,strict,1
E4_after,220,5471b75ae15a7dbf,1,0,1,5,S,A,0.0,0.0,strict,1
E4_after,221,15afb5393f4fbc35,1,0,0,4,L,C,1.0,1.0,relaxed,1
E4_after,222,97ae55e2ba327df3,1,0,0,4,L,A,0.0,0.0,relaxed,0
E4_after,223,a893124a48348abb,1,1,1,7,S,A,1.0,1.0,strict,1
E4_after,224,8be0688f8987f971,0,0,0,0,L,C,0.0,0.0,relaxed,1
E4_after,225,9576050ad77e93dd,0,0,0,0,L,A,0.0,0.0,relaxed,0
E4_after,226,ae3f1ad2ebef692b,1,1,1,7,S,A,1.0,1.0,strict,1
E4_after,227,8be0688f8987f971,0,0,0,0,L,C,0.0,0.0,relaxed,1
E4_after,228,56460068f66af015,0,1,1,3,S,A,0.0,0.0,relaxed,1
E4_after,229,ccb456436eb4f99a,0,0,1,1,S,A,1.0,1.0,relaxed,1
E4_after,230,c28ab8d0f56b3c63,1,1,1,7,S,C,1.0,1.0,relaxed,1
E4_after,231,75bbfe282af1e58f,1,0,0,4,L,A,1.0,1.0,strict,1
E4_after,232,b4514a9a8b96e1df,0,0,1,1,S,A,1.0,1.0,strict,0
E4_after,233,43ccc8785b431cd8,1,0,0,4,L,C,1.0,1.0,relaxed,1
E4_after,234,15afb5393f4fbc35,1,0,0,4,L,A,1.0,1.0,relaxed,1
E4_after,235,8be0688f8987f971,0,0,0,0,L,A,0.0,0.0,relaxed,1
E4_after,236,8be0688f8987f971,0,0,0,0,L,C,0.0,0.0,relaxed,1
E4_after,237,2389c377ce75e585,1,0,0,4,L,A,1.0,1.0,relaxed,0
E4_after,238,19fdf250b52a0627,1,0,0,4,L,A,1.0,1.0,relaxed,1
E4_after,239,736d87ba8347b8e7,1,0,0,4,L,C,1.0,1.0,strict,1
E4_after,240,794c33e55a9642ec,1,0,0,4,L,A,1.0,1.0,strict,1
E4_after,241,fbc949644d496e3b,1,0,0,4,L,A,0.0,0.0,strict,1
E4_after,242,520b308d05898587,1,1,1,7,S,C,0.0,0.0,strict,0
E4_after,243,794c33e55a9642ec,1,0,0,4,L,A,1.0,1.0,strict,1
E4_after,244,50baad6dfd6964a4,0,0,1,1,S,A,0.0,0.0,relaxed,1
E4_after,245,8d14484c2a46082c,0,0,0,0,L,C,0.0,0.0,strict,0
E4_after,246,8be0688f8987f971,0,0,0,0,L,A,0.0,0.0,relaxed,1
E4_after,247,794c33e55a9642ec,1,0,0,4,L,A,1.0,1.0,strict,1
E4_after,248,8be0688f8987f971,0,0,0,0,L,C,0.0,0.0,relaxed,1
E4_after,249,b31e40df25ecedb0,1,0,0,4,L,A,0.0,0.0,relaxed,1
E4_after,250,794c33e55a9642ec,1,0,0,4,L,A,1.0,1.0,strict,1
E4_after,251,ea40308f71d6367a,1,1,1,7,S,C,1.0,1.0,relaxed,0
E4_after,252,c2fbbaa1d03729e6,1,1,1,7,S,A,1.0,1.0,relaxed,0
E4_after,253,a09b1316f8299bbf,0,1,1,3,S,A,1.0,1.0,strict,1
E4_after,254,c042b2f9dbec4e33,0,0,1,1,S,C,1.0,1.0,relaxed,0
E4_after,255,794c33e55a9642ec,1,0,0,4,L,A,1.0,1.0,strict,1
E4_after,256,8be0688f8987f971,0,0,0,0,L,A,0.0,0.0,relaxed,1
E4_after,257,f1051b338ecbea43,1,0,0,4,L,C,0.0,0.0,strict,1
E4_after,258,60f1fa7dc8a964c0,0,1,1,3,S,A,0.0,0.0,relaxed,1
E4_after,259,c7049e476cb129a2,1,0,0,4,L,A,0.0,0.0,relaxed,0
E4_after,260,201db73eebc23839,1,1,1,7,S,C,0.0,0.0,relaxed,1
E4_after,261,8be0688f8987f971,0,0,0,0,L,A,0.0,0.0,relaxed,1
E4_after,262,f4af85172691259e,1,0,1,5,S,A,1.0,1.0,relaxed,1
E4_after,263,8be0688f8987f971,0,0,0,0,L,C,0.0,0.0,relaxed,1
E4_after,264,d5f894d88be8b0ad,1,0,0,4,L,A,0.0,0.0,relaxed,1
E4_after,265,fd68e28e1552a1bc,1,0,0,4,L,A,0.0,0.0,relaxed,1
E4_after,266,8be0688f8987f971,0,0,0,0,L,C,0.0,0.0,relaxed,1
E4_after,267,3b6e04b6a449fbbf,1,0,0,4,L,A,1.0,1.0,relaxed,0
E4_after,268,770c50abf7c168ed,0,0,0,0,L,A,1.0,1.0,relaxed,1
E4_after,269,9de43884b528ae68,1,0,0,4,L,C,0.0,0.0,strict,1
E4_after,270,201db73eebc23839,1,1,1,7,S,A,0.0,0.0,relaxed,1
E4_after,271,8be0688f8987f971,0,0,0,0,L,A,0.0,0.0,relaxed,1
E4_after,272,d2efe79d28f2eaba,0,1,1,3,S,C,1.0,1.0,relaxed,1
E4_after,273,8be0688f8987f971,0,0,0,0,L,A,0.0,0.0,relaxed,1
E4_after,274,1a137e1e88c49f9f,1,1,1,7,S,A,0.0,0.0,relaxed,1
E4_after,275,8be0688f8987f971,0,0,0,0,L,C,0.0,0.0,relaxed,1
E4_after,276,70eec6acd34698d9,1,0,1,5,S,A,0.0,0.0,relaxed,0
E4_after,277,8be0688f8987f971,0,0,0,0,L,A,0.0,0.0,relaxed,1
E4_after,278,b2efcc508d828e5e,0,1,1,3,S,C,1.0,1.0,relaxed,0
E4_after,279,f8f1626bc850c470,1,1,1,7,S,A,1.0,1.0,relaxed,1
E4_after,280,13fad8f8b65f8858,1,0,0,4,L,A,1.0,1.0,strict,1
E4_after,281,78d9b78f02df257e,0,1,1,3,S,C,0.0,0.0,relaxed,1
E4_after,282,c6979c4565323871,0,1,1,3,S,A,1.0,1.0,relaxed,1
E4_after,283,65d43a5d7a9c6ca6,0,0,0,0,L,A,1.0,1.0,relaxed,0
E4_after,284,2fe135b4110b887b,1,0,0,4,L,C,1.0,1.0,relaxed,1
E4_after,285,7344e32ba222a8de,1,0,0,4,L,A,1.0,1.0,relaxed,1
E4_after,286,201db73eebc23839,1,1,1,7,S,A,0.0,0.0,relaxed,1
E4_after,287,794c33e55a9642ec,1,0,0,4,L,C,1.0,1.0,strict,1
E4_after,288,0a87ed9360e3093d,0,1,1,3,S,A,0.0,0.0,relaxed,0
E4_after,289,f753c6abbe9ef458,1,0,0,4,L,A,0.0,0.0,relaxed,1
E4_after,290,e01ea7ce532820c1,1,1,1,7,S,C,1.0,1.0,relaxed,1
E4_after,291,29301304dc8bfe86,1,0,0,4,L,A,1.0,1.0,relaxed,1
E4_after,292,6aeadb1be7b460c2,0,1,1,3,S,A,0.0,0.0,relaxed,0
E4_after,293,ef3b1039c215ed05,1,0,0,4,L,C,0.0,0.0,relaxed,1
E4_after,294,3e6f2c140acc710a,1,1,1,7,S,A,0.0,0.0,strict,1
E4_after,295,0b3246a6c70c10c1,1,0,0,4,L,A,1.0,1.0,relaxed,1
E4_after,296,8c2d86ae5d7985e6,1,0,1,5,S,C,1.0,1.0,strict,1
E4_after,297,a3d37f84e833fb80,0,0,0,0,L,A,0.0,0.0,relaxed,0
E4_after,298,8be0688f8987f971,0,0,0,0,L,A,0.0,0.0,relaxed,1
E4_after,299,937b64934e393313,0,0,0,0,L,C,0.0,0.0,relaxed,0
E4_after,300,f4af85172691259e,1,0,1,5,S,A,1.0,1.0,relaxed,1
E4_after,301,77e04e89fa6f474b,0,0,0,0,L,A,1.0,1.0,relaxed,1
E4_after,302,647ee8f9f4a111b6,1,0,1,5,S,C,0.0,0.0,relaxed,0
E4_after,303,f40e3ae05c3ff929,1,0,1,5,S,A,1.0,1.0,relaxed,0
E4_after,304,a9895f94d41e6330,0,0,0,0,L,A,0.0,0.0,strict,0
E4_after,305,29e3f324bdd43608,1,0,0,4,L,C,1.0,1.0,strict,0
E4_after,306,9be09c135af3cb75,1,0,0,4,L,A,0.0,0.0,relaxed,1
E4_after,307,3a046405c30100ee,0,1,1,3,S,A,0.0,0.0,relaxed,1
E4_after,308,df0d2b9e228db64b,1,0,0,4,L,C,0.0,0.0,strict,1
E4_after,309,8be0688f8987f971,0,0,0,0,L,A,0.0,0.0,relaxed,1
E4_after,310,928754d36447006f,1,1,1,7,S,A,1.0,1.0,strict,1
E4_after,311,298d2aee72a1976c,1,0,0,4,L,C,1.0,1.0,relaxed,0
E4_after,312,794c33e55a9642ec,1,0,0,4,L,A,1.0,1.0,strict,1
E4_after,313,15357a425932d02f,1,0,0,4,L,A,1.0,1.0,relaxed,0
E4_after,314,0f7098f5abc80adc,0,0,0,0,L,C,1.0,1.0,relaxed,1
E4_after,315,8be0688f8987f971,0,0,0,0,L,A,0.0,0.0,relaxed,1
E4_after,316,9547275c7fb097d8,0,0,0,0,L,A,0.0,0.0,relaxed,0
E4_after,317,8be0688f8987f971,0,0,0,0,L,C,0.0,0.0,relaxed,1
E4_after,318,550f95807e257e43,0,0,0,0,L,A,1.0,1.0,relaxed,0
E4_after,319,9458ff0dbf8fde50,1,0,1,5,S,A,1.0,1.0,relaxed,0
E4_after,320,cc4cc0cb705756dc,0,0,1,1,S,C,1.0,1.0,relaxed,1
E4_after,321,47b9ed92b5449989,0,0,0,0,L,A,1.0,1.0,relaxed,0
E4_after,322,af0d5c523c45e373,0,0,0,0,L,A,0.0,0.0,relaxed,1
E4_after,323,de8aa1a7aace479a,0,1,1,3,S,C,1.0,1.0,relaxed,0
E4_after,324,5a5825ec01bd58ef,0,1,1,3,S,A,0.0,0.0,relaxed,1
E4_after,325,a97865ea2defcfbf,0,0,0,0,L,A,0.0,0.0,relaxed,1
E4_after,326,2ad83b71e400bba9,1,1,1,7,S,C,0.0,0.0,relaxed,1
E4_after,327,4271b3bfc934acac,0,1,1,3,S,A,0.0,0.0,strict,0
E4_after,328,bb4f2557b34e5754,0,0,0,0,L,A,0.0,0.0,strict,1
E4_after,329,635b1fe8979f72af,0,0,0,0,L,C,1.0,1.0,relaxed,0
E4_after,330,6b29718d3e304c2b,1,0,0,4,L,A,1.0,1.0,strict,1
E4_after,331,55bde6dae162a512,0,0,0,0,L,A,1.0,1.0,relaxed,0
E4_after,332,d24d81073df847c4,0,1,1,3,S,C,1.0,1.0,relaxed,1
E4_after,333,d76a6434b5e187c6,0,0,0,0,L,A,0.0,0.0,relaxed,0
E4_after,334,5fde45722e7d4b56,0,0,0,0,L,A,1.0,1.0,relaxed,0
E4_after,335,794c33e55a9642ec,1,0,0,4,L,C,1.0,1.0,strict,1
E4_after,336,8c383efd2b47762a,1,0,1,5,S,A,1.0,1.0,relaxed,0
E4_after,337,201db73eebc23839,1,1,1,7,S,A,0.0,0.0,relaxed,1
E4_after,338,59d8ce00ee0b8859,0,0,0,0,L,C,1.0,1.0,relaxed,1
E4_after,339,f4af85172691259e,1,0,1,5,S,A,1.0,1.0,relaxed,1
E4_after,340,bb841b97424fdbd0,0,0,0,0,L,A,0.0,0.0,relaxed,1
E4_after,341,8be0688f8987f971,0,0,0,0,L,C,0.0,0.0,relaxed,1
E4_after,342,d101de78b09cc5f1,0,0,0,0,L,A,0.0,0.0,relaxed,1
E4_after,343,8be0688f8987f971,0,0,0,0,L,A,0.0,0.0,relaxed,1
E4_after,344,b8e771c26c60d80f,0,1,1,3,S,C,1.0,1.0,relaxed,1
E4_after,345,c41e2e333ad2e55c,1,0,1,5,S,A,1.0,1.0,relaxed,0
E4_after,346,19fdf250b52a0627,1,0,0,4,L,A,1.0,1.0,relaxed,1
E4_after,347,8be0688f8987f971,0,0,0,0,L,C,0.0,0.0,relaxed,1
E4_after,348,15afb5393f4fbc35,1,0,0,4,L,A,1.0,1.0,relaxed,1
E4_after,349,8be0688f8987f971,0,0,0,0,L,A,0.0,0.0,relaxed,1
E4_after,350,15afb5393f4fbc35,1,0,0,4,L,C,1.0,1.0,relaxed,1
E4_after,351,6297e22d1db70e58,1,1,1,7,S,A,0.0,0.0,strict,0
E4_after,352,d036171afba22011,1,0,1,5,S,A,1.0,1.0,relaxed,1
E4_after,353,740cad7d98d52e4f,0,0,1,1,S,C,0.0,0.0,relaxed,1
E4_after,354,98916a24017dc5f3,1,1,1,7,S,A,1.0,1.0,relaxed,0
E4_after,355,dcd40721b3404e5c,1,0,1,5,S,A,1.0,1.0,relaxed,0
E4_after,356,6e6e88ddf14cc4f3,1,1,1,7,S,C,0.0,0.0,strict,1
E4_after,357,d6e7cf69ea0dcbe7,1,1,1,7,S,A,1.0,1.0,relaxed,1
E4_after,358,6bff8ab812da73e7,1,0,0,4,L,A,1.0,1.0,strict,1
E4_after,359,459f6219469d43ed,1,0,0,4,L,C,1.0,1.0,strict,0
E4_after,360,193a8bc8757b83d3,1,0,0,4,L,A,1.0,1.0,relaxed,0
E4_after,361,d93e88e9962a48a7,1,0,0,4,L,A,0.0,0.0,strict,1
E4_after,362,174614da378b299a,0,0,0,0,L,C,1.0,1.0,strict,1
E4_after,363,7bfda9e329f53d4a,0,0,0,0,L,A,1.0,1.0,relaxed,0
E4_after,364,160627647d0b8f93,1,1,1,7,S,A,0.0,0.0,relaxed,0
E4_after,365,80d5f609536ab93e,1,1,1,7,S,C,1.0,1.0,relaxed,1
E4_after,366,20d5b79e6db5dfbd,1,1,1,7,S,A,0.0,0.0,relaxed,0
E4_after,367,e9c5f0688372dcfd,1,0,0,4,L,A,0.0,0.0,relaxed,1
E4_after,368,36388c90df0c8698,0,1,1,3,S,C,0.0,0.0,relaxed,0
E4_after,369,77e04e89fa6f474b,0,0,0,0,L,A,1.0,1.0,relaxed,1
E4_after,370,ce03e5c5bc536689,1,1,1,7,S,A,1.0,1.0,relaxed,1
E4_after,371,e83d5bce0ad91227,0,1,1,3,S,C,1.0,1.0,relaxed,0
E4_after,372,1c558f3dd49db2b7,1,0,1,5,S,A,0.0,0.0,relaxed,0
E4_after,373,59d8ce00ee0b8859,0,0,0,0,L,A,1.0,1.0,relaxed,1
E4_after,374,769d6a6d7e4ee2c3,1,1,1,7,S,C,0.0,0.0,relaxed,0
E4_after,375,7210718861e0dffb,0,1,1,3,S,A,0.0,0.0,relaxed,0
E4_after,376,8be0688f8987f971,0,0,0,0,L,A,0.0,0.0,relaxed,1
E4_after,377,9b632cec6fe4c6ff,1,0,0,4,L,C,0.0,0.0,relaxed,1
E4_after,378,8be0688f8987f971,0,0,0,0,L,A,0.0,0.0,relaxed,1
E4_after,379,5bde4605b4d1d88d,1,0,0,4,L,A,1.0,1.0,relaxed,1
E4_after,380,7f252e0e64824407,1,0,0,4,L,C,1.0,1.0,relaxed,1
E4_after,381,3cd6e6890d7ed047,0,0,1,1,S,A,0.0,0.0,relaxed,1
E4_after,382,02e437854949acd1,1,1,1,7,S,A,0.0,0.0,strict,1
E4_after,383,3fa66a1e94cb0f30,0,0,0,0,L,C,1.0,1.0,relaxed,1
E4_after,384,9bc777d690b7b6fd,1,0,0,4,L,A,0.0,0.0,relaxed,0
E4_after,385,8be0688f8987f971,0,0,0,0,L,A,0.0,0.0,relaxed,1
E4_after,386,8fcf35689e3030df,1,0,0,4,L,C,0.0,0.0,relaxed,0
E4_after,387,d1b4f130673552da,0,0,0,0,L,A,0.0,0.0,strict,0
E4_after,388,f10ea404e6f73827,1,0,0,4,L,A,0.0,0.0,strict,0
E4_after,389,4f67577be5ec646b,1,0,0,4,L,C,1.0,1.0,relaxed,0
E4_after,390,75bbfe282af1e58f,1,0,0,4,L,A,1.0,1.0,strict,1
E4_after,391,8be0688f8987f971,0,0,0,0,L,A,0.0,0.0,relaxed,1
E4_after,392,422ee1b709d41e36,0,1,1,3,S,C,0.0,0.0,relaxed,0
E4_after,393,dfed127b4913578f,1,0,0,4,L,A,0.0,0.0,strict,0
E4_after,394,0b5ea8a0cdea1a2b,1,0,0,4,L,A,1.0,1.0,relaxed,0
E4_after,395,696beffcecd9de72,0,0,0,0,L,C,1.0,1.0,strict,1
E4_after,396,7f6b422641f0c458,1,0,0,4,L,A,1.0,1.0,relaxed,1
E4_after,397,6a0d72f8e6eadc98,0,1,1,3,S,A,0.0,0.0,strict,1
E4_after,398,7b68c64457e9b023,0,0,0,0,L,C,1.0,1.0,relaxed,0
E4_after,399,61c0b4ff43d64944,1,0,0,4,L,A,1.0,1.0,strict,1
E4_after,400,8cf22f7d233bc1de,1,0,1,5,S,A,1.0,1.0,relaxed,1
E4_after,401,856f725858695e54,1,0,0,4,L,C,0.0,0.0,relaxed,0
E4_after,402,4f31607e9da32b4e,1,0,0,4,L,A,1.0,1.0,strict,1
E4_after,403,6998e8ebdd3dcd47,0,0,0,0,L,A,1.0,1.0,relaxed,1
E4_after,404,c563f05eda94e25e,0,0,0,0,L,C,0.0,0.0,relaxed,0
E4_after,405,91f9a0327951e7ea,1,0,0,4,L,A,0.0,0.0,relaxed,1
E4_after,406,ce03e5c5bc536689,1,1,1,7,S,A,1.0,1.0,relaxed,1
E4_after,407,4aeff5219a21f060,1,1,1,7,S,C,0.0,0.0,strict,1
E4_after,408,c4ad25fa1122058b,1,0,1,5,S,A,1.0,1.0,relaxed,0
E4_after,409,4cba4b20555c9e4c,1,0,1,5,S,A,0.0,0.0,relaxed,0
E4_after,410,d7da7e403905d3cc,0,0,0,0,L,C,0.0,0.0,strict,1
E4_after,411,a45e6cb5c35e1217,1,0,1,5,S,A,1.0,1.0,strict,0
E4_after,412,b09852b5086dc27c,1,0,1,5,S,A,1.0,1.0,strict,1
E4_after,413,106221b33b386a99,1,0,1,5,S,C,0.0,0.0,strict,1
E4_after,414,aba721b239a9a4b0,1,0,0,4,L,A,0.0,0.0,strict,1
E4_after,415,794c33e55a9642ec,1,0,0,4,L,A,1.0,1.0,strict,1
E4_after,416,794c33e55a9642ec,1,0,0,4,L,C,1.0,1.0,relaxed,1
E4_after,417,20bf5c2b942a6050,1,1,1,7,S,A,0.0,0.0,relaxed,1
E4_after,418,f8d39bb4123aef5e,1,1,1,7,S,A,1.0,1.0,strict,0
E4_after,419,e107c914eaea2742,0,0,0,0,L,C,0.0,0.0,relaxed,1
E4_after,420,88f07cbda7cf316f,0,1,1,3,S,A,1.0,1.0,strict,1
E4_after,421,6a8973194f10055e,0,1,1,3,S,A,0.0,0.0,relaxed,0
E4_after,422,8be0688f8987f971,0,0,0,0,L,C,0.0,0.0,relaxed,1
E4_after,423,b5331a5907981e25,1,0,0,4,L,A,0.0,0.0,relaxed,0
E4_after,424,b044299aa17fb0fb,1,0,1,5,S,A,1.0,1.0,relaxed,1
E4_after,425,8be0688f8987f971,0,0,0,0,L,C,0.0,0.0,relaxed,1
E4_after,426,794c33e55a9642ec,1,0,0,4,L,A,1.0,1.0,strict,1
E4_after,427,20bfd07bbb7c1526,1,1,1,7,S,A,0.0,0.0,relaxed,0
E4_after,428,59d8ce00ee0b8859,0,0,0,0,L,C,1.0,1.0,relaxed,1
E4_after,429,c477741078cbae5c,1,0,1,5,S,A,1.0,1.0,relaxed,0
E4_after,430,73abc66d5b5b043f,1,0,0,4,L,A,1.0,1.0,relaxed,1
E4_after,431,266f3f513c1cbe00,1,1,1,7,S,C,0.0,0.0,relaxed,0
E4_after,432,f407c6283708c741,1,0,1,5,S,A,1.0,1.0,strict,0
E4_after,433,0efaccd7a10b7fa0,1,1,1,7,S,A,0.0,0.0,strict,1
E4_after,434,a01dff1c18984138,0,1,1,3,S,C,1.0,1.0,relaxed,1
E4_after,435,fb086604cf9f9876,1,0,0,4,L,A,0.0,0.0,strict,1
E4_after,436,b2962a348550c628,0,1,1,3,S,A,1.0,1.0,relaxed,1
E4_after,437,d0409fd33721271f,1,0,1,5,S,C,1.0,1.0,strict,1
E4_after,438,57f3445f1b27601e,1,0,0,4,L,A,1.0,1.0,relaxed,0
E4_after,439,3c521bf3d64a22c8,0,0,1,1,S,A,0.0,0.0,relaxed,0
E4_after,440,430cc448073d1855,1,0,0,4,L,C,1.0,1.0,relaxed,0
E4_after,441,201db73eebc23839,1,1,1,7,S,A,0.0,0.0,relaxed,1
E4_after,442,486ae45a54f4a941,0,1,1,3,S,A,0.0,0.0,relaxed,1
E4_after,443,3307bf990767d3b8,0,0,0,0,L,C,1.0,1.0,strict,1
E4_after,444,e6ee07c529259480,1,1,1,7,S,A,1.0,1.0,strict,1
E4_after,445,ce03e5c5bc536689,1,1,1,7,S,A,1.0,1.0,relaxed,1
E4_after,446,780984be20e20c66,0,1,1,3,S,C,0.0,0.0,relaxed,0
E4_after,447,b98aabf18ee6ea3e,1,0,0,4,L,A,0.0,0.0,strict,1
E4_after,448,8be0688f8987f971,0,0,0,0,L,A,0.0,0.0,relaxed,1
E4_after,449,53200a7bada2e751,0,0,0,0,L,C,1.0,1.0,relaxed,0
E4_after,450,8be0688f8987f971,0,0,0,0,L,A,0.0,0.0,relaxed,1
E4_after,451,6026f76e5909029a,0,1,1,3,S,A,0.0,0.0,relaxed,0
E4_after,452,c23a11f6816f3b83,1,1,1,7,S,C,1.0,1.0,relaxed,1
E4_after,453,d5ece84eb68cd693,1,0,0,4,L,A,0.0,0.0,strict,1
E4_after,454,cff7f9ff93a44182,0,0,0,0,L,A,0.0,0.0,relaxed,1
E4_after,455,9a0a2436c07177e1,0,1,1,3,S,C,1.0,1.0,relaxed,0
E4_after,456,85ec49d0fe91ab15,1,0,0,4,L,A,0.0,0.0,relaxed,0
E4_after,457,80525d5497de12e7,1,1,1,7,S,A,1.0,1.0,relaxed,1
E4_after,458,facda4ccc9e71a2e,0,1,1,3,S,C,1.0,1.0,strict,0
E4_after,459,7f6b422641f0c458,1,0,0,4,L,A,1.0,1.0,relaxed,1
E4_after,460,fcba4968ce8a3d5a,0,0,1,1,S,A,1.0,1.0,relaxed,1
E4_after,461,e07a94aeceb3cb80,1,1,1,7,S,C,1.0,1.0,relaxed,0
E4_after,462,092467bedcc07614,0,0,0,0,L,A,1.0,1.0,relaxed,0
E4_after,463,0cf670b2e1d2d211,0,0,1,1,S,A,0.0,0.0,relaxed,1
E4_after,464,3d588346cc9aa832,1,0,0,4,L,C,1.0,1.0,relaxed,0
E4_after,465,6b8e263db77cec99,1,0,0,4,L,A,1.0,1.0,relaxed,1
E4_after,466,794c33e55a9642ec,1,0,0,4,L,A,1.0,1.0,strict,1
E4_after,467,61d55500ea34b3b0,1,0,0,4,L,C,1.0,1.0,relaxed,1
E4_after,468,58f072a3184c9dc3,1,1,1,7,S,A,0.0,0.0,strict,1
E4_after,469,8be0688f8987f971,0,0,0,0,L,A,0.0,0.0,relaxed,1
E4_after,470,eae741b944443366,1,1,1,7,S,C,1.0,1.0,relaxed,0
E4_after,471,9dfd3499029efaa0,1,0,0,4,L,A,0.0,0.0,relaxed,0
E4_after,472,16c875f4e318c29e,1,1,1,7,S,A,0.0,0.0,relaxed,1
E4_after,473,15afb5393f4fbc35,1,0,0,4,L,C,1.0,1.0,relaxed,1
E4_after,474,29301304dc8bfe86,1,0,0,4,L,A,1.0,1.0,relaxed,1
E4_after,475,15afb5393f4fbc35,1,0,0,4,L,A,1.0,1.0,relaxed,1
E4_after,476,32b7125e839cba22,1,1,1,7,S,C,0.0,0.0,relaxed,1
E4_after,477,77e04e89fa6f474b,0,0,0,0,L,A,1.0,1.0,relaxed,1
E4_after,478,bb8788ff0fbea3e4,0,0,0,0,L,A,0.0,0.0,relaxed,1
E4_after,479,acdb1d9349b33186,0,0,1,1,S,C,1.0,1.0,strict,0
E4_after,480,c6c7068c5e193939,0,1,1,3,S,A,1.0,1.0,relaxed,1
E4_after,481,794c33e55a9642ec,1,0,0,4,L,A,1.0,1.0,strict,1
E4_after,482,5e798994784aedd3,1,1,1,7,S,C,0.0,0.0,strict,1
E4_after,483,794c33e55a9642ec,1,0,0,4,L,A,1.0,1.0,strict,1
E4_after,484,ba78227b6e0d6075,1,1,1,7,S,A,1.0,1.0,strict,1
E4_after,485,794c33e55a9642ec,1,0,0,4,L,C,1.0,1.0,strict,1
E4_after,486,c758aae01b54d584,1,0,0,4,L,A,0.0,0.0,relaxed,0
E4_after,487,19fdf250b52a0627,1,0,0,4,L,A,1.0,1.0,relaxed,1
E4_after,488,c4e56a10fa689059,1,0,1,5,S,C,1.0,1.0,relaxed,1
E4_after,489,3b4cd3699320457e,1,0,0,4,L,A,1.0,1.0,relaxed,1
E4_after,490,56420af615017d23,0,1,1,3,S,A,0.0,0.0,strict,0
E4_after,491,794c33e55a9642ec,1,0,0,4,L,C,1.0,1.0,relaxed,1
E4_after,492,77e04e89fa6f474b,0,0,0,0,L,A,1.0,1.0,relaxed,1
E4_after,493,96a64bfc1255e2a1,0,1,1,3,S,A,1.0,1.0,relaxed,1
E4_after,494,15afb5393f4fbc35,1,0,0,4,L,C,1.0,1.0,relaxed,1
E4_after,495,0b74652ca519e006,1,0,0,4,L,A,1.0,1.0,strict,1
E4_after,496,dc81ba91471b3c65,1,0,1,5,S,A,1.0,1.0,strict,0
E4_after,497,794c33e55a9642ec,1,0,0,4,L,C,1.0,1.0,strict,1
E4_after,498,15afb5393f4fbc35,1,0,0,4,L,A,1.0,1.0,relaxed,1
E4_after,499,3b4cd3699320457e,1,0,0,4,L,A,1.0,1.0,relaxed,1
E4_after,500,681b1155753bae32,1,1,1,7,S,C,0.0,0.0,relaxed,1
E4_after,501,a289878c79ef6c7a,1,1,1,7,S,A,1.0,1.0,relaxed,1
E4_after,502,794c33e55a9642ec,1,0,0,4,L,A,1.0,1.0,strict,1
E4_after,503,4edebe3b6ba92bdd,0,1,1,3,S,C,0.0,0.0,relaxed,1
E4_after,504,a55eab73b294de26,0,0,0,0,L,A,0.0,0.0,strict,1
E4_after,505,129c9d7cef87ba83,0,1,1,3,S,A,0.0,0.0,strict,1
E4_after,506,7d335666caec22ae,0,0,0,0,L,C,1.0,1.0,relaxed,0
E4_after,507,8be0688f8987f971,0,0,0,0,L,A,0.0,0.0,relaxed,1
E4_after,508,8be0688f8987f971,0,0,0,0,L,A,0.0,0.0,relaxed,1
E4_after,509,9752be759f2f241f,1,0,0,4,L,C,0.0,0.0,strict,0
E4_after,510,cba0a8691ee1251e,1,0,0,4,L,A,0.0,0.0,relaxed,0
E4_after,511,4523a227902a1fa9,1,0,0,4,L,A,1.0,1.0,strict,1
E4_after,512,566812421a24a26a,0,1,1,3,S,C,0.0,0.0,relaxed,0
E4_after,513,04fecf39564738ca,1,0,1,5,S,A,0.0,0.0,relaxed,1
E4_after,514,8be0688f8987f971,0,0,0,0,L,A,0.0,0.0,relaxed,1
E4_after,515,132c04bb96a9d201,1,0,0,4,L,C,1.0,1.0,relaxed,0
E4_after,516,adc4ce9a8e759004,1,0,0,4,L,A,0.0,0.0,strict,0
E4_after,517,10533329e9aa9b79,1,0,1,5,S,A,0.0,0.0,relaxed,1
E4_after,518,ce03e5c5bc536689,1,1,1,7,S,C,1.0,1.0,relaxed,1
E4_after,519,588cd989111f1db7,1,1,1,7,S,A,0.0,0.0,strict,0
E4_after,520,d168995bc056e4b6,0,0,0,0,L,A,0.0,0.0,relaxed,1
E4_after,521,8be0688f8987f971,0,0,0,0,L,C,0.0,0.0,relaxed,1
E4_after,522,73a1d3c3771e28a8,1,0,0,4,L,A,1.0,1.0,relaxed,0
E4_after,523,794c33e55a9642ec,1,0,0,4,L,A,1.0,1.0,strict,1
E4_after,524,89e52276c314bb6b,1,0,0,4,L,C,0.0,0.0,relaxed,1
E4_after,525,0946940abd981bc3,0,0,0,0,L,A,1.0,1.0,relaxed,1
E4_after,526,f4af85172691259e,1,0,1,5,S,A,1.0,1.0,relaxed,1
E4_after,527,77e5c00dec16ffba,0,0,0,0,L,C,1.0,1.0,strict,0
E4_after,528,060b39b06848f599,0,1,1,3,S,A,0.0,0.0,relaxed,1
E4_after,529,766ffd9008ebb8a4,1,1,1,7,S,A,0.0,0.0,relaxed,1
E4_after,530,928754d36447006f,1,1,1,7,S,C,1.0,1.0,strict,1
E4_after,531,f6b2807438210c98,0,1,1,3,S,A,1.0,1.0,relaxed,0
E4_after,532,7f6b422641f0c458,1,0,0,4,L,A,1.0,1.0,relaxed,1
E4_after,533,15afb5393f4fbc35,1,0,0,4,L,C,1.0,1.0,relaxed,1
E4_after,534,8be0688f8987f971,0,0,0,0,L,A,0.0,0.0,relaxed,1
E4_after,535,67d0ed36e227b521,1,0,0,4,L,A,1.0,1.0,relaxed,1
E4_after,536,63d2c145716da6f1,0,0,0,0,L,C,1.0,1.0,strict,0
E4_after,537,4784a4e9f14ca061,0,0,0,0,L,A,1.0,1.0,relaxed,0
E4_after,538,9d9d3e96209b20d7,1,0,0,4,L,A,0.0,0.0,relaxed,1
E4_after,539,addd35ba83e12b2c,1,0,0,4,L,C,0.0,0.0,relaxed,0
E4_after,540,fcbcd26e65f3b75f,0,0,1,1,S,A,1.0,1.0,relaxed,1
E4_after,541,8be0688f8987f971,0,0,0,0,L,A,0.0,0.0,relaxed,1
E4_after,542,40b0c4736940b664,1,0,1,5,S,C,0.0,0.0,strict,1
E4_after,543,2b10290dca977868,0,0,0,0,L,A,1.0,1.0,relaxed,1
E4_after,544,3b4cd3699320457e,1,0,0,4,L,A,1.0,1.0,relaxed,1
E4_after,545,e56287ee669e3e65,1,0,0,4,L,C,0.0,0.0,relaxed,0
E4_after,546,8be0688f8987f971,0,0,0,0,L,A,0.0,0.0,relaxed,1
E4_after,547,d140523a9395b657,0,0,0,0,L,A,0.0,0.0,relaxed,0
E4_after,548,ce1defdea4fe2f63,1,1,1,7,S,C,1.0,1.0,relaxed,0
E4_after,549,bd65204c2a591ea4,0,0,0,0,L,A,0.0,0.0,relaxed,0
E4_after,550,3a269f4540526e06,0,1,1,3,S,A,0.0,0.0,strict,1
E4_after,551,2ce8e4a6d1491f59,1,0,1,5,S,C,0.0,0.0,relaxed,1
E4_after,552,bab6d39bc870f7bc,1,1,1,7,S,A,1.0,1.0,relaxed,1
E4_after,553,8be0688f8987f971,0,0,0,0,L,A,0.0,0.0,relaxed,1
E4_after,554,794c33e55a9642ec,1,0,0,4,L,C,1.0,1.0,strict,1
E4_after,555,5398de9a201d343e,0,0,0,0,L,A,1.0,1.0,relaxed,0
E4_after,556,70bb790fec7552c4,1,0,1,5,S,A,0.0,0.0,relaxed,0
E4_after,557,3b4cd3699320457e,1,0,0,4,L,C,1.0,1.0,relaxed,1
E4_after,558,d20d140d8adf08ac,0,1,1,3,S,A,1.0,1.0,relaxed,0
E4_after,559,8be0688f8987f971,0,0,0,0,L,A,0.0,0.0,relaxed,1
E4_after,560,1a0013d45b018fa8,1,1,1,7,S,C,0.0,0.0,strict,0
E4_after,561,8be0688f8987f971,0,0,0,0,L,A,0.0,0.0,relaxed,1
E4_after,562,8be0688f8987f971,0,0,0,0,L,A,0.0,0.0,relaxed,1
E4_after,563,f8970e128c550e99,1,1,1,7,S,C,1.0,1.0,strict,1
E4_after,564,59d8ce00ee0b8859,0,0,0,0,L,A,1.0,1.0,relaxed,1
E4_after,565,8eca2c8edffe5112,0,1,1,3,S,A,1.0,1.0,strict,1
E4_after,566,8be0688f8987f971,0,0,0,0,L,C,0.0,0.0,relaxed,1
E4_after,567,314540b0bdc23809,1,0,0,4,L,A,1.0,1.0,relaxed,1
E4_after,568,ae2c3ee294ae86a2,1,1,1,7,S,A,1.0,1.0,relaxed,0
E4_after,569,bc6b7ef63407181f,1,0,1,5,S,C,1.0,1.0,relaxed,1
E4_after,570,794c33e55a9642ec,1,0,0,4,L,A,1.0,1.0,strict,1
E4_after,571,b044299aa17fb0fb,1,0,1,5,S,A,1.0,1.0,relaxed,1
E4_after,572,8be0688f8987f971,0,0,0,0,L,C,0.0,0.0,relaxed,1
E4_after,573,a135f9ce9d47bb49,1,0,0,4,L,A,0.0,0.0,relaxed,1
E4_after,574,f88d8d9dd80402ce,1,1,1,7,S,A,1.0,1.0,strict,0
E4_after,575,b044299aa17fb0fb,1,0,1,5,S,C,1.0,1.0,relaxed,1
E4_after,576,59d8ce00ee0b8859,0,0,0,0,L,A,1.0,1.0,relaxed,1
E4_after,577,e9c5f0688372dcfd,1,0,0,4,L,A,0.0,0.0,relaxed,1
E4_after,578,15afb5393f4fbc35,1,0,0,4,L,C,1.0,1.0,relaxed,1
E4_after,579,be00f30d021d682f,0,1,1,3,S,A,1.0,1.0,strict,0
E4_after,580,ce03e5c5bc536689,1,1,1,7,S,A,1.0,1.0,relaxed,1
E4_after,581,794c33e55a9642ec,1,0,0,4,L,C,1.0,1.0,strict,1
E4_after,582,713b9fb9d610a803,0,0,0,0,L,A,1.0,1.0,strict,1
E4_after,583,57167505009831a0,1,0,0,4,L,A,1.0,1.0,relaxed,1
E4_after,584,5848e79704898cb9,1,1,1,7,S,C,0.0,0.0,relaxed,1
E4_after,585,8be0688f8987f971,0,0,0,0,L,A,0.0,0.0,relaxed,1
E4_after,586,89e52276c314bb6b,1,0,0,4,L,A,0.0,0.0,relaxed,1
E4_after,587,de7f77c99d1afbba,0,1,1,3,S,C,1.0,1.0,relaxed,1
E4_after,588,91e9a014a7924aa7,1,0,0,4,L,A,0.0,0.0,relaxed,1
E4_after,589,3b68d7d255d23b9c,1,0,0,4,L,A,1.0,1.0,relaxed,0
E4_after,590,d2efe79d28f2eaba,0,1,1,3,S,C,1.0,1.0,relaxed,1
E4_after,591,7c8723fc00beae5f,1,0,1,5,S,A,0.0,0.0,relaxed,0
E4_after,592,f855fad24a02936a,1,1,1,7,S,A,1.0,1.0,relaxed,1
E4_after,593,b2b1d8d38cd8ba36,0,1,1,3,S,C,1.0,1.0,relaxed,0
E4_after,594,aaf5afd1c8d64ece,0,1,1,3,S,A,1.0,1.0,strict,1
E4_after,595,6916556fce777bcd,0,0,0,0,L,A,1.0,1.0,relaxed,1
E4_after,596,00cb7989ba1f92a7,0,0,1,1,S,C,0.0,0.0,relaxed,0
E4_after,597,56453272d61402dd,0,1,1,3,S,A,0.0,0.0,strict,1
E4_after,598,8be0688f8987f971,0,0,0,0,L,A,0.0,0.0,relaxed,1
E4_after,599,424c46e57154e306,0,1,1,3,S,C,0.0,0.0,relaxed,1
E4_after,600,7d1972c636765461,0,0,0,0,L,A,1.0,1.0,strict,1
E4_after,601,7add34310a37f054,1,1,1,7,S,A,0.0,0.0,strict,0
E4_after,602,48051bee58d0bec8,0,1,1,3,S,C,0.0,0.0,relaxed,0
E4_after,603,75bbfe282af1e58f,1,0,0,4,L,A,1.0,1.0,relaxed,1
E4_after,604,c806e613f601b7a3,1,1,1,7,S,A,1.0,1.0,strict,1
E4_after,605,b044299aa17fb0fb,1,0,1,5,S,C,1.0,1.0,relaxed,1
E4_after,606,7f6b422641f0c458,1,0,0,4,L,A,1.0,1.0,strict,1
E4_after,607,b42b6a1db81802e4,0,0,1,1,S,A,1.0,1.0,strict,1
E4_after,608,e3e9ca28d5cb62a2,1,0,0,4,L,C,0.0,0.0,relaxed,1
E4_after,609,ac206336112b1af3,0,0,1,1,S,A,1.0,1.0,relaxed,1
E4_after,610,badba7e21ff09fe0,1,1,1,7,S,A,1.0,1.0,strict,1
E4_after,611,06725f6ae55ce828,0,1,1,3,S,C,0.0,0.0,relaxed,1
E4_after,612,be3539b2e71d0ab7,0,1,1,3,S,A,1.0,1.0,relaxed,1
E4_after,613,a68bf1c5d7299e85,0,1,1,3,S,A,1.0,1.0,strict,1
E4_after,614,19fdf250b52a0627,1,0,0,4,L,C,1.0,1.0,relaxed,1
E4_after,615,a30690c2507902d5,0,0,0,0,L,A,0.0,0.0,relaxed,1
E4_after,616,8be0688f8987f971,0,0,0,0,L,A,0.0,0.0,relaxed,1
E4_after,617,b044299aa17fb0fb,1,0,1,5,S,C,1.0,1.0,relaxed,1
E4_after,618,d6510044180e4d9c,1,1,1,7,S,A,1.0,1.0,relaxed,1
E4_after,619,8be0688f8987f971,0,0,0,0,L,A,0.0,0.0,relaxed,1
E4_after,620,5379432e28bbee64,0,0,0,0,L,C,1.0,1.0,relaxed,0
E4_after,621,201db73eebc23839,1,1,1,7,S,A,0.0,0.0,relaxed,1
E4_after,622,52c2adcd1593f64a,1,1,1,7,S,A,0.0,0.0,strict,1
E4_after,623,6113805cdb203cac,1,0,0,4,L,C,1.0,1.0,relaxed,1
E4_after,624,4e081cad33e964f6,0,1,1,3,S,A,0.0,0.0,strict,0
E4_after,625,2d074a7d553ad556,0,0,0,0,L,A,1.0,1.0,relaxed,1
E4_after,626,ba78227b6e0d6075,1,1,1,7,S,C,1.0,1.0,strict,1
E4_after,627,8be0688f8987f971,0,0,0,0,L,A,0.0,0.0,relaxed,1
E4_after,628,c81f2b513786aa7b,1,1,1,7,S,A,1.0,1.0,relaxed,0
E4_after,629,f4af85172691259e,1,0,1,5,S,C,1.0,1.0,relaxed,1
E4_after,630,3d4d5ff0029ca609,1,0,0,4,L,A,1.0,1.0,relaxed,1
E4_after,631,6bff8ab812da73e7,1,0,0,4,L,A,1.0,1.0,relaxed,1
E4_after,632,3bdea208daa320c3,1,0,0,4,L,C,1.0,1.0,relaxed,1
E4_after,633,ac12eb23dd284294,0,0,1,1,S,A,1.0,1.0,strict,0
E4_after,634,c27b34a36a71bcb0,1,1,1,7,S,A,1.0,1.0,relaxed,1
E4_after,635,9d28ce5ea787c2c8,1,0,0,4,L,C,0.0,0.0,relaxed,1
E4_after,636,54edeb4db4de3e43,1,0,1,5,S,A,0.0,0.0,relaxed,0
E4_after,637,8be0688f8987f971,0,0,0,0,L,A,0.0,0.0,relaxed,1
E4_after,638,ce03e5c5bc536689,1,1,1,7,S,C,1.0,1.0,relaxed,1
E4_after,639,20bf655f9b8861fb,1,1,1,7,S,A,0.0,0.0,relaxed,0
E4_after,640,6c7d13a2aa04746b,0,0,1,1,S,A,0.0,0.0,strict,1
E4_after,641,8be0688f8987f971,0,0,0,0,L,C,0.0,0.0,relaxed,1
E4_after,642,794c33e55a9642ec,1,0,0,4,L,A,1.0,1.0,strict,1
E4_after,643,40e5f02936f04931,1,0,1,5,S,A,0.0,0.0,relaxed,0
E4_after,644,0661c45e539a52aa,0,1,1,3,S,C,0.0,0.0,relaxed,0
E4_after,645,4109f2532d5e8d8a,0,0,0,0,L,A,1.0,1.0,relaxed,0
E4_after,646,233f50261859147e,1,0,0,4,L,A,1.0,1.0,strict,0
E4_after,647,8be0688f8987f971,0,0,0,0,L,C,0.0,0.0,relaxed,1
E4_after,648,59d8ce00ee0b8859,0,0,0,0,L,A,1.0,1.0,relaxed,1
E4_after,649,21a1d50e9856ea54,0,0,0,0,L,A,1.0,1.0,relaxed,1
E4_after,650,4dbaf86e3ee4025a,0,0,0,0,L,C,1.0,1.0,relaxed,0
E4_after,651,21485021afadf344,0,0,0,0,L,A,1.0,1.0,strict,0
E4_after,652,8c383efd2b47762a,1,0,1,5,S,A,1.0,1.0,relaxed,0
E4_after,653,ce03e5c5bc536689,1,1,1,7,S,C,1.0,1.0,relaxed,1
E4_after,654,d52915453f3afd46,1,0,0,4,L,A,0.0,0.0,strict,1
E4_after,655,2ae537b45bb88c63,1,1,1,7,S,A,0.0,0.0,relaxed,1
E4_after,656,549645ae12969a52,1,0,1,5,S,C,0.0,0.0,relaxed,1
E4_after,657,59d8ce00ee0b8859,0,0,0,0,L,A,1.0,1.0,relaxed,1
E4_after,658,f295a1a5e3cb64c2,1,1,1,7,S,A,1.0,1.0,relaxed,1
E4_after,659,8be0688f8987f971,0,0,0,0,L,C,0.0,0.0,relaxed,1
E4_after,660,6bff8ab812da73e7,1,0,0,4,L,A,1.0,1.0,strict,1
E4_after,661,6bff8ab812da73e7,1,0,0,4,L,A,1.0,1.0,relaxed,1
E4_after,662,b123446808533045,0,0,0,0,L,C,0.0,0.0,relaxed,0
E4_after,663,3e2e303b61114719,1,1,1,7,S,A,0.0,0.0,relaxed,0
E4_after,664,b044299aa17fb0fb,1,0,1,5,S,A,1.0,1.0,relaxed,1
E4_after,665,8be0688f8987f971,0,0,0,0,L,C,0.0,0.0,relaxed,1
E4_after,666,646443d28fdb90c0,1,0,1,5,S,A,0.0,0.0,relaxed,0
E4_after,667,f652ee54334de686,0,1,1,3,S,A,1.0,1.0,relaxed,1
E4_after,668,8be0688f8987f971,0,0,0,0,L,C,0.0,0.0,relaxed,1
E4_after,669,e37de03f20eb9817,1,0,0,4,L,A,0.0,0.0,relaxed,0
E4_after,670,6bff8ab812da73e7,1,0,0,4,L,A,1.0,1.0,relaxed,1
E4_after,671,8be0688f8987f971,0,0,0,0,L,C,0.0,0.0,relaxed,1
E4_after,672,74501d43ff24608b,0,0,1,1,S,A,0.0,0.0,strict,1
E4_after,673,8be0688f8987f971,0,0,0,0,L,A,0.0,0.0,relaxed,1
E4_after,674,8be0688f8987f971,0,0,0,0,L,C,0.0,0.0,relaxed,1
E4_after,675,15afb5393f4fbc35,1,0,0,4,L,A,1.0,1.0,relaxed,1
E4_after,676,7f6b422641f0c458,1,0,0,4,L,A,1.0,1.0,relaxed,1
E4_after,677,8be0688f8987f971,0,0,0,0,L,C,0.0,0.0,relaxed,1
E4_after,678,dbe71708cbdc5973,0,0,0,0,L,A,0.0,0.0,relaxed,0
E4_after,679,389fa3059c2ca987,1,1,1,7,S,A,0.0,0.0,relaxed,1
E4_after,680,4be36d6132706d64,0,0,0,0,L,C,1.0,1.0,relaxed,1
E4_after,681,2c3215168c73daea,1,0,1,5,S,A,0.0,0.0,relaxed,0
E4_after,682,6b84c70e08eb4a00,1,0,0,4,L,A,1.0,1.0,relaxed,1
E4_after,683,3b4cd3699320457e,1,0,0,4,L,C,1.0,1.0,relaxed,1
E4_after,684,8be0688f8987f971,0,0,0,0,L,A,0.0,0.0,relaxed,1
E4_after,685,7164d0e1699f075b,0,0,0,0,L,A,1.0,1.0,strict,1
E4_after,686,f900a8c2ad01f964,0,0,0,0,L,C,0.0,0.0,strict,1
E4_after,687,7e98b9a8180d0c8d,0,1,1,3,S,A,0.0,0.0,relaxed,1
E4_after,688,1bb7c608ded3e32b,0,0,0,0,L,A,1.0,1.0,strict,1
E4_after,689,bd0342fb0a280ce9,0,0,0,0,L,C,0.0,0.0,relaxed,1
E4_after,690,794c33e55a9642ec,1,0,0,4,L,A,1.0,1.0,strict,1
E4_after,691,c60c4cd68f114072,0,1,1,3,S,A,1.0,1.0,relaxed,1
E4_after,692,cfba079295464326,0,0,0,0,L,C,0.0,0.0,relaxed,0
E4_after,693,75bbfe282af1e58f,1,0,0,4,L,A,1.0,1.0,relaxed,1
E4_after,694,592483759a3fe124,0,0,0,0,L,A,1.0,1.0,strict,1
E4_after,695,59183d2587aff457,0,0,0,0,L,C,1.0,1.0,relaxed,1
E4_after,696,5934c48df3d67d40,0,0,0,0,L,A,1.0,1.0,strict,1
E4_after,697,59a627182e17eca4,0,0,0,0,L,A,1.0,1.0,relaxed,0
E4_after,698,59d8ce00ee0b8859,0,0,0,0,L,C,1.0,1.0,relaxed,1
E4_after,699,06c3827b4517bfaf,0,1,1,3,S,A,0.0,0.0,strict,1
E4_after,700,d6d38acbb80a5fb0,1,1,1,7,S,A,1.0,1.0,relaxed,0
E4_after,701,3931e533270415a3,0,0,0,0,L,C,1.0,1.0,relaxed,1
E4_after,702,c846425e61631abb,1,1,1,7,S,A,1.0,1.0,relaxed,0
E4_after,703,e504e830ee099761,1,0,0,4,L,A,0.0,0.0,relaxed,1
E4_after,704,5a0f02a9b88467c5,0,1,1,3,S,C,0.0,0.0,relaxed,0
E4_after,705,56ef284242a1028c,0,1,1,3,S,A,0.0,0.0,strict,1
E4_after,706,c4e56a10fa689059,1,0,1,5,S,A,1.0,1.0,strict,1
E4_after,707,19fdf250b52a0627,1,0,0,4,L,C,1.0,1.0,relaxed,1
E4_after,708,7fa125fd5a952580,1,0,0,4,L,A,1.0,1.0,strict,1
E4_after,709,892ddd1bcb68fa6a,1,0,0,4,L,A,0.0,0.0,strict,1
E4_after,710,2d074a7d553ad556,0,0,0,0,L,C,1.0,1.0,relaxed,1
E4_after,711,681b1155753bae32,1,1,1,7,S,A,0.0,0.0,relaxed,1
E4_after,712,8be0688f8987f971,0,0,0,0,L,A,0.0,0.0,relaxed,1
E4_after,713,3b4cd3699320457e,1,0,0,4,L,C,1.0,1.0,relaxed,1
E4_after,714,794c33e55a9642ec,1,0,0,4,L,A,1.0,1.0,strict,1
E4_after,715,723fe1e4ae0835c6,0,1,1,3,S,A,0.0,0.0,relaxed,0
E4_after,716,59d8ce00ee0b8859,0,0,0,0,L,C,1.0,1.0,relaxed,1
E4_after,717,0e76f76d7d8dc745,1,1,1,7,S,A,0.0,0.0,relaxed,0
E4_after,718,ce03e5c5bc536689,1,1,1,7,S,A,1.0,1.0,relaxed,1
E4_after,719,af42e089b3b50d0e,0,0,0,0,L,C,0.0,0.0,relaxed,0
E4_after,720,ef3b1039c215ed05,1,0,0,4,L,A,0.0,0.0,relaxed,1
E4_after,721,eb0c448077a19a35,0,0,0,0,L,A,0.0,0.0,strict,1
E4_after,722,794c33e55a9642ec,1,0,0,4,L,C,1.0,1.0,strict,1
E4_after,723,c491df1aa6d6470a,1,0,1,5,S,A,1.0,1.0,relaxed,1
E4_after,724,d038cbb432faaebe,1,0,1,5,S,A,1.0,1.0,strict,1
E4_after,725,08e62fb5e7b8d0ce,1,1,1,7,S,C,0.0,0.0,strict,1
E4_after,726,16c875f4e318c29e,1,1,1,7,S,A,0.0,0.0,strict,1
E4_after,727,794c33e55a9642ec,1,0,0,4,L,A,1.0,1.0,relaxed,1
E4_after,728,806df6b30cd3b016,1,1,1,7,S,C,1.0,1.0,strict,1
E4_after,729,f922c1b9ed8fb0b1,0,0,0,0,L,A,0.0,0.0,strict,1
E4_after,730,efaf7de4d7ca0d6c,1,0,0,4,L,A,0.0,0.0,relaxed,0
E4_after,731,8be0688f8987f971,0,0,0,0,L,C,0.0,0.0,relaxed,1
E4_after,732,3a7563e5364efe00,0,1,1,3,S,A,0.0,0.0,relaxed,1
E4_after,733,572ce080a17296e2,1,0,0,4,L,A,1.0,1.0,relaxed,1
E4_after,734,615cbcbba617cba8,1,0,0,4,L,C,1.0,1.0,relaxed,0
E4_after,735,bd3cbbcdd595d86a,0,0,0,0,L,A,0.0,0.0,relaxed,0
E4_after,736,6b9845ec14cf58f1,1,0,0,4,L,A,1.0,1.0,strict,0
E4_after,737,a55eab73b294de26,0,0,0,0,L,C,0.0,0.0,relaxed,1
E4_after,738,73779d937da6659b,1,0,0,4,L,A,1.0,1.0,strict,0
E4_after,739,a60e95dce91fc1ea,0,1,1,3,S,A,1.0,1.0,relaxed,1
E4_after,740,8be0688f8987f971,0,0,0,0,L,C,0.0,0.0,relaxed,1
E4_after,741,d62398ce6bead193,1,1,1,7,S,A,1.0,1.0,relaxed,1
E4_after,742,8d9143d91e12245e,0,0,0,0,L,A,0.0,0.0,strict,1
E4_after,743,f8aabf51392c54c7,1,1,1,7,S,C,1.0,1.0,relaxed,1
E4_after,744,f4af85172691259e,1,0,1,5,S,A,1.0,1.0,relaxed,1
E4_after,745,9e0365d4fae22c53,1,1,1,7,S,A,1.0,1.0,relaxed,0
E4_after,746,af56480ec2d7995d,0,0,0,0,L,C,0.0,0.0,strict,1
E4_after,747,f13fe08db5b3f159,1,0,0,4,L,A,0.0,0.0,relaxed,1
E4_after,748,e06fc701290474e8,1,1,1,7,S,A,1.0,1.0,relaxed,0
E4_after,749,7675f9d012e03f91,1,1,1,7,S,C,0.0,0.0,strict,1
E4_after,750,1ad511b4aae8d50f,1,1,1,7,S,A,0.0,0.0,strict,0
E4_after,751,39fd57ed36a21ed1,0,0,0,0,L,A,1.0,1.0,relaxed,0
E4_after,752,96679d1c1f938245,0,1,1,3,S,C,1.0,1.0,strict,1
E4_after,753,d51b624093838e36,1,0,0,4,L,A,0.0,0.0,relaxed,1
E4_after,754,5713cec6719a614b,1,0,0,4,L,A,1.0,1.0,strict,1
E4_after,755,dd0b7441cd7e1c16,0,0,0,0,L,C,0.0,0.0,relaxed,0
E4_after,756,3ef9acc122103a54,1,1,1,7,S,A,0.0,0.0,relaxed,1
E4_after,757,54263422ba4d0bd6,1,0,1,5,S,A,0.0,0.0,strict,1
E4_after,758,f2a80e52a336d8c9,1,1,1,7,S,C,1.0,1.0,relaxed,0
E4_after,759,6f4b52a34fcb9b94,0,0,0,0,L,A,1.0,1.0,relaxed,1
E4_after,760,2d074a7d553ad556,0,0,0,0,L,A,1.0,1.0,relaxed,1
E4_after,761,4125a570234e7db4,0,0,0,0,L,C,1.0,1.0,strict,0
E4_after,762,b36fdd8b11e823c6,1,0,0,4,L,A,0.0,0.0,relaxed,0
E4_after,763,ed3614e54b5fdc93,0,0,0,0,L,A,0.0,0.0,relaxed,1
E4_after,764,31c89d9ed356b87c,1,0,0,4,L,C,1.0,1.0,strict,1
E4_after,765,901e5b4a774399ff,0,0,1,1,S,A,1.0,1.0,strict,1
E4_after,766,cd2dc6926cb2b7b3,1,0,0,4,L,A,0.0,0.0,relaxed,0
E4_after,767,65e9e5fe0b1efa3b,0,0,0,0,L,C,1.0,1.0,relaxed,1
E4_after,768,c7efd574c8ae9d18,1,0,0,4,L,A,0.0,0.0,strict,0
E4_after,769,d8c91883d1a6a184,0,1,1,3,S,A,1.0,1.0,relaxed,1
E4_after,770,6f6de0ce98a4be40,0,0,0,0,L,C,1.0,1.0,relaxed,1
E4_after,771,2bf911fea9761db0,0,0,0,0,L,A,1.0,1.0,relaxed,1
E4_after,772,f6a146b2cab916c5,0,1,1,3,S,A,1.0,1.0,relaxed,0
E4_after,773,f6abe3ea1010a1eb,0,1,1,3,S,C,1.0,1.0,relaxed,0
E4_after,774,794c33e55a9642ec,1,0,0,4,L,A,1.0,1.0,strict,1
E4_after,775,90d4962bc76ce87a,0,0,1,1,S,A,1.0,1.0,strict,1
E4_after,776,3fb7f3b20c986b43,0,0,0,0,L,C,1.0,1.0,relaxed,1
E4_after,777,d84e0890121d591f,0,1,1,3,S,A,1.0,1.0,relaxed,0
E4_after,778,8be0688f8987f971,0,0,0,0,L,A,0.0,0.0,relaxed,1
E4_after,779,8060d857cf1da745,1,1,1,7,S,C,1.0,1.0,relaxed,1
E4_after,780,8be0688f8987f971,0,0,0,0,L,A,0.0,0.0,relaxed,1
E4_after,781,7a24acb27194fbcb,1,1,1,7,S,A,0.0,0.0,strict,1
E4_after,782,0be8a43166ea2258,1,0,0,4,L,C,1.0,1.0,relaxed,1
E4_after,783,9fe9aa0aafda77d7,0,0,0,0,L,A,0.0,0.0,relaxed,1
E4_after,784,05364f8b954307b6,0,0,0,0,L,A,1.0,1.0,relaxed,1
E4_after,785,8130a805e8f0efc3,0,0,0,0,L,C,0.0,0.0,strict,1
E4_after,786,ef3b1039c215ed05,1,0,0,4,L,A,0.0,0.0,relaxed,1
E4_after,787,918f1f5664f7db68,1,0,0,4,L,A,0.0,0.0,relaxed,1
E4_after,788,803805b5c28265d6,1,1,1,7,S,C,1.0,1.0,relaxed,1
E4_after,789,59934091866152b1,0,0,0,0,L,A,1.0,1.0,relaxed,1
E4_after,790,23e713f5ef9d9f2b,1,0,0,4,L,A,1.0,1.0,strict,0
E4_after,791,c282fd7c9e35b011,1,1,1,7,S,C,1.0,1.0,relaxed,1
E4_after,792,ae0a0af6d0fb9e1d,1,1,1,7,S,A,1.0,1.0,strict,1
E4_after,793,88523c89404b0a5f,0,1,1,3,S,A,1.0,1.0,relaxed,1
E4_after,794,170df037c43fb3c5,0,0,0,0,L,C,1.0,1.0,relaxed,1
E4_after,795,2720715523951795,0,0,0,0,L,A,1.0,1.0,strict,1
E4_after,796,7f6b422641f0c458,1,0,0,4,L,A,1.0,1.0,relaxed,1
E4_after,797,4b446e18a1e3fb2e,0,0,0,0,L,C,1.0,1.0,relaxed,1
E4_after,798,8be0688f8987f971,0,0,0,0,L,A,0.0,0.0,relaxed,1
E4_after,799,e8f9fca9dad3bc24,0,1,1,3,S,A,1.0,1.0,relaxed,0
E4_after,800,8061a6bfde5dc1f3,1,1,1,7,S,C,1.0,1.0,relaxed,1
E4_after,801,794c33e55a9642ec,1,0,0,4,L,A,1.0,1.0,strict,1
E4_after,802,7845415775144de5,0,1,1,3,S,A,0.0,0.0,strict,1
E4_after,803,ce03e5c5bc536689,1,1,1,7,S,C,1.0,1.0,relaxed,1
E4_after,804,a3cc1947109aad4a,0,0,0,0,L,A,0.0,0.0,relaxed,1
E4_after,805,7840db048ef4d46c,0,1,1,3,S,A,0.0,0.0,strict,1
E4_after,806,794c33e55a9642ec,1,0,0,4,L,C,1.0,1.0,strict,1
E4_after,807,509a0a15b8d20006,0,0,1,1,S,A,0.0,0.0,relaxed,0
E4_after,808,bb8136847a5896b9,0,0,0,0,L,A,0.0,0.0,strict,1
E4_after,809,32bb4fdffc47e7e3,1,1,1,7,S,C,0.0,0.0,relaxed,0
E4_after,810,cfba079295464326,0,0,0,0,L,A,0.0,0.0,relaxed,0
E4_after,811,61d55500ea34b3b0,1,0,0,4,L,A,1.0,1.0,relaxed,1
E4_after,812,b5b0c9b78028ce4c,1,0,0,4,L,C,0.0,0.0,relaxed,1
E4_after,813,4415d86f0f7fdb55,0,0,1,1,S,A,0.0,0.0,relaxed,1
E4_after,814,40fbf15edb83523e,1,0,1,5,S,A,0.0,0.0,relaxed,0
E4_after,815,cfe3f326b18d9870,0,0,0,0,L,C,0.0,0.0,strict,1
E4_after,816,dd4fd3d8cb5d843a,0,0,0,0,L,A,0.0,0.0,relaxed,0
E4_after,817,250051514ae065ae,1,0,0,4,L,A,1.0,1.0,strict,1
E4_after,818,317263f626e4838b,1,0,0,4,L,C,1.0,1.0,strict,1
E4_after,819,2da31b4c4f849b6b,0,0,0,0,L,A,1.0,1.0,strict,1
E4_after,820,6625f5896a076b8f,0,1,1,3,S,A,0.0,0.0,relaxed,1
E4_after,821,4fefd764d612bd2c,1,0,0,4,L,C,1.0,1.0,relaxed,1
E4_after,822,5953796077ca7fd6,0,0,0,0,L,A,1.0,1.0,strict,1
E4_after,823,57167505009831a0,1,0,0,4,L,A,1.0,1.0,relaxed,1
E4_after,824,15afb5393f4fbc35,1,0,0,4,L,C,1.0,1.0,relaxed,1
E4_after,825,435a136cc44169f5,1,0,0,4,L,A,1.0,1.0,relaxed,0
E4_after,826,976b0cfb47cd7d2f,1,0,0,4,L,A,0.0,0.0,relaxed,0
E4_after,827,8af6312e3665b992,1,1,1,7,S,C,1.0,1.0,relaxed,1
E4_after,828,766ffd9008ebb8a4,1,1,1,7,S,A,0.0,0.0,relaxed,1
E4_after,829,ce03e5c5bc536689,1,1,1,7,S,A,1.0,1.0,relaxed,1
E4_after,830,d3410a102a3c695c,1,0,0,4,L,C,0.0,0.0,strict,1
E4_after,831,37af81e2b8ae8e73,1,0,0,4,L,A,1.0,1.0,relaxed,0
E4_after,832,df1d7ec555f14d20,1,0,0,4,L,A,0.0,0.0,relaxed,0
E4_after,833,11adb3fe3e3781f8,0,0,0,0,L,C,1.0,1.0,strict,1
E4_after,834,794c33e55a9642ec,1,0,0,4,L,A,1.0,1.0,strict,1
E4_after,835,17ec3bdaa206078b,0,0,0,0,L,A,1.0,1.0,relaxed,0
E4_after,836,6827a50df048b188,1,1,1,7,S,C,0.0,0.0,relaxed,0
E4_after,837,a6ffe6e892645e2c,0,1,1,3,S,A,1.0,1.0,relaxed,0
E4_after,838,d8d318990263692c,0,1,1,3,S,A,1.0,1.0,relaxed,0
E4_after,839,8be0688f8987f971,0,0,0,0,L,C,0.0,0.0,relaxed,1
E4_after,840,eea0b54132b4966e,0,1,1,3,S,A,1.0,1.0,strict,1
E4_after,841,2bdf23b4f80581e0,0,0,0,0,L,A,1.0,1.0,strict,0
E4_after,842,823fa0ea55dbcfd0,0,1,1,3,S,C,1.0,1.0,relaxed,1
E4_after,843,7f6b422641f0c458,1,0,0,4,L,A,1.0,1.0,relaxed,1
E4_after,844,f44d172b83804e89,1,0,1,5,S,A,1.0,1.0,strict,1
E4_after,845,2d074a7d553ad556,0,0,0,0,L,C,1.0,1.0,relaxed,1
E4_after,846,cc40faaab7bcbfe0,0,0,1,1,S,A,1.0,1.0,strict,1
E4_after,847,d91999c3b0f50981,1,0,0,4,L,A,0.0,0.0,relaxed,0
E4_after,848,3b4cd3699320457e,1,0,0,4,L,C,1.0,1.0,relaxed,1
E4_after,849,ca15f645bbe7fca4,0,1,1,3,S,A,1.0,1.0,relaxed,1
E4_after,850,afd88081a2e8c742,0,0,0,0,L,A,0.0,0.0,relaxed,0
E4_after,851,c2f6b7314ee7f4e0,1,1,1,7,S,C,1.0,1.0,strict,0
E4_after,852,b787f0570f5af952,0,0,0,0,L,A,0.0,0.0,strict,0
E4_after,853,9463b66bc6f15984,1,0,1,5,S,A,1.0,1.0,strict,1
E4_after,854,e7047911ddf26fee,0,0,0,0,L,C,0.0,0.0,relaxed,1
E4_after,855,14bd46aeada114ec,0,0,1,1,S,A,0.0,0.0,strict,1
E4_after,856,8be0688f8987f971,0,0,0,0,L,A,0.0,0.0,relaxed,1
E4_after,857,e6577d995d1af330,1,1,1,7,S,C,1.0,1.0,relaxed,1
E4_after,858,3f789f03e16b226f,0,0,0,0,L,A,1.0,1.0,relaxed,1
E4_after,859,f9131536f1f6886c,0,0,0,0,L,A,0.0,0.0,relaxed,0
E4_after,860,f92eaefeff6860ef,0,0,0,0,L,C,0.0,0.0,relaxed,1
E4_after,861,77e04e89fa6f474b,0,0,0,0,L,A,1.0,1.0,relaxed,1
E4_after,862,2f5c81e9c3f41dda,1,0,0,4,L,A,1.0,1.0,strict,0
E4_after,863,2822f906f76eb104,0,1,1,3,S,C,0.0,0.0,relaxed,1
E4_after,864,a2ae08011c8d39a6,1,1,1,7,S,A,1.0,1.0,relaxed,0
E4_after,865,3dc0935ae74b1007,1,0,0,4,L,A,1.0,1.0,relaxed,1
E4_after,866,201db73eebc23839,1,1,1,7,S,C,0.0,0.0,relaxed,1
E4_after,867,8be0688f8987f971,0,0,0,0,L,A,0.0,0.0,relaxed,1
E4_after,868,4c56ee3dc40b9aa0,1,0,1,5,S,A,0.0,0.0,relaxed,1
E4_after,869,794c33e55a9642ec,1,0,0,4,L,C,1.0,1.0,strict,1
E4_after,870,20b0a3a3051c5f46,1,1,1,7,S,A,0.0,0.0,relaxed,0
E4_after,871,18ca6e381ce21bc3,0,1,1,3,S,A,0.0,0.0,relaxed,0
E4_after,872,216d9bbd5e566356,0,0,0,0,L,C,1.0,1.0,relaxed,1
E4_after,873,8be0688f8987f971,0,0,0,0,L,A,0.0,0.0,relaxed,1
E4_after,874,7856bda514206cfb,0,1,1,3,S,A,0.0,0.0,relaxed,0
E4_after,875,d11d5b15e133d0a6,0,0,0,0,L,C,0.0,0.0,strict,0
E4_after,876,df9168f7f60c0a90,1,0,0,4,L,A,0.0,0.0,relaxed,1
E4_after,877,8e2a36f91faa413d,0,1,1,3,S,A,1.0,1.0,relaxed,1
E4_after,878,ef3b1039c215ed05,1,0,0,4,L,C,0.0,0.0,strict,1
E4_after,879,53ff489a0f5e9f4b,0,0,0,0,L,A,1.0,1.0,relaxed,0
E4_after,880,7e52d1e37044996a,0,1,1,3,S,A,0.0,0.0,relaxed,0
E4_after,881,cbf152dc23deeb53,1,0,0,4,L,C,0.0,0.0,relaxed,1
E4_after,882,c51379750b830b02,0,0,0,0,L,A,0.0,0.0,strict,1
E4_after,883,139090b1ded76568,1,0,0,4,L,A,1.0,1.0,relaxed,0
E4_after,884,bf492659d85d444e,1,0,0,4,L,C,0.0,0.0,relaxed,0
E4_after,885,57167505009831a0,1,0,0,4,L,A,1.0,1.0,relaxed,1
E4_after,886,794c33e55a9642ec,1,0,0,4,L,A,1.0,1.0,strict,1
E4_after,887,50a8064b8e4ec2a4,0,0,1,1,S,C,0.0,0.0,relaxed,1
E4_after,888,3891bdf9862917e7,1,1,1,7,S,A,0.0,0.0,relaxed,0
E4_after,889,546bcb34bf700ee2,1,0,1,5,S,A,0.0,0.0,relaxed,0
E4_after,890,2f795080b162bd67,1,0,0,4,L,C,1.0,1.0,relaxed,1
E4_after,891,8be0688f8987f971,0,0,0,0,L,A,0.0,0.0,relaxed,1
E4_after,892,ce03e5c5bc536689,1,1,1,7,S,A,1.0,1.0,relaxed,1
E4_after,893,84a0e7f9f300765a,0,0,1,1,S,C,1.0,1.0,strict,0
E4_after,894,63d601636e912322,0,0,0,0,L,A,1.0,1.0,relaxed,0
E4_after,895,768bd7c6bc81bbfc,1,1,1,7,S,A,0.0,0.0,relaxed,0
E4_after,896,482b24b267fa9043,0,1,1,3,S,C,0.0,0.0,relaxed,1
E4_after,897,ffcbb4daa4bb612f,0,0,0,0,L,A,0.0,0.0,relaxed,0
E4_after,898,3b4cd3699320457e,1,0,0,4,L,A,1.0,1.0,relaxed,1
E4_after,899,0a8026936ec306dd,0,1,1,3,S,C,0.0,0.0,relaxed,0
E4_after,900,8be0688f8987f971,0,0,0,0,L,A,0.0,0.0,relaxed,1
E4_after,901,2bf4ead54d740607,0,0,0,0,L,A,1.0,1.0,relaxed,0
E4_after,902,8be0688f8987f971,0,0,0,0,L,C,0.0,0.0,relaxed,1
E4_after,903,fe764f3fbbf8eda6,1,1,1,7,S,A,1.0,1.0,relaxed,0
E4_after,904,a23d31d3498e397e,1,1,1,7,S,A,1.0,1.0,relaxed,0
E4_after,905,201db73eebc23839,1,1,1,7,S,C,0.0,0.0,strict,1
E4_after,906,24357616029354ff,0,0,1,1,S,A,0.0,0.0,relaxed,0
E4_after,907,330167471411bd7c,0,0,0,0,L,A,1.0,1.0,relaxed,1
E4_after,908,7fe7de769247db58,1,0,0,4,L,C,1.0,1.0,relaxed,0
E4_after,909,31ea035660c7571a,1,0,0,4,L,A,1.0,1.0,relaxed,1
E4_after,910,8310dd5d79f37824,1,0,0,4,L,A,0.0,0.0,strict,1
E4_after,911,9fcc4437a0a57324,0,0,0,0,L,C,0.0,0.0,strict,1
E4_after,912,2fe1d5ab46eecd50,1,0,0,4,L,A,1.0,1.0,strict,0
E4_after,913,2deda52871e88664,0,0,0,0,L,A,1.0,1.0,relaxed,0
E4_after,914,36276dd68cc53767,0,1,1,3,S,C,0.0,0.0,relaxed,0
E4_after,915,6d45307b492c31d9,1,0,0,4,L,A,1.0,1.0,relaxed,0
E4_after,916,75bbfe282af1e58f,1,0,0,4,L,A,1.0,1.0,relaxed,1
E4_after,917,8be0688f8987f971,0,0,0,0,L,C,0.0,0.0,relaxed,1
E4_after,918,794c33e55a9642ec,1,0,0,4,L,A,1.0,1.0,strict,1
E4_after,919,dc0501b72b9dda80,1,0,1,5,S,A,1.0,1.0,relaxed,0
E4_after,920,e75ae4c1b58fec3b,0,0,0,0,L,C,0.0,0.0,relaxed,1
E4_after,921,f38d1c896fbd9db3,0,0,0,0,L,A,0.0,0.0,strict,1
E4_after,922,32860972e015c4c1,1,1,1,7,S,A,0.0,0.0,strict,1
E4_after,923,0c53d07e5f141add,0,0,1,1,S,C,0.0,0.0,relaxed,1
E4_after,924,8297fe756366b70c,0,1,1,3,S,A,1.0,1.0,relaxed,1
E4_after,925,42f49c3c43b37651,0,1,1,3,S,A,0.0,0.0,relaxed,0
E4_after,926,87c405455f606cd8,0,0,0,0,L,C,0.0,0.0,relaxed,0
E4_after,927,77e04e89fa6f474b,0,0,0,0,L,A,1.0,1.0,relaxed,1
E4_after,928,3dcd9e2acdc865ee,1,0,0,4,L,A,1.0,1.0,relaxed,1
E4_after,929,794c33e55a9642ec,1,0,0,4,L,C,1.0,1.0,strict,1
E4_after,930,ce03e5c5bc536689,1,1,1,7,S,A,1.0,1.0,relaxed,1
E4_after,931,21b8708192e7e381,0,0,0,0,L,A,1.0,1.0,relaxed,0
E4_after,932,7f6b422641f0c458,1,0,0,4,L,C,1.0,1.0,relaxed,1
E4_after,933,41facf6c0576ac3f,0,0,0,0,L,A,1.0,1.0,relaxed,0
E4_after,934,5dff519574eeb1f8,1,0,0,4,L,A,1.0,1.0,relaxed,0
E4_after,935,81e7cd4fd38b655b,0,0,0,0,L,C,0.0,0.0,strict,0
E4_after,936,d6384b52611f4639,1,1,1,7,S,A,1.0,1.0,relaxed,1
E4_after,937,2325ad8a5a4b3ea9,1,0,0,4,L,A,1.0,1.0,relaxed,1
E4_after,938,d94a0d33630412e4,1,0,0,4,L,C,0.0,0.0,relaxed,1
E4_after,939,ea4f8795eddc7cf3,1,1,1,7,S,A,1.0,1.0,strict,1
E4_after,940,fb7b4a22e71334ab,1,0,0,4,L,A,0.0,0.0,relaxed,1
E4_after,941,9d30338ed303ebed,1,0,0,4,L,C,0.0,0.0,relaxed,1
E4_after,942,993e10d3bfad8529,0,0,0,0,L,A,0.0,0.0,relaxed,0
E4_after,943,632ea5225350f14f,0,0,0,0,L,A,1.0,1.0,strict,1
E4_after,944,60240ee6ccc8a44a,0,1,1,3,S,C,0.0,0.0,relaxed,1
E4_after,945,da89c2515c208b04,1,1,1,7,S,A,1.0,1.0,strict,1
E4_after,946,9854541832e83251,1,1,1,7,S,A,1.0,1.0,relaxed,1
E4_after,947,8be0688f8987f971,0,0,0,0,L,C,0.0,0.0,relaxed,1
E4_after,948,38205d03a87a6d52,1,1,1,7,S,A,0.0,0.0,relaxed,0
E4_after,949,77e04e89fa6f474b,0,0,0,0,L,A,1.0,1.0,relaxed,1
E4_after,950,750e5176669652fb,1,0,0,4,L,C,1.0,1.0,relaxed,1
E4_after,951,a0923b7dadccb025,0,1,1,3,S,A,1.0,1.0,strict,1
E4_after,952,77e04e89fa6f474b,0,0,0,0,L,A,1.0,1.0,relaxed,1
E4_after,953,0fa64dcddeda2540,0,0,0,0,L,C,1.0,1.0,relaxed,0
E4_after,954,fe1e767dae5d949c,1,1,1,7,S,A,1.0,1.0,strict,1
E4_after,955,8be0688f8987f971,0,0,0,0,L,A,0.0,0.0,relaxed,1
E4_after,956,76b4b61b6b750428,1,1,1,7,S,C,0.0,0.0,relaxed,1
E4_after,957,201db73eebc23839,1,1,1,7,S,A,0.0,0.0,relaxed,1
E4_after,958,8be0688f8987f971,0,0,0,0,L,A,0.0,0.0,relaxed,1
E4_after,959,93fb8aa436f728c4,0,0,0,0,L,C,0.0,0.0,strict,1
E4_after,960,6bff8ab812da73e7,1,0,0,4,L,A,1.0,1.0,strict,1
E4_after,961,794c33e55a9642ec,1,0,0,4,L,A,1.0,1.0,strict,1
E4_after,962,f1359e525dee7b01,1,0,0,4,L,C,0.0,0.0,strict,1
E4_after,963,bef01878b7bdb28c,0,1,1,3,S,A,1.0,1.0,relaxed,1
E4_after,964,91a850219c8f5efc,1,0,0,4,L,A,0.0,0.0,relaxed,0
E4_after,965,57167505009831a0,1,0,0,4,L,C,1.0,1.0,relaxed,1
E4_after,966,1f75ab5009275236,1,0,0,4,L,A,1.0,1.0,relaxed,1
E4_after,967,15afb5393f4fbc35,1,0,0,4,L,A,1.0,1.0,relaxed,1
E4_after,968,da23999323e2f01f,1,1,1,7,S,C,1.0,1.0,relaxed,1
E4_after,969,942c136b711cc0b6,1,0,1,5,S,A,1.0,1.0,relaxed,1
E4_after,970,8be0688f8987f971,0,0,0,0,L,A,0.0,0.0,relaxed,1
E4_after,971,15afb5393f4fbc35,1,0,0,4,L,C,1.0,1.0,relaxed,1
E4_after,972,3c9ed3ef9c3d7803,0,0,1,1,S,A,0.0,0.0,relaxed,1
E4_after,973,de2983b961862a69,0,1,1,3,S,A,1.0,1.0,relaxed,1
E4_after,974,600f18f667bdde36,0,1,1,3,S,C,0.0,0.0,relaxed,0
E4_after,975,5eae6c59c5542632,1,1,1,7,S,A,0.0,0.0,relaxed,1
E4_after,976,5d775d39da164481,1,0,0,4,L,A,1.0,1.0,strict,1
E4_after,977,794c33e55a9642ec,1,0,0,4,L,C,1.0,1.0,strict,1
E4_after,978,f467b02ba95debbb,1,0,1,5,S,A,1.0,1.0,relaxed,0
E4_after,979,3b4cd3699320457e,1,0,0,4,L,A,1.0,1.0,relaxed,1
E4_after,980,90b77a885612bacb,0,0,1,1,S,C,1.0,1.0,relaxed,1
E4_after,981,fd9ac1cbd64ffb4e,1,0,0,4,L,A,0.0,0.0,relaxed,1
E4_after,982,ba78227b6e0d6075,1,1,1,7,S,A,1.0,1.0,strict,1
E4_after,983,8be0688f8987f971,0,0,0,0,L,C,0.0,0.0,relaxed,1
E4_after,984,72f51bf873180752,0,1,1,3,S,A,0.0,0.0,relaxed,1
E4_after,985,1b111cf4f7602955,0,0,0,0,L,A,1.0,1.0,relaxed,1
E4_after,986,8be0688f8987f971,0,0,0,0,L,C,0.0,0.0,relaxed,1
E4_after,987,56b7f68077072c65,0,1,1,3,S,A,0.0,0.0,relaxed,0
E4_after,988,f4af85172691259e,1,0,1,5,S,A,1.0,1.0,relaxed,1
E4_after,989,8be0688f8987f971,0,0,0,0,L,C,0.0,0.0,relaxed,1
E4_after,990,e7b54a043a96928b,0,0,0,0,L,A,0.0,0.0,strict,1
E4_after,991,7457e63beaf99b90,0,0,1,1,S,A,0.0,0.0,relaxed,0
E4_after,992,08ab1781dabdfe73,1,1,1,7,S,C,0.0,0.0,strict,0
E4_after,993,6b84a78d99a12252,1,0,0,4,L,A,1.0,1.0,relaxed,1
E4_after,994,a9e0085c3e031484,0,0,0,0,L,A,0.0,0.0,relaxed,1
E4_after,995,8be0688f8987f971,0,0,0,0,L,C,0.0,0.0,relaxed,1
E4_after,996,794c33e55a9642ec,1,0,0,4,L,A,1.0,1.0,strict,1
E4_after,997,c9f11cf6bfe51349,0,0,0,0,L,A,0.0,0.0,relaxed,0
E4_after,998,798d5b44fe3d4e09,1,0,0,4,L,C,1.0,1.0,strict,1
E4_after,999,84e581706d7cff78,0,0,1,1,S,A,1.0,1.0,relaxed,0
E4_after,1000,25acd43cbac1f68a,1,0,0,4,L,A,1.0,1.0,strict,1
E4_after,1001,218c86a10eef5b7b,0,0,0,0,L,C,1.0,1.0,relaxed,0
E4_after,1002,5a1c12a40bd0a11f,0,1,1,3,S,A,0.0,0.0,relaxed,0
E4_after,1003,7f6b422641f0c458,1,0,0,4,L,A,1.0,1.0,relaxed,1
E4_after,1004,d2efe79d28f2eaba,0,1,1,3,S,C,1.0,1.0,relaxed,1
E4_after,1005,397aa697d39c7d52,0,0,0,0,L,A,1.0,1.0,strict,0
E4_after,1006,38232cb4ae14d4dd,1,1,1,7,S,A,0.0,0.0,relaxed,1
E4_after,1007,73acc65012527f83,1,0,0,4,L,C,1.0,1.0,relaxed,0
E4_after,1008,0225f119bd85f378,1,1,1,7,S,A,0.0,0.0,relaxed,0
E4_after,1009,64a84475b7792857,1,0,1,5,S,A,0.0,0.0,strict,0
E4_after,1010,4f31607e9da32b4e,1,0,0,4,L,C,1.0,1.0,strict,1
E4_after,1011,8be0688f8987f971,0,0,0,0,L,A,0.0,0.0,relaxed,1
E4_after,1012,6faafba9ce6c7542,0,0,0,0,L,A,1.0,1.0,relaxed,0
E4_after,1013,617ecafa04faf853,1,0,0,4,L,C,1.0,1.0,relaxed,1
E4_after,1014,6bfeb005f76671e9,1,0,0,4,L,A,1.0,1.0,strict,0
E4_after,1015,8be0688f8987f971,0,0,0,0,L,A,0.0,0.0,relaxed,1
E4_after,1016,f32aa29cfc547692,0,0,0,0,L,C,0.0,0.0,relaxed,0
E4_after,1017,15afb5393f4fbc35,1,0,0,4,L,A,1.0,1.0,relaxed,1
E4_after,1018,e41aa959368df4cb,0,0,1,1,S,A,1.0,1.0,strict,1
E4_after,1019,681b1155753bae32,1,1,1,7,S,C,0.0,0.0,relaxed,1
E4_after,1020,94e4a0166e34e037,1,0,1,5,S,A,1.0,1.0,relaxed,0
E4_after,1021,9f4b08e3af8fb0e7,0,0,0,0,L,A,0.0,0.0,strict,1
E4_after,1022,794c33e55a9642ec,1,0,0,4,L,C,1.0,1.0,strict,1
E4_after,1023,7f6b422641f0c458,1,0,0,4,L,A,1.0,1.0,relaxed,1
E4_after,1024,ec83964aab686f70,1,0,1,5,S,A,1.0,1.0,strict,1
E4_after,1025,77e04e89fa6f474b,0,0,0,0,L,C,1.0,1.0,relaxed,1
E4_after,1026,316469f0140c50c3,1,0,0,4,L,A,1.0,1.0,strict,1
E4_after,1027,bfdad680f40ef911,1,0,0,4,L,A,0.0,0.0,relaxed,0
E4_after,1028,8be0688f8987f971,0,0,0,0,L,C,0.0,0.0,relaxed,1
E4_after,1029,2d074a7d553ad556,0,0,0,0,L,A,1.0,1.0,relaxed,1
E4_after,1030,d7ebc7e6f7e4fde6,0,0,0,0,L,A,0.0,0.0,relaxed,1
E4_after,1031,19fdf250b52a0627,1,0,0,4,L,C,1.0,1.0,relaxed,1
E4_after,1032,a116027fdbeb090c,1,0,0,4,L,A,0.0,0.0,relaxed,1
E4_after,1033,aa2fa776c5223c7d,0,1,1,3,S,A,1.0,1.0,relaxed,0
E4_after,1034,7c98038b282b726d,1,0,1,5,S,C,0.0,0.0,relaxed,0
E4_after,1035,ce03e5c5bc536689,1,1,1,7,S,A,1.0,1.0,relaxed,1
E4_after,1036,61a3c56c18798bd6,1,0,0,4,L,A,1.0,1.0,relaxed,0
E4_after,1037,a197f0cbace8a33c,1,0,0,4,L,C,0.0,0.0,relaxed,1
E4_after,1038,794c33e55a9642ec,1,0,0,4,L,A,1.0,1.0,strict,1
E4_after,1039,59d8ce00ee0b8859,0,0,0,0,L,A,1.0,1.0,relaxed,1
E4_after,1040,3e859c2fc5a8db88,1,1,1,7,S,C,0.0,0.0,relaxed,1
E4_after,1041,ba99ae45aef54da2,1,1,1,7,S,A,1.0,1.0,relaxed,1
E4_after,1042,ce03e5c5bc536689,1,1,1,7,S,A,1.0,1.0,relaxed,1
E4_after,1043,3e7853d245919f7f,1,1,1,7,S,C,0.0,0.0,strict,1
E4_after,1044,cd4979680150af42,1,0,0,4,L,A,0.0,0.0,relaxed,1
E4_after,1045,fbe50ed75d343e3a,1,0,0,4,L,A,0.0,0.0,strict,0
E4_after,1046,3b4cd3699320457e,1,0,0,4,L,C,1.0,1.0,relaxed,1
E4_after,1047,67e23f26efc0358b,1,0,0,4,L,A,1.0,1.0,relaxed,0
E4_after,1048,8be0688f8987f971,0,0,0,0,L,A,0.0,0.0,relaxed,1
E4_after,1049,6c3add5eba0f2f9e,0,0,1,1,S,C,0.0,0.0,relaxed,1
E4_after,1050,6c9ea305af4c197c,0,0,1,1,S,A,0.0,0.0,strict,1
E4_after,1051,0324ca8d68b7b390,0,0,0,0,L,A,1.0,1.0,relaxed,1
E4_after,1052,fc178848511f15d7,0,0,1,1,S,C,1.0,1.0,relaxed,1
E4_after,1053,c5b52de1774d3669,0,0,0,0,L,A,0.0,0.0,relaxed,0
E4_after,1054,a2faaa94472ec831,1,1,1,7,S,A,1.0,1.0,strict,0
E4_after,1055,a1c1112cfc5b8bcc,1,0,0,4,L,C,0.0,0.0,relaxed,1
E4_after,1056,ef3b1039c215ed05,1,0,0,4,L,A,0.0,0.0,relaxed,1
E4_after,1057,f13f60ae47176784,1,0,0,4,L,A,0.0,0.0,relaxed,0
E4_after,1058,fcc8bca9e23fcd2b,0,0,1,1,S,C,1.0,1.0,relaxed,1
E4_after,1059,76911917a14da348,1,1,1,7,S,A,0.0,0.0,relaxed,0
E4_after,1060,be7a77cc3e49c0ab,0,1,1,3,S,A,1.0,1.0,relaxed,1
E4_after,1061,ba22ddb17b5b080e,1,1,1,7,S,C,1.0,1.0,relaxed,1
E4_after,1062,ce03e5c5bc536689,1,1,1,7,S,A,1.0,1.0,relaxed,1
E4_after,1063,8be0688f8987f971,0,0,0,0,L,A,0.0,0.0,relaxed,1
E4_after,1064,b8c69518018ca8bc,0,1,1,3,S,C,1.0,1.0,relaxed,1
E4_after,1065,15afb5393f4fbc35,1,0,0,4,L,A,1.0,1.0,relaxed,1
E4_after,1066,6590ac0b75de8987,0,0,0,0,L,A,1.0,1.0,relaxed,1
E4_after,1067,6275e40944fc1bbe,1,1,1,7,S,C,0.0,0.0,relaxed,0
E4_after,1068,89b33a29e1652363,1,0,0,4,L,A,0.0,0.0,relaxed,0
E4_after,1069,50d691ab48da1583,0,0,1,1,S,A,0.0,0.0,relaxed,0
E4_after,1070,de1b2fac5b3947e6,0,1,1,3,S,C,1.0,1.0,relaxed,1
E4_after,1071,8be0688f8987f971,0,0,0,0,L,A,0.0,0.0,relaxed,1
E4_after,1072,8be0688f8987f971,0,0,0,0,L,A,0.0,0.0,relaxed,1
E4_after,1073,c8cadec57e8e7bee,1,1,1,7,S,C,1.0,1.0,strict,0
E4_after,1074,d9ac7eafa8df7b75,1,0,0,4,L,A,0.0,0.0,relaxed,0
E4_after,1075,7d49b8e0a8499047,0,0,0,0,L,A,1.0,1.0,relaxed,0
E4_after,1076,2f4fa91cc0bb8ae7,1,0,0,4,L,C,1.0,1.0,strict,1
E4_after,1077,c28ab8d0f56b3c63,1,1,1,7,S,A,1.0,1.0,relaxed,1
E4_after,1078,794c33e55a9642ec,1,0,0,4,L,A,1.0,1.0,strict,1
E4_after,1079,19fdf250b52a0627,1,0,0,4,L,C,1.0,1.0,relaxed,1
E4_after,1080,77e04e89fa6f474b,0,0,0,0,L,A,1.0,1.0,relaxed,1
E4_after,1081,e8c82f89f6fe15a9,0,1,1,3,S,A,1.0,1.0,relaxed,0
E4_after,1082,530d21d59a1909e9,0,0,0,0,L,C,1.0,1.0,relaxed,0
E4_after,1083,dca7496bd5fc6904,1,0,1,5,S,A,1.0,1.0,relaxed,0
E4_after,1084,a7ebc76a4496d4bc,1,0,0,4,L,A,0.0,0.0,strict,0
E4_after,1085,794c33e55a9642ec,1,0,0,4,L,C,1.0,1.0,strict,1
E4_after,1086,820a62a8d6844e34,0,1,1,3,S,A,1.0,1.0,strict,1
E4_after,1087,3af71f1591bd55cc,0,1,1,3,S,A,0.0,0.0,relaxed,0
E4_after,1088,51e3ab807a74e249,1,0,0,4,L,C,1.0,1.0,relaxed,0
E4_after,1089,f48a659c17877e9b,1,0,1,5,S,A,1.0,1.0,relaxed,0
E4_after,1090,1f6137ffaa8bd05f,1,0,0,4,L,A,1.0,1.0,relaxed,0
E4_after,1091,80345a12bb0b50ce,1,1,1,7,S,C,1.0,1.0,relaxed,0
E4_after,1092,d4fdad882bc19945,0,0,1,1,S,A,1.0,1.0,strict,1
E4_after,1093,794c33e55a9642ec,1,0,0,4,L,A,1.0,1.0,strict,1
E4_after,1094,3099a940bdd08206,0,0,1,1,S,C,0.0,0.0,strict,1
E4_after,1095,e107c914eaea2742,0,0,0,0,L,A,0.0,0.0,strict,1
E4_after,1096,d887b692357deb8b,0,1,1,3,S,A,1.0,1.0,relaxed,1
E4_after,1097,e8756ef6749a7afc,0,1,1,3,S,C,1.0,1.0,relaxed,0
E4_after,1098,ba444d4f237a2b5e,1,1,1,7,S,A,1.0,1.0,relaxed,0
E4_after,1099,8be0688f8987f971,0,0,0,0,L,A,0.0,0.0,relaxed,1
E4_after,1100,851e429e62556024,1,0,0,4,L,C,0.0,0.0,relaxed,0
E4_after,1101,b38bfae2f5d597f0,1,0,0,4,L,A,0.0,0.0,relaxed,0
E4_after,1102,5686e29516966fe8,0,1,1,3,S,A,0.0,0.0,relaxed,0
E4_after,1103,29301304dc8bfe86,1,0,0,4,L,C,1.0,1.0,relaxed,1
E4_after,1104,19fdf250b52a0627,1,0,0,4,L,A,1.0,1.0,relaxed,1
E4_after,1105,2b083b71a3c76ed5,0,0,0,0,L,A,1.0,1.0,relaxed,0
E4_after,1106,794c33e55a9642ec,1,0,0,4,L,C,1.0,1.0,relaxed,1
E4_after,1107,409ee5785be4d715,1,0,1,5,S,A,0.0,0.0,relaxed,1
E4_after,1108,49d2c3a19cf8c6fc,1,0,0,4,L,A,1.0,1.0,relaxed,1
E4_after,1109,b00231abf2905958,1,0,1,5,S,C,1.0,1.0,relaxed,1
E4_after,1110,337b8a3feaffb176,0,0,0,0,L,A,1.0,1.0,strict,1
E4_after,1111,3a2a80fa1565b4a4,0,1,1,3,S,A,0.0,0.0,relaxed,0
E4_after,1112,a61264174edd2f5b,0,1,1,3,S,C,1.0,1.0,relaxed,0
E4_after,1113,cd83964855106950,1,0,0,4,L,A,0.0,0.0,relaxed,0
E4_after,1114,da34db50ecf53263,1,1,1,7,S,A,1.0,1.0,relaxed,0
E4_after,1115,7eabfd3229b3decc,0,1,1,3,S,C,0.0,0.0,relaxed,1
E4_after,1116,ae10fe529c0136fe,1,1,1,7,S,A,1.0,1.0,relaxed,0
E4_after,1117,98ef91cd9e325a0f,1,1,1,7,S,A,1.0,1.0,relaxed,1
E4_after,1118,15afb5393f4fbc35,1,0,0,4,L,C,1.0,1.0,relaxed,1
E4_after,1119,8be0688f8987f971,0,0,0,0,L,A,0.0,0.0,relaxed,1
E4_after,1120,d9ef88e2aff64089,1,0,0,4,L,A,0.0,0.0,relaxed,0
E4_after,1121,adaa04b845dc9111,1,0,0,4,L,C,0.0,0.0,relaxed,1
E4_after,1122,563b7f90a6c716c5,0,1,1,3,S,A,0.0,0.0,strict,1
E4_after,1123,22e7078b6efb29d4,0,1,1,3,S,A,0.0,0.0,strict,1
E4_after,1124,dab59cb44b4fc623,1,1,1,7,S,C,1.0,1.0,relaxed,1
E4_after,1125,e0cf3e5fd18cb20b,1,1,1,7,S,A,1.0,1.0,strict,0
E4_after,1126,78ae7dd60a20dffc,0,1,1,3,S,A,0.0,0.0,relaxed,1
E4_after,1127,729a238ad4b44351,0,1,1,3,S,C,0.0,0.0,relaxed,1
E4_after,1128,7177a2f3369da007,0,0,0,0,L,A,1.0,1.0,relaxed,1
E4_after,1129,cfdaafb756016f54,0,0,0,0,L,A,0.0,0.0,relaxed,0
E4_after,1130,95bf7972b05b27f1,0,0,0,0,L,C,0.0,0.0,relaxed,0
E4_after,1131,ffea4882e937dfaf,0,0,0,0,L,A,0.0,0.0,relaxed,0
E4_after,1132,15afb5393f4fbc35,1,0,0,4,L,A,1.0,1.0,relaxed,1
E4_after,1133,6569e3dcfd90d3ee,0,0,0,0,L,C,1.0,1.0,relaxed,0
E4_after,1134,2239be29715a3cdd,0,1,1,3,S,A,0.0,0.0,relaxed,0
E4_after,1135,c0f078ee09657908,0,0,1,1,S,A,1.0,1.0,relaxed,1
E4_after,1136,384530b9eaeb0a11,1,1,1,7,S,C,0.0,0.0,strict,0
E4_after,1137,681b1155753bae32,1,1,1,7,S,A,0.0,0.0,strict,1
E4_after,1138,dce96c1e8723dd47,1,0,1,5,S,A,1.0,1.0,strict,1
E4_after,1139,ed6a591be8b38b56,0,0,0,0,L,C,0.0,0.0,relaxed,1
E4_after,1140,2398892dc9df2cc7,1,0,0,4,L,A,1.0,1.0,relaxed,0
E4_after,1141,766ffd9008ebb8a4,1,1,1,7,S,A,0.0,0.0,relaxed,1
E4_after,1142,71045d53c1e1bcd4,0,0,0,0,L,C,1.0,1.0,relaxed,1
E4_after,1143,fb1a97bd185c58f1,1,0,0,4,L,A,0.0,0.0,relaxed,0
E4_after,1144,794c33e55a9642ec,1,0,0,4,L,A,1.0,1.0,strict,1
E4_after,1145,bb0d796e778f5451,0,0,0,0,L,C,0.0,0.0,strict,1
E4_after,1146,7f6b422641f0c458,1,0,0,4,L,A,1.0,1.0,relaxed,1
E4_after,1147,8be0688f8987f971,0,0,0,0,L,A,0.0,0.0,relaxed,1
E4_after,1148,cc4cc0cb705756dc,0,0,1,1,S,C,1.0,1.0,relaxed,1
E4_after,1149,794c33e55a9642ec,1,0,0,4,L,A,1.0,1.0,strict,1
E4_after,1150,da5637edc31d7afd,1,1,1,7,S,A,1.0,1.0,relaxed,0
E4_after,1151,b8e771c26c60d80f,0,1,1,3,S,C,1.0,1.0,relaxed,1
E4_after,1152,9b3bae022cb7b1d0,1,0,0,4,L,A,0.0,0.0,relaxed,1
E4_after,1153,da04b630c7892686,1,1,1,7,S,A,1.0,1.0,strict,1
E4_after,1154,000b7715d42e8ad6,0,0,1,1,S,C,0.0,0.0,relaxed,1
E4_after,1155,12de79e0e3427a71,0,1,1,3,S,A,0.0,0.0,relaxed,0
E4_after,1156,8be0688f8987f971,0,0,0,0,L,A,0.0,0.0,relaxed,1
E4_after,1157,794c33e55a9642ec,1,0,0,4,L,C,1.0,1.0,strict,1
E4_after,1158,8063040451273061,1,1,1,7,S,A,1.0,1.0,strict,1
E4_after,1159,15afb5393f4fbc35,1,0,0,4,L,A,1.0,1.0,relaxed,1
E4_after,1160,8be0688f8987f971,0,0,0,0,L,C,0.0,0.0,relaxed,1
E4_after,1161,6da5566d64f83751,1,0,0,4,L,A,1.0,1.0,relaxed,1
E4_after,1162,f2255202f687ebd3,1,1,1,7,S,A,1.0,1.0,relaxed,1
E4_after,1163,b044299aa17fb0fb,1,0,1,5,S,C,1.0,1.0,relaxed,1
E4_after,1164,d62398ce6bead193,1,1,1,7,S,A,1.0,1.0,relaxed,1
E4_after,1165,16fb18910959f098,1,1,1,7,S,A,0.0,0.0,relaxed,0
E4_after,1166,6f0951fb659bc5ee,0,0,0,0,L,C,1.0,1.0,strict,1
E4_after,1167,cefab8233399c609,1,1,1,7,S,A,1.0,1.0,relaxed,1
E4_after,1168,b044299aa17fb0fb,1,0,1,5,S,A,1.0,1.0,relaxed,1
E4_after,1169,5ab7140c38a9920a,0,1,1,3,S,C,0.0,0.0,strict,1
E4_after,1170,87d9c2b3d111bed4,0,0,0,0,L,A,0.0,0.0,relaxed,1
E4_after,1171,fd3a8635760529b8,1,0,0,4,L,A,0.0,0.0,relaxed,1
E4_after,1172,ce03e5c5bc536689,1,1,1,7,S,C,1.0,1.0,relaxed,1
E4_after,1173,8be0688f8987f971,0,0,0,0,L,A,0.0,0.0,relaxed,1
E4_after,1174,b044299aa17fb0fb,1,0,1,5,S,A,1.0,1.0,relaxed,1
E4_after,1175,19fdf250b52a0627,1,0,0,4,L,C,1.0,1.0,relaxed,1
E4_after,1176,3103feb2d80f68c0,1,0,0,4,L,A,1.0,1.0,strict,1
E4_after,1177,0f81ac6261034010,0,0,0,0,L,A,1.0,1.0,relaxed,0
E4_after,1178,794c33e55a9642ec,1,0,0,4,L,C,1.0,1.0,strict,1
E4_after,1179,6d4c8c8fe2063417,1,0,0,4,L,A,1.0,1.0,strict,1
E4_after,1180,93bf4d0c8471f819,0,0,0,0,L,A,0.0,0.0,relaxed,0
E4_after,1181,19ee2ea28d5bc538,1,0,0,4,L,C,1.0,1.0,relaxed,1
E4_after,1182,9f2d14a55f5ed7e2,0,0,0,0,L,A,0.0,0.0,strict,1
E4_after,1183,60d9526be04cc527,0,1,1,3,S,A,0.0,0.0,strict,1
E4_after,1184,d5f894d88be8b0ad,1,0,0,4,L,C,0.0,0.0,relaxed,1
E4_after,1185,8be0688f8987f971,0,0,0,0,L,A,0.0,0.0,relaxed,1
E4_after,1186,8be0688f8987f971,0,0,0,0,L,A,0.0,0.0,relaxed,1
E4_after,1187,bd67f3a0bf3bc25d,0,0,0,0,L,C,0.0,0.0,strict,1
E4_after,1188,a60e95dce91fc1ea,0,1,1,3,S,A,1.0,1.0,relaxed,1
E4_after,1189,bee65ad56b10b2e2,0,1,1,3,S,A,1.0,1.0,strict,1
E4_after,1190,70f8aa203c48a976,1,0,1,5,S,C,0.0,0.0,relaxed,0
E4_after,1191,19fdf250b52a0627,1,0,0,4,L,A,1.0,1.0,relaxed,1
E4_after,1192,2e4d8312203c2dd3,0,1,1,3,S,A,0.0,0.0,relaxed,0
E4_after,1193,d111a08be18aebdc,0,0,0,0,L,C,0.0,0.0,strict,0
E4_after,1194,9e54150b1bebc80b,1,1,1,7,S,A,1.0,1.0,strict,1
E4_after,1195,77e04e89fa6f474b,0,0,0,0,L,A,1.0,1.0,relaxed,1
E4_after,1196,8be0688f8987f971,0,0,0,0,L,C,0.0,0.0,relaxed,1
E4_after,1197,2d074a7d553ad556,0,0,0,0,L,A,1.0,1.0,relaxed,1
E4_after,1198,adfd348e62f228d5,1,0,0,4,L,A,0.0,0.0,relaxed,0
E4_after,1199,794c33e55a9642ec,1,0,0,4,L,C,1.0,1.0,strict,1
