{
  "version": "1.1",
  "detectors": [
    {
      "name": "hinge_n4_to_n5",
      "desc": "Detect forced octad emergence",
      "signal": "branch_pressure",
      "rule": "exactly 8 inequivalent insertions"
    },
    {
      "name": "cartan_peaks",
      "desc": "Subharmonic/cartan alignment",
      "signal": "spectral_peaks_mod",
      "rule": "stable submultiples flagged"
    },
    {
      "name": "mirror_drift",
      "desc": "Rest\u2194inverse mismatch",
      "signal": "residual_norm",
      "rule": "> tol triggers \u0394-lift"
    }
  ],
  "caps_nudges": [
    {
      "name": "cartan_snap",
      "effect": "snap local frame to nearest Cartan subalgebra"
    },
    {
      "name": "phase_unwrap",
      "effect": "repair 2\u03c0 wrapping in phase-like channels"
    },
    {
      "name": "bias_repaint",
      "effect": "recolor weights to remove spurious bias gradients"
    },
    {
      "name": "entropy_trim",
      "effect": "remove low-utility degrees of freedom"
    },
    {
      "name": "hinge_promote",
      "effect": "promote stable hinge to new overlay seed"
    }
  ]
}