{
  "version": "1.1",
  "domains": {
    "QCHEM": {
      "goal": "Benchmark classical vs hybrid QPE/QSVT energy estimates (sanitized)",
      "steps": [
        "standins.load(H,H_ref,units='Eh')",
        "octet.make(['basis_sz','noise','ansatz','grid','initial_state','precision','cuts','symmetry'])",
        "mirror.test(forward='classical\u2192hybrid', back='hybrid\u2192classical', tol=1e-3)",
        "delta.apply(['phase_unwrap','bias_repaint'])",
        "strict.ratchet({'MAE': 0.005, 'stability': 0.99})",
        "receipts.commit(bits=4)"
      ],
      "redactions": [
        "No Hamiltonian coefficients with lab relevance; synthetic spectra only"
      ]
    },
    "SPINTRONICS": {
      "goal": "Chiral nanohelix spin-filter receipts @ room temp (abstracted)",
      "steps": [
        "standins.load(spin_pol~0.8, temp=300K)",
        "octet.make(['helix_pitch','radius','material','defects','band','contact','bias','noise'])",
        "mirror.test('LHCP\u2194RHCP symmetry', tol=0.02)",
        "delta.apply(['cartan_snap','entropy_trim'])",
        "strict.ratchet({'P_min':0.75})",
        "receipts.commit(bits=4)"
      ]
    },
    "PLASMA": {
      "goal": "Reconnection braid invariants under E\u00d7B flows (dimensionless)",
      "steps": [
        "standins.load(S=\u03c3,Rm,Pr_m)",
        "octet.make(['guide_field','beta','shear','resistivity','drift','curvature','boundaries','noise'])",
        "mirror.test('forward\u2194reverse drive', tol=1e-3)",
        "delta.apply(['phase_unwrap'])",
        "strict.ratchet({'residual_linking': '\u2193'})",
        "receipts.commit(bits=4)"
      ]
    },
    "LIGHT_QED": {
      "goal": "Spectrum/polarization overlays with safe QED metrics",
      "steps": [
        "octet.make(['spectrum','polarization','coherence','detector','geometry','medium','mixing_flag','noise'])",
        "mirror.test('L\u2194R, dual-slit replay', tol=1e-3)",
        "delta.apply(['bias_repaint'])",
        "strict.ratchet({'SNR': '\u2191'})",
        "receipts.commit(bits=4)"
      ]
    },
    "HEAT_ENTROPY": {
      "goal": "Thermo/IT overlays with Landauer bounds (abstract)",
      "steps": [
        "standins.load(T, kB, logic_op='erase')",
        "octet.make(['flow','capacity','grad','geometry','radiation','conduction','convection','noise'])",
        "mirror.test('forward cycle \u2194 reverse', tol=1e-3)",
        "delta.apply(['entropy_trim'])",
        "strict.ratchet({'\u03b7/\u03b7_Carnot': '\u2191'})",
        "receipts.commit(bits=4)"
      ]
    }
  }
}