{
  "version": "1.1",
  "receipt_bits": [
    4,
    8,
    64
  ],
  "fields": [
    {
      "name": "form_id",
      "type": "string",
      "desc": "Anchor/cloned form identifier"
    },
    {
      "name": "sidecar_id",
      "type": "string",
      "desc": "Domain rail ID (e.g., S0:MATH)"
    },
    {
      "name": "fourbit",
      "type": "string",
      "pattern": "^[01]{4}$",
      "desc": "Core commit code"
    },
    {
      "name": "escalation",
      "type": "object",
      "desc": "Optional escalations for 8/64-bit",
      "schema": {
        "eightbit": {
          "type": "string",
          "pattern": "^[01]{8}$"
        },
        "sixtyfour": {
          "type": "string",
          "pattern": "^[01]{64}$"
        }
      }
    },
    {
      "name": "votes",
      "type": "object",
      "desc": "Mirror/view votes",
      "schema": {
        "mirror": "int/24",
        "views": "int/64"
      }
    },
    {
      "name": "debts",
      "type": "object",
      "desc": "Residual debts after \u0394-lifts",
      "schema": {
        "OPE_debt": "float[0,1]",
        "FCE_debt": "float[0,1]"
      }
    },
    {
      "name": "thresholds",
      "type": "object",
      "desc": "Strict bounds that ratcheted",
      "schema": {
        "before": "map",
        "after": "map"
      }
    },
    {
      "name": "residues",
      "type": "object",
      "desc": "Named small issues preserved for future reuse"
    },
    {
      "name": "page_hash",
      "type": "string",
      "desc": "Hash of working page evidence"
    },
    {
      "name": "ledger_ts",
      "type": "string",
      "desc": "ISO timestamp (UTC) of commit"
    }
  ],
  "rules": [
    "fourbit must be present for any commit",
    "escalations are optional and only valid if fourbit present",
    "votes.mirror >= 16/24 and votes.views >= 40/64 recommended default",
    "debts must be non-increasing across strict ratchets",
    "page_hash is computed over concatenated evidence bytes"
  ]
}