{
  "version": "1.1",
  "sidecars": [
    {
      "id": "S0",
      "index": 0,
      "name": "MATH",
      "domain": "Numerical & Units",
      "tokens": {
        "standins": [
          "units",
          "bounds",
          "guards",
          "precision"
        ],
        "dna10": [
          "timing",
          "polarity",
          "scale",
          "pose",
          "domain",
          "conditioning",
          "units",
          "precision",
          "cost",
          "seed"
        ]
      },
      "views": {
        "octet": [
          "V1",
          "V2",
          "V3",
          "V4",
          "V5",
          "V6",
          "V7",
          "V8"
        ],
        "mirror": "palindromic",
        "surrounds": {
          "4x4x4x4": true,
          "2x2x2x2_pairs": true
        }
      },
      "receipts": {
        "OPE_debt_max": 0.04,
        "FCE_debt_max": 0.04,
        "votes_required": {
          "mirror": 16,
          "views": 40
        }
      }
    },
    {
      "id": "S1",
      "index": 1,
      "name": "LOGIC",
      "domain": "Constraints & Types",
      "tokens": {
        "standins": [
          "units",
          "bounds",
          "guards",
          "precision"
        ],
        "dna10": [
          "timing",
          "polarity",
          "scale",
          "pose",
          "domain",
          "conditioning",
          "units",
          "precision",
          "cost",
          "seed"
        ]
      },
      "views": {
        "octet": [
          "V1",
          "V2",
          "V3",
          "V4",
          "V5",
          "V6",
          "V7",
          "V8"
        ],
        "mirror": "palindromic",
        "surrounds": {
          "4x4x4x4": true,
          "2x2x2x2_pairs": true
        }
      },
      "receipts": {
        "OPE_debt_max": 0.04,
        "FCE_debt_max": 0.04,
        "votes_required": {
          "mirror": 16,
          "views": 40
        }
      }
    },
    {
      "id": "S2",
      "index": 2,
      "name": "OPTICS",
      "domain": "Imaging & PSF",
      "tokens": {
        "standins": [
          "units",
          "bounds",
          "guards",
          "precision"
        ],
        "dna10": [
          "timing",
          "polarity",
          "scale",
          "pose",
          "domain",
          "conditioning",
          "units",
          "precision",
          "cost",
          "seed"
        ]
      },
      "views": {
        "octet": [
          "V1",
          "V2",
          "V3",
          "V4",
          "V5",
          "V6",
          "V7",
          "V8"
        ],
        "mirror": "palindromic",
        "surrounds": {
          "4x4x4x4": true,
          "2x2x2x2_pairs": true
        }
      },
      "receipts": {
        "OPE_debt_max": 0.04,
        "FCE_debt_max": 0.04,
        "votes_required": {
          "mirror": 16,
          "views": 40
        }
      }
    },
    {
      "id": "S3",
      "index": 3,
      "name": "THERMAL",
      "domain": "Heat & Radiation",
      "tokens": {
        "standins": [
          "units",
          "bounds",
          "guards",
          "precision"
        ],
        "dna10": [
          "timing",
          "polarity",
          "scale",
          "pose",
          "domain",
          "conditioning",
          "units",
          "precision",
          "cost",
          "seed"
        ]
      },
      "views": {
        "octet": [
          "V1",
          "V2",
          "V3",
          "V4",
          "V5",
          "V6",
          "V7",
          "V8"
        ],
        "mirror": "palindromic",
        "surrounds": {
          "4x4x4x4": true,
          "2x2x2x2_pairs": true
        }
      },
      "receipts": {
        "OPE_debt_max": 0.04,
        "FCE_debt_max": 0.04,
        "votes_required": {
          "mirror": 16,
          "views": 40
        }
      }
    },
    {
      "id": "S4",
      "index": 4,
      "name": "MECH",
      "domain": "Kinematics/Dynamics",
      "tokens": {
        "standins": [
          "units",
          "bounds",
          "guards",
          "precision"
        ],
        "dna10": [
          "timing",
          "polarity",
          "scale",
          "pose",
          "domain",
          "conditioning",
          "units",
          "precision",
          "cost",
          "seed"
        ]
      },
      "views": {
        "octet": [
          "V1",
          "V2",
          "V3",
          "V4",
          "V5",
          "V6",
          "V7",
          "V8"
        ],
        "mirror": "palindromic",
        "surrounds": {
          "4x4x4x4": true,
          "2x2x2x2_pairs": true
        }
      },
      "receipts": {
        "OPE_debt_max": 0.04,
        "FCE_debt_max": 0.04,
        "votes_required": {
          "mirror": 16,
          "views": 40
        }
      }
    },
    {
      "id": "S5",
      "index": 5,
      "name": "EM_FIELD",
      "domain": "EM propagation",
      "tokens": {
        "standins": [
          "units",
          "bounds",
          "guards",
          "precision"
        ],
        "dna10": [
          "timing",
          "polarity",
          "scale",
          "pose",
          "domain",
          "conditioning",
          "units",
          "precision",
          "cost",
          "seed"
        ]
      },
      "views": {
        "octet": [
          "V1",
          "V2",
          "V3",
          "V4",
          "V5",
          "V6",
          "V7",
          "V8"
        ],
        "mirror": "palindromic",
        "surrounds": {
          "4x4x4x4": true,
          "2x2x2x2_pairs": true
        }
      },
      "receipts": {
        "OPE_debt_max": 0.04,
        "FCE_debt_max": 0.04,
        "votes_required": {
          "mirror": 16,
          "views": 40
        }
      }
    },
    {
      "id": "S6",
      "index": 6,
      "name": "PLASMA",
      "domain": "Reconnection/Braids",
      "tokens": {
        "standins": [
          "units",
          "bounds",
          "guards",
          "precision"
        ],
        "dna10": [
          "timing",
          "polarity",
          "scale",
          "pose",
          "domain",
          "conditioning",
          "units",
          "precision",
          "cost",
          "seed"
        ]
      },
      "views": {
        "octet": [
          "V1",
          "V2",
          "V3",
          "V4",
          "V5",
          "V6",
          "V7",
          "V8"
        ],
        "mirror": "palindromic",
        "surrounds": {
          "4x4x4x4": true,
          "2x2x2x2_pairs": true
        }
      },
      "receipts": {
        "OPE_debt_max": 0.04,
        "FCE_debt_max": 0.04,
        "votes_required": {
          "mirror": 16,
          "views": 40
        }
      }
    },
    {
      "id": "S7",
      "index": 7,
      "name": "QUANTUM",
      "domain": "States/Noise/QEC",
      "tokens": {
        "standins": [
          "units",
          "bounds",
          "guards",
          "precision"
        ],
        "dna10": [
          "timing",
          "polarity",
          "scale",
          "pose",
          "domain",
          "conditioning",
          "units",
          "precision",
          "cost",
          "seed"
        ]
      },
      "views": {
        "octet": [
          "V1",
          "V2",
          "V3",
          "V4",
          "V5",
          "V6",
          "V7",
          "V8"
        ],
        "mirror": "palindromic",
        "surrounds": {
          "4x4x4x4": true,
          "2x2x2x2_pairs": true
        }
      },
      "receipts": {
        "OPE_debt_max": 0.04,
        "FCE_debt_max": 0.04,
        "votes_required": {
          "mirror": 16,
          "views": 40
        }
      }
    },
    {
      "id": "S8",
      "index": 8,
      "name": "QCHEM",
      "domain": "Ab-initio/DFT/QPE",
      "tokens": {
        "standins": [
          "units",
          "bounds",
          "guards",
          "precision"
        ],
        "dna10": [
          "timing",
          "polarity",
          "scale",
          "pose",
          "domain",
          "conditioning",
          "units",
          "precision",
          "cost",
          "seed"
        ]
      },
      "views": {
        "octet": [
          "V1",
          "V2",
          "V3",
          "V4",
          "V5",
          "V6",
          "V7",
          "V8"
        ],
        "mirror": "palindromic",
        "surrounds": {
          "4x4x4x4": true,
          "2x2x2x2_pairs": true
        }
      },
      "receipts": {
        "OPE_debt_max": 0.04,
        "FCE_debt_max": 0.04,
        "votes_required": {
          "mirror": 16,
          "views": 40
        }
      }
    },
    {
      "id": "S9",
      "index": 9,
      "name": "STORAGE",
      "domain": "Encoding/Hashing",
      "tokens": {
        "standins": [
          "units",
          "bounds",
          "guards",
          "precision"
        ],
        "dna10": [
          "timing",
          "polarity",
          "scale",
          "pose",
          "domain",
          "conditioning",
          "units",
          "precision",
          "cost",
          "seed"
        ]
      },
      "views": {
        "octet": [
          "V1",
          "V2",
          "V3",
          "V4",
          "V5",
          "V6",
          "V7",
          "V8"
        ],
        "mirror": "palindromic",
        "surrounds": {
          "4x4x4x4": true,
          "2x2x2x2_pairs": true
        }
      },
      "receipts": {
        "OPE_debt_max": 0.04,
        "FCE_debt_max": 0.04,
        "votes_required": {
          "mirror": 16,
          "views": 40
        }
      }
    },
    {
      "id": "S10",
      "index": 10,
      "name": "POLAR",
      "domain": "Polarimetry/Chirality",
      "tokens": {
        "standins": [
          "units",
          "bounds",
          "guards",
          "precision"
        ],
        "dna10": [
          "timing",
          "polarity",
          "scale",
          "pose",
          "domain",
          "conditioning",
          "units",
          "precision",
          "cost",
          "seed"
        ]
      },
      "views": {
        "octet": [
          "V1",
          "V2",
          "V3",
          "V4",
          "V5",
          "V6",
          "V7",
          "V8"
        ],
        "mirror": "palindromic",
        "surrounds": {
          "4x4x4x4": true,
          "2x2x2x2_pairs": true
        }
      },
      "receipts": {
        "OPE_debt_max": 0.04,
        "FCE_debt_max": 0.04,
        "votes_required": {
          "mirror": 16,
          "views": 40
        }
      }
    },
    {
      "id": "S11",
      "index": 11,
      "name": "SOUND",
      "domain": "Harmonics/Acoustics",
      "tokens": {
        "standins": [
          "units",
          "bounds",
          "guards",
          "precision"
        ],
        "dna10": [
          "timing",
          "polarity",
          "scale",
          "pose",
          "domain",
          "conditioning",
          "units",
          "precision",
          "cost",
          "seed"
        ]
      },
      "views": {
        "octet": [
          "V1",
          "V2",
          "V3",
          "V4",
          "V5",
          "V6",
          "V7",
          "V8"
        ],
        "mirror": "palindromic",
        "surrounds": {
          "4x4x4x4": true,
          "2x2x2x2_pairs": true
        }
      },
      "receipts": {
        "OPE_debt_max": 0.04,
        "FCE_debt_max": 0.04,
        "votes_required": {
          "mirror": 16,
          "views": 40
        }
      }
    },
    {
      "id": "S12",
      "index": 12,
      "name": "HEAT",
      "domain": "Entropy/Landauer",
      "tokens": {
        "standins": [
          "units",
          "bounds",
          "guards",
          "precision"
        ],
        "dna10": [
          "timing",
          "polarity",
          "scale",
          "pose",
          "domain",
          "conditioning",
          "units",
          "precision",
          "cost",
          "seed"
        ]
      },
      "views": {
        "octet": [
          "V1",
          "V2",
          "V3",
          "V4",
          "V5",
          "V6",
          "V7",
          "V8"
        ],
        "mirror": "palindromic",
        "surrounds": {
          "4x4x4x4": true,
          "2x2x2x2_pairs": true
        }
      },
      "receipts": {
        "OPE_debt_max": 0.04,
        "FCE_debt_max": 0.04,
        "votes_required": {
          "mirror": 16,
          "views": 40
        }
      }
    },
    {
      "id": "S13",
      "index": 13,
      "name": "BIO_COH",
      "domain": "Radical pairs (abstract)",
      "tokens": {
        "standins": [
          "units",
          "bounds",
          "guards",
          "precision"
        ],
        "dna10": [
          "timing",
          "polarity",
          "scale",
          "pose",
          "domain",
          "conditioning",
          "units",
          "precision",
          "cost",
          "seed"
        ]
      },
      "views": {
        "octet": [
          "V1",
          "V2",
          "V3",
          "V4",
          "V5",
          "V6",
          "V7",
          "V8"
        ],
        "mirror": "palindromic",
        "surrounds": {
          "4x4x4x4": true,
          "2x2x2x2_pairs": true
        }
      },
      "receipts": {
        "OPE_debt_max": 0.04,
        "FCE_debt_max": 0.04,
        "votes_required": {
          "mirror": 16,
          "views": 40
        }
      }
    },
    {
      "id": "S14",
      "index": 14,
      "name": "GENOMICS",
      "domain": "Codons (abstract)",
      "tokens": {
        "standins": [
          "units",
          "bounds",
          "guards",
          "precision"
        ],
        "dna10": [
          "timing",
          "polarity",
          "scale",
          "pose",
          "domain",
          "conditioning",
          "units",
          "precision",
          "cost",
          "seed"
        ]
      },
      "views": {
        "octet": [
          "V1",
          "V2",
          "V3",
          "V4",
          "V5",
          "V6",
          "V7",
          "V8"
        ],
        "mirror": "palindromic",
        "surrounds": {
          "4x4x4x4": true,
          "2x2x2x2_pairs": true
        }
      },
      "receipts": {
        "OPE_debt_max": 0.04,
        "FCE_debt_max": 0.04,
        "votes_required": {
          "mirror": 16,
          "views": 40
        }
      }
    },
    {
      "id": "S15",
      "index": 15,
      "name": "SPINTRONICS",
      "domain": "Spin transport",
      "tokens": {
        "standins": [
          "units",
          "bounds",
          "guards",
          "precision"
        ],
        "dna10": [
          "timing",
          "polarity",
          "scale",
          "pose",
          "domain",
          "conditioning",
          "units",
          "precision",
          "cost",
          "seed"
        ]
      },
      "views": {
        "octet": [
          "V1",
          "V2",
          "V3",
          "V4",
          "V5",
          "V6",
          "V7",
          "V8"
        ],
        "mirror": "palindromic",
        "surrounds": {
          "4x4x4x4": true,
          "2x2x2x2_pairs": true
        }
      },
      "receipts": {
        "OPE_debt_max": 0.04,
        "FCE_debt_max": 0.04,
        "votes_required": {
          "mirror": 16,
          "views": 40
        }
      }
    },
    {
      "id": "S16",
      "index": 16,
      "name": "NANOPHOT",
      "domain": "Photonic chips",
      "tokens": {
        "standins": [
          "units",
          "bounds",
          "guards",
          "precision"
        ],
        "dna10": [
          "timing",
          "polarity",
          "scale",
          "pose",
          "domain",
          "conditioning",
          "units",
          "precision",
          "cost",
          "seed"
        ]
      },
      "views": {
        "octet": [
          "V1",
          "V2",
          "V3",
          "V4",
          "V5",
          "V6",
          "V7",
          "V8"
        ],
        "mirror": "palindromic",
        "surrounds": {
          "4x4x4x4": true,
          "2x2x2x2_pairs": true
        }
      },
      "receipts": {
        "OPE_debt_max": 0.04,
        "FCE_debt_max": 0.04,
        "votes_required": {
          "mirror": 16,
          "views": 40
        }
      }
    },
    {
      "id": "S17",
      "index": 17,
      "name": "CRYPTO",
      "domain": "Receipts/Merkle",
      "tokens": {
        "standins": [
          "units",
          "bounds",
          "guards",
          "precision"
        ],
        "dna10": [
          "timing",
          "polarity",
          "scale",
          "pose",
          "domain",
          "conditioning",
          "units",
          "precision",
          "cost",
          "seed"
        ]
      },
      "views": {
        "octet": [
          "V1",
          "V2",
          "V3",
          "V4",
          "V5",
          "V6",
          "V7",
          "V8"
        ],
        "mirror": "palindromic",
        "surrounds": {
          "4x4x4x4": true,
          "2x2x2x2_pairs": true
        }
      },
      "receipts": {
        "OPE_debt_max": 0.04,
        "FCE_debt_max": 0.04,
        "votes_required": {
          "mirror": 16,
          "views": 40
        }
      }
    },
    {
      "id": "S18",
      "index": 18,
      "name": "ROBOT_KIN",
      "domain": "Control/Servo",
      "tokens": {
        "standins": [
          "units",
          "bounds",
          "guards",
          "precision"
        ],
        "dna10": [
          "timing",
          "polarity",
          "scale",
          "pose",
          "domain",
          "conditioning",
          "units",
          "precision",
          "cost",
          "seed"
        ]
      },
      "views": {
        "octet": [
          "V1",
          "V2",
          "V3",
          "V4",
          "V5",
          "V6",
          "V7",
          "V8"
        ],
        "mirror": "palindromic",
        "surrounds": {
          "4x4x4x4": true,
          "2x2x2x2_pairs": true
        }
      },
      "receipts": {
        "OPE_debt_max": 0.04,
        "FCE_debt_max": 0.04,
        "votes_required": {
          "mirror": 16,
          "views": 40
        }
      }
    },
    {
      "id": "S19",
      "index": 19,
      "name": "AERO",
      "domain": "Flows (abstract)",
      "tokens": {
        "standins": [
          "units",
          "bounds",
          "guards",
          "precision"
        ],
        "dna10": [
          "timing",
          "polarity",
          "scale",
          "pose",
          "domain",
          "conditioning",
          "units",
          "precision",
          "cost",
          "seed"
        ]
      },
      "views": {
        "octet": [
          "V1",
          "V2",
          "V3",
          "V4",
          "V5",
          "V6",
          "V7",
          "V8"
        ],
        "mirror": "palindromic",
        "surrounds": {
          "4x4x4x4": true,
          "2x2x2x2_pairs": true
        }
      },
      "receipts": {
        "OPE_debt_max": 0.04,
        "FCE_debt_max": 0.04,
        "votes_required": {
          "mirror": 16,
          "views": 40
        }
      }
    },
    {
      "id": "S20",
      "index": 20,
      "name": "COSMOS",
      "domain": "Lensing/Seeds",
      "tokens": {
        "standins": [
          "units",
          "bounds",
          "guards",
          "precision"
        ],
        "dna10": [
          "timing",
          "polarity",
          "scale",
          "pose",
          "domain",
          "conditioning",
          "units",
          "precision",
          "cost",
          "seed"
        ]
      },
      "views": {
        "octet": [
          "V1",
          "V2",
          "V3",
          "V4",
          "V5",
          "V6",
          "V7",
          "V8"
        ],
        "mirror": "palindromic",
        "surrounds": {
          "4x4x4x4": true,
          "2x2x2x2_pairs": true
        }
      },
      "receipts": {
        "OPE_debt_max": 0.04,
        "FCE_debt_max": 0.04,
        "votes_required": {
          "mirror": 16,
          "views": 40
        }
      }
    },
    {
      "id": "S21",
      "index": 21,
      "name": "COMMS",
      "domain": "Coding/Channels",
      "tokens": {
        "standins": [
          "units",
          "bounds",
          "guards",
          "precision"
        ],
        "dna10": [
          "timing",
          "polarity",
          "scale",
          "pose",
          "domain",
          "conditioning",
          "units",
          "precision",
          "cost",
          "seed"
        ]
      },
      "views": {
        "octet": [
          "V1",
          "V2",
          "V3",
          "V4",
          "V5",
          "V6",
          "V7",
          "V8"
        ],
        "mirror": "palindromic",
        "surrounds": {
          "4x4x4x4": true,
          "2x2x2x2_pairs": true
        }
      },
      "receipts": {
        "OPE_debt_max": 0.04,
        "FCE_debt_max": 0.04,
        "votes_required": {
          "mirror": 16,
          "views": 40
        }
      }
    },
    {
      "id": "S22",
      "index": 22,
      "name": "CONTROL",
      "domain": "Observers",
      "tokens": {
        "standins": [
          "units",
          "bounds",
          "guards",
          "precision"
        ],
        "dna10": [
          "timing",
          "polarity",
          "scale",
          "pose",
          "domain",
          "conditioning",
          "units",
          "precision",
          "cost",
          "seed"
        ]
      },
      "views": {
        "octet": [
          "V1",
          "V2",
          "V3",
          "V4",
          "V5",
          "V6",
          "V7",
          "V8"
        ],
        "mirror": "palindromic",
        "surrounds": {
          "4x4x4x4": true,
          "2x2x2x2_pairs": true
        }
      },
      "receipts": {
        "OPE_debt_max": 0.04,
        "FCE_debt_max": 0.04,
        "votes_required": {
          "mirror": 16,
          "views": 40
        }
      }
    },
    {
      "id": "S23",
      "index": 23,
      "name": "ML",
      "domain": "Generalization",
      "tokens": {
        "standins": [
          "units",
          "bounds",
          "guards",
          "precision"
        ],
        "dna10": [
          "timing",
          "polarity",
          "scale",
          "pose",
          "domain",
          "conditioning",
          "units",
          "precision",
          "cost",
          "seed"
        ]
      },
      "views": {
        "octet": [
          "V1",
          "V2",
          "V3",
          "V4",
          "V5",
          "V6",
          "V7",
          "V8"
        ],
        "mirror": "palindromic",
        "surrounds": {
          "4x4x4x4": true,
          "2x2x2x2_pairs": true
        }
      },
      "receipts": {
        "OPE_debt_max": 0.04,
        "FCE_debt_max": 0.04,
        "votes_required": {
          "mirror": 16,
          "views": 40
        }
      }
    },
    {
      "id": "S24",
      "index": 24,
      "name": "STATS",
      "domain": "Uncertainty",
      "tokens": {
        "standins": [
          "units",
          "bounds",
          "guards",
          "precision"
        ],
        "dna10": [
          "timing",
          "polarity",
          "scale",
          "pose",
          "domain",
          "conditioning",
          "units",
          "precision",
          "cost",
          "seed"
        ]
      },
      "views": {
        "octet": [
          "V1",
          "V2",
          "V3",
          "V4",
          "V5",
          "V6",
          "V7",
          "V8"
        ],
        "mirror": "palindromic",
        "surrounds": {
          "4x4x4x4": true,
          "2x2x2x2_pairs": true
        }
      },
      "receipts": {
        "OPE_debt_max": 0.04,
        "FCE_debt_max": 0.04,
        "votes_required": {
          "mirror": 16,
          "views": 40
        }
      }
    },
    {
      "id": "S25",
      "index": 25,
      "name": "GEOM",
      "domain": "E8/Leech shells",
      "tokens": {
        "standins": [
          "units",
          "bounds",
          "guards",
          "precision"
        ],
        "dna10": [
          "timing",
          "polarity",
          "scale",
          "pose",
          "domain",
          "conditioning",
          "units",
          "precision",
          "cost",
          "seed"
        ]
      },
      "views": {
        "octet": [
          "V1",
          "V2",
          "V3",
          "V4",
          "V5",
          "V6",
          "V7",
          "V8"
        ],
        "mirror": "palindromic",
        "surrounds": {
          "4x4x4x4": true,
          "2x2x2x2_pairs": true
        }
      },
      "receipts": {
        "OPE_debt_max": 0.04,
        "FCE_debt_max": 0.04,
        "votes_required": {
          "mirror": 16,
          "views": 40
        }
      }
    },
    {
      "id": "S26",
      "index": 26,
      "name": "MONSTER",
      "domain": "Automorphisms",
      "tokens": {
        "standins": [
          "units",
          "bounds",
          "guards",
          "precision"
        ],
        "dna10": [
          "timing",
          "polarity",
          "scale",
          "pose",
          "domain",
          "conditioning",
          "units",
          "precision",
          "cost",
          "seed"
        ]
      },
      "views": {
        "octet": [
          "V1",
          "V2",
          "V3",
          "V4",
          "V5",
          "V6",
          "V7",
          "V8"
        ],
        "mirror": "palindromic",
        "surrounds": {
          "4x4x4x4": true,
          "2x2x2x2_pairs": true
        }
      },
      "receipts": {
        "OPE_debt_max": 0.04,
        "FCE_debt_max": 0.04,
        "votes_required": {
          "mirror": 16,
          "views": 40
        }
      }
    },
    {
      "id": "S27",
      "index": 27,
      "name": "VIEWER_ENGINE",
      "domain": "Overlay core",
      "tokens": {
        "standins": [
          "units",
          "bounds",
          "guards",
          "precision"
        ],
        "dna10": [
          "timing",
          "polarity",
          "scale",
          "pose",
          "domain",
          "conditioning",
          "units",
          "precision",
          "cost",
          "seed"
        ]
      },
      "views": {
        "octet": [
          "V1",
          "V2",
          "V3",
          "V4",
          "V5",
          "V6",
          "V7",
          "V8"
        ],
        "mirror": "palindromic",
        "surrounds": {
          "4x4x4x4": true,
          "2x2x2x2_pairs": true
        }
      },
      "receipts": {
        "OPE_debt_max": 0.04,
        "FCE_debt_max": 0.04,
        "votes_required": {
          "mirror": 16,
          "views": 40
        }
      }
    },
    {
      "id": "S28",
      "index": 28,
      "name": "LEDGER",
      "domain": "Provenance",
      "tokens": {
        "standins": [
          "units",
          "bounds",
          "guards",
          "precision"
        ],
        "dna10": [
          "timing",
          "polarity",
          "scale",
          "pose",
          "domain",
          "conditioning",
          "units",
          "precision",
          "cost",
          "seed"
        ]
      },
      "views": {
        "octet": [
          "V1",
          "V2",
          "V3",
          "V4",
          "V5",
          "V6",
          "V7",
          "V8"
        ],
        "mirror": "palindromic",
        "surrounds": {
          "4x4x4x4": true,
          "2x2x2x2_pairs": true
        }
      },
      "receipts": {
        "OPE_debt_max": 0.04,
        "FCE_debt_max": 0.04,
        "votes_required": {
          "mirror": 16,
          "views": 40
        }
      }
    },
    {
      "id": "S29",
      "index": 29,
      "name": "SAFETY",
      "domain": "Governance",
      "tokens": {
        "standins": [
          "units",
          "bounds",
          "guards",
          "precision"
        ],
        "dna10": [
          "timing",
          "polarity",
          "scale",
          "pose",
          "domain",
          "conditioning",
          "units",
          "precision",
          "cost",
          "seed"
        ]
      },
      "views": {
        "octet": [
          "V1",
          "V2",
          "V3",
          "V4",
          "V5",
          "V6",
          "V7",
          "V8"
        ],
        "mirror": "palindromic",
        "surrounds": {
          "4x4x4x4": true,
          "2x2x2x2_pairs": true
        }
      },
      "receipts": {
        "OPE_debt_max": 0.04,
        "FCE_debt_max": 0.04,
        "votes_required": {
          "mirror": 16,
          "views": 40
        }
      }
    },
    {
      "id": "S30",
      "index": 30,
      "name": "AXION_PORTAL",
      "domain": "Axion mix (abstract)",
      "tokens": {
        "standins": [
          "units",
          "bounds",
          "guards",
          "precision"
        ],
        "dna10": [
          "timing",
          "polarity",
          "scale",
          "pose",
          "domain",
          "conditioning",
          "units",
          "precision",
          "cost",
          "seed"
        ]
      },
      "views": {
        "octet": [
          "V1",
          "V2",
          "V3",
          "V4",
          "V5",
          "V6",
          "V7",
          "V8"
        ],
        "mirror": "palindromic",
        "surrounds": {
          "4x4x4x4": true,
          "2x2x2x2_pairs": true
        }
      },
      "receipts": {
        "OPE_debt_max": 0.04,
        "FCE_debt_max": 0.04,
        "votes_required": {
          "mirror": 16,
          "views": 40
        }
      }
    },
    {
      "id": "S31",
      "index": 31,
      "name": "DARK_PHOTON",
      "domain": "Kinetic mix (abstract)",
      "tokens": {
        "standins": [
          "units",
          "bounds",
          "guards",
          "precision"
        ],
        "dna10": [
          "timing",
          "polarity",
          "scale",
          "pose",
          "domain",
          "conditioning",
          "units",
          "precision",
          "cost",
          "seed"
        ]
      },
      "views": {
        "octet": [
          "V1",
          "V2",
          "V3",
          "V4",
          "V5",
          "V6",
          "V7",
          "V8"
        ],
        "mirror": "palindromic",
        "surrounds": {
          "4x4x4x4": true,
          "2x2x2x2_pairs": true
        }
      },
      "receipts": {
        "OPE_debt_max": 0.04,
        "FCE_debt_max": 0.04,
        "votes_required": {
          "mirror": 16,
          "views": 40
        }
      }
    },
    {
      "id": "S32",
      "index": 32,
      "name": "TIME",
      "domain": "Cadence/Phases",
      "tokens": {
        "standins": [
          "units",
          "bounds",
          "guards",
          "precision"
        ],
        "dna10": [
          "timing",
          "polarity",
          "scale",
          "pose",
          "domain",
          "conditioning",
          "units",
          "precision",
          "cost",
          "seed"
        ]
      },
      "views": {
        "octet": [
          "V1",
          "V2",
          "V3",
          "V4",
          "V5",
          "V6",
          "V7",
          "V8"
        ],
        "mirror": "palindromic",
        "surrounds": {
          "4x4x4x4": true,
          "2x2x2x2_pairs": true
        }
      },
      "receipts": {
        "OPE_debt_max": 0.04,
        "FCE_debt_max": 0.04,
        "votes_required": {
          "mirror": 16,
          "views": 40
        }
      }
    },
    {
      "id": "S33",
      "index": 33,
      "name": "HARDWARE",
      "domain": "I/O shims",
      "tokens": {
        "standins": [
          "units",
          "bounds",
          "guards",
          "precision"
        ],
        "dna10": [
          "timing",
          "polarity",
          "scale",
          "pose",
          "domain",
          "conditioning",
          "units",
          "precision",
          "cost",
          "seed"
        ]
      },
      "views": {
        "octet": [
          "V1",
          "V2",
          "V3",
          "V4",
          "V5",
          "V6",
          "V7",
          "V8"
        ],
        "mirror": "palindromic",
        "surrounds": {
          "4x4x4x4": true,
          "2x2x2x2_pairs": true
        }
      },
      "receipts": {
        "OPE_debt_max": 0.04,
        "FCE_debt_max": 0.04,
        "votes_required": {
          "mirror": 16,
          "views": 40
        }
      }
    },
    {
      "id": "S34",
      "index": 34,
      "name": "FIN_RISK",
      "domain": "Stress ensembles",
      "tokens": {
        "standins": [
          "units",
          "bounds",
          "guards",
          "precision"
        ],
        "dna10": [
          "timing",
          "polarity",
          "scale",
          "pose",
          "domain",
          "conditioning",
          "units",
          "precision",
          "cost",
          "seed"
        ]
      },
      "views": {
        "octet": [
          "V1",
          "V2",
          "V3",
          "V4",
          "V5",
          "V6",
          "V7",
          "V8"
        ],
        "mirror": "palindromic",
        "surrounds": {
          "4x4x4x4": true,
          "2x2x2x2_pairs": true
        }
      },
      "receipts": {
        "OPE_debt_max": 0.04,
        "FCE_debt_max": 0.04,
        "votes_required": {
          "mirror": 16,
          "views": 40
        }
      }
    },
    {
      "id": "S35",
      "index": 35,
      "name": "CHEM",
      "domain": "Aromatic rings",
      "tokens": {
        "standins": [
          "units",
          "bounds",
          "guards",
          "precision"
        ],
        "dna10": [
          "timing",
          "polarity",
          "scale",
          "pose",
          "domain",
          "conditioning",
          "units",
          "precision",
          "cost",
          "seed"
        ]
      },
      "views": {
        "octet": [
          "V1",
          "V2",
          "V3",
          "V4",
          "V5",
          "V6",
          "V7",
          "V8"
        ],
        "mirror": "palindromic",
        "surrounds": {
          "4x4x4x4": true,
          "2x2x2x2_pairs": true
        }
      },
      "receipts": {
        "OPE_debt_max": 0.04,
        "FCE_debt_max": 0.04,
        "votes_required": {
          "mirror": 16,
          "views": 40
        }
      }
    },
    {
      "id": "S36",
      "index": 36,
      "name": "MATERIALS",
      "domain": "Stacks/Emissivity",
      "tokens": {
        "standins": [
          "units",
          "bounds",
          "guards",
          "precision"
        ],
        "dna10": [
          "timing",
          "polarity",
          "scale",
          "pose",
          "domain",
          "conditioning",
          "units",
          "precision",
          "cost",
          "seed"
        ]
      },
      "views": {
        "octet": [
          "V1",
          "V2",
          "V3",
          "V4",
          "V5",
          "V6",
          "V7",
          "V8"
        ],
        "mirror": "palindromic",
        "surrounds": {
          "4x4x4x4": true,
          "2x2x2x2_pairs": true
        }
      },
      "receipts": {
        "OPE_debt_max": 0.04,
        "FCE_debt_max": 0.04,
        "votes_required": {
          "mirror": 16,
          "views": 40
        }
      }
    },
    {
      "id": "S37",
      "index": 37,
      "name": "SPACE",
      "domain": "TEL_ops",
      "tokens": {
        "standins": [
          "units",
          "bounds",
          "guards",
          "precision"
        ],
        "dna10": [
          "timing",
          "polarity",
          "scale",
          "pose",
          "domain",
          "conditioning",
          "units",
          "precision",
          "cost",
          "seed"
        ]
      },
      "views": {
        "octet": [
          "V1",
          "V2",
          "V3",
          "V4",
          "V5",
          "V6",
          "V7",
          "V8"
        ],
        "mirror": "palindromic",
        "surrounds": {
          "4x4x4x4": true,
          "2x2x2x2_pairs": true
        }
      },
      "receipts": {
        "OPE_debt_max": 0.04,
        "FCE_debt_max": 0.04,
        "votes_required": {
          "mirror": 16,
          "views": 40
        }
      }
    },
    {
      "id": "S38",
      "index": 38,
      "name": "BIO_SYN",
      "domain": "Sequence design (abstract)",
      "tokens": {
        "standins": [
          "units",
          "bounds",
          "guards",
          "precision"
        ],
        "dna10": [
          "timing",
          "polarity",
          "scale",
          "pose",
          "domain",
          "conditioning",
          "units",
          "precision",
          "cost",
          "seed"
        ]
      },
      "views": {
        "octet": [
          "V1",
          "V2",
          "V3",
          "V4",
          "V5",
          "V6",
          "V7",
          "V8"
        ],
        "mirror": "palindromic",
        "surrounds": {
          "4x4x4x4": true,
          "2x2x2x2_pairs": true
        }
      },
      "receipts": {
        "OPE_debt_max": 0.04,
        "FCE_debt_max": 0.04,
        "votes_required": {
          "mirror": 16,
          "views": 40
        }
      }
    },
    {
      "id": "S39",
      "index": 39,
      "name": "NEURO",
      "domain": "Theta-Gamma modes",
      "tokens": {
        "standins": [
          "units",
          "bounds",
          "guards",
          "precision"
        ],
        "dna10": [
          "timing",
          "polarity",
          "scale",
          "pose",
          "domain",
          "conditioning",
          "units",
          "precision",
          "cost",
          "seed"
        ]
      },
      "views": {
        "octet": [
          "V1",
          "V2",
          "V3",
          "V4",
          "V5",
          "V6",
          "V7",
          "V8"
        ],
        "mirror": "palindromic",
        "surrounds": {
          "4x4x4x4": true,
          "2x2x2x2_pairs": true
        }
      },
      "receipts": {
        "OPE_debt_max": 0.04,
        "FCE_debt_max": 0.04,
        "votes_required": {
          "mirror": 16,
          "views": 40
        }
      }
    },
    {
      "id": "S40",
      "index": 40,
      "name": "COGNITION",
      "domain": "Replay/Ripples",
      "tokens": {
        "standins": [
          "units",
          "bounds",
          "guards",
          "precision"
        ],
        "dna10": [
          "timing",
          "polarity",
          "scale",
          "pose",
          "domain",
          "conditioning",
          "units",
          "precision",
          "cost",
          "seed"
        ]
      },
      "views": {
        "octet": [
          "V1",
          "V2",
          "V3",
          "V4",
          "V5",
          "V6",
          "V7",
          "V8"
        ],
        "mirror": "palindromic",
        "surrounds": {
          "4x4x4x4": true,
          "2x2x2x2_pairs": true
        }
      },
      "receipts": {
        "OPE_debt_max": 0.04,
        "FCE_debt_max": 0.04,
        "votes_required": {
          "mirror": 16,
          "views": 40
        }
      }
    },
    {
      "id": "S41",
      "index": 41,
      "name": "DECISION",
      "domain": "Mode switch",
      "tokens": {
        "standins": [
          "units",
          "bounds",
          "guards",
          "precision"
        ],
        "dna10": [
          "timing",
          "polarity",
          "scale",
          "pose",
          "domain",
          "conditioning",
          "units",
          "precision",
          "cost",
          "seed"
        ]
      },
      "views": {
        "octet": [
          "V1",
          "V2",
          "V3",
          "V4",
          "V5",
          "V6",
          "V7",
          "V8"
        ],
        "mirror": "palindromic",
        "surrounds": {
          "4x4x4x4": true,
          "2x2x2x2_pairs": true
        }
      },
      "receipts": {
        "OPE_debt_max": 0.04,
        "FCE_debt_max": 0.04,
        "votes_required": {
          "mirror": 16,
          "views": 40
        }
      }
    },
    {
      "id": "S42",
      "index": 42,
      "name": "LIGHT_QED",
      "domain": "Photons/QED",
      "tokens": {
        "standins": [
          "units",
          "bounds",
          "guards",
          "precision"
        ],
        "dna10": [
          "timing",
          "polarity",
          "scale",
          "pose",
          "domain",
          "conditioning",
          "units",
          "precision",
          "cost",
          "seed"
        ]
      },
      "views": {
        "octet": [
          "V1",
          "V2",
          "V3",
          "V4",
          "V5",
          "V6",
          "V7",
          "V8"
        ],
        "mirror": "palindromic",
        "surrounds": {
          "4x4x4x4": true,
          "2x2x2x2_pairs": true
        }
      },
      "receipts": {
        "OPE_debt_max": 0.04,
        "FCE_debt_max": 0.04,
        "votes_required": {
          "mirror": 16,
          "views": 40
        }
      }
    },
    {
      "id": "S43",
      "index": 43,
      "name": "SPECTRUM",
      "domain": "Comb/Metrology",
      "tokens": {
        "standins": [
          "units",
          "bounds",
          "guards",
          "precision"
        ],
        "dna10": [
          "timing",
          "polarity",
          "scale",
          "pose",
          "domain",
          "conditioning",
          "units",
          "precision",
          "cost",
          "seed"
        ]
      },
      "views": {
        "octet": [
          "V1",
          "V2",
          "V3",
          "V4",
          "V5",
          "V6",
          "V7",
          "V8"
        ],
        "mirror": "palindromic",
        "surrounds": {
          "4x4x4x4": true,
          "2x2x2x2_pairs": true
        }
      },
      "receipts": {
        "OPE_debt_max": 0.04,
        "FCE_debt_max": 0.04,
        "votes_required": {
          "mirror": 16,
          "views": 40
        }
      }
    },
    {
      "id": "S44",
      "index": 44,
      "name": "THERMO",
      "domain": "Classical laws",
      "tokens": {
        "standins": [
          "units",
          "bounds",
          "guards",
          "precision"
        ],
        "dna10": [
          "timing",
          "polarity",
          "scale",
          "pose",
          "domain",
          "conditioning",
          "units",
          "precision",
          "cost",
          "seed"
        ]
      },
      "views": {
        "octet": [
          "V1",
          "V2",
          "V3",
          "V4",
          "V5",
          "V6",
          "V7",
          "V8"
        ],
        "mirror": "palindromic",
        "surrounds": {
          "4x4x4x4": true,
          "2x2x2x2_pairs": true
        }
      },
      "receipts": {
        "OPE_debt_max": 0.04,
        "FCE_debt_max": 0.04,
        "votes_required": {
          "mirror": 16,
          "views": 40
        }
      }
    },
    {
      "id": "S45",
      "index": 45,
      "name": "QTHERMO",
      "domain": "Quantum engines",
      "tokens": {
        "standins": [
          "units",
          "bounds",
          "guards",
          "precision"
        ],
        "dna10": [
          "timing",
          "polarity",
          "scale",
          "pose",
          "domain",
          "conditioning",
          "units",
          "precision",
          "cost",
          "seed"
        ]
      },
      "views": {
        "octet": [
          "V1",
          "V2",
          "V3",
          "V4",
          "V5",
          "V6",
          "V7",
          "V8"
        ],
        "mirror": "palindromic",
        "surrounds": {
          "4x4x4x4": true,
          "2x2x2x2_pairs": true
        }
      },
      "receipts": {
        "OPE_debt_max": 0.04,
        "FCE_debt_max": 0.04,
        "votes_required": {
          "mirror": 16,
          "views": 40
        }
      }
    },
    {
      "id": "S46",
      "index": 46,
      "name": "ITHEORY",
      "domain": "Shannon/MDL",
      "tokens": {
        "standins": [
          "units",
          "bounds",
          "guards",
          "precision"
        ],
        "dna10": [
          "timing",
          "polarity",
          "scale",
          "pose",
          "domain",
          "conditioning",
          "units",
          "precision",
          "cost",
          "seed"
        ]
      },
      "views": {
        "octet": [
          "V1",
          "V2",
          "V3",
          "V4",
          "V5",
          "V6",
          "V7",
          "V8"
        ],
        "mirror": "palindromic",
        "surrounds": {
          "4x4x4x4": true,
          "2x2x2x2_pairs": true
        }
      },
      "receipts": {
        "OPE_debt_max": 0.04,
        "FCE_debt_max": 0.04,
        "votes_required": {
          "mirror": 16,
          "views": 40
        }
      }
    },
    {
      "id": "S47",
      "index": 47,
      "name": "SECURITY",
      "domain": "Redaction/Declass",
      "tokens": {
        "standins": [
          "units",
          "bounds",
          "guards",
          "precision"
        ],
        "dna10": [
          "timing",
          "polarity",
          "scale",
          "pose",
          "domain",
          "conditioning",
          "units",
          "precision",
          "cost",
          "seed"
        ]
      },
      "views": {
        "octet": [
          "V1",
          "V2",
          "V3",
          "V4",
          "V5",
          "V6",
          "V7",
          "V8"
        ],
        "mirror": "palindromic",
        "surrounds": {
          "4x4x4x4": true,
          "2x2x2x2_pairs": true
        }
      },
      "receipts": {
        "OPE_debt_max": 0.04,
        "FCE_debt_max": 0.04,
        "votes_required": {
          "mirror": 16,
          "views": 40
        }
      }
    },
    {
      "id": "S48",
      "index": 48,
      "name": "TESTKIT",
      "domain": "Fixtures",
      "tokens": {
        "standins": [
          "units",
          "bounds",
          "guards",
          "precision"
        ],
        "dna10": [
          "timing",
          "polarity",
          "scale",
          "pose",
          "domain",
          "conditioning",
          "units",
          "precision",
          "cost",
          "seed"
        ]
      },
      "views": {
        "octet": [
          "V1",
          "V2",
          "V3",
          "V4",
          "V5",
          "V6",
          "V7",
          "V8"
        ],
        "mirror": "palindromic",
        "surrounds": {
          "4x4x4x4": true,
          "2x2x2x2_pairs": true
        }
      },
      "receipts": {
        "OPE_debt_max": 0.04,
        "FCE_debt_max": 0.04,
        "votes_required": {
          "mirror": 16,
          "views": 40
        }
      }
    },
    {
      "id": "S49",
      "index": 49,
      "name": "BENCH",
      "domain": "Benchmarks",
      "tokens": {
        "standins": [
          "units",
          "bounds",
          "guards",
          "precision"
        ],
        "dna10": [
          "timing",
          "polarity",
          "scale",
          "pose",
          "domain",
          "conditioning",
          "units",
          "precision",
          "cost",
          "seed"
        ]
      },
      "views": {
        "octet": [
          "V1",
          "V2",
          "V3",
          "V4",
          "V5",
          "V6",
          "V7",
          "V8"
        ],
        "mirror": "palindromic",
        "surrounds": {
          "4x4x4x4": true,
          "2x2x2x2_pairs": true
        }
      },
      "receipts": {
        "OPE_debt_max": 0.04,
        "FCE_debt_max": 0.04,
        "votes_required": {
          "mirror": 16,
          "views": 40
        }
      }
    },
    {
      "id": "S50",
      "index": 50,
      "name": "HINGE",
      "domain": "n=4\u21925 detector",
      "tokens": {
        "standins": [
          "units",
          "bounds",
          "guards",
          "precision"
        ],
        "dna10": [
          "timing",
          "polarity",
          "scale",
          "pose",
          "domain",
          "conditioning",
          "units",
          "precision",
          "cost",
          "seed"
        ]
      },
      "views": {
        "octet": [
          "V1",
          "V2",
          "V3",
          "V4",
          "V5",
          "V6",
          "V7",
          "V8"
        ],
        "mirror": "palindromic",
        "surrounds": {
          "4x4x4x4": true,
          "2x2x2x2_pairs": true
        }
      },
      "receipts": {
        "OPE_debt_max": 0.04,
        "FCE_debt_max": 0.04,
        "votes_required": {
          "mirror": 16,
          "views": 40
        }
      }
    },
    {
      "id": "S51",
      "index": 51,
      "name": "CARTAN",
      "domain": "Cartan subalgebra",
      "tokens": {
        "standins": [
          "units",
          "bounds",
          "guards",
          "precision"
        ],
        "dna10": [
          "timing",
          "polarity",
          "scale",
          "pose",
          "domain",
          "conditioning",
          "units",
          "precision",
          "cost",
          "seed"
        ]
      },
      "views": {
        "octet": [
          "V1",
          "V2",
          "V3",
          "V4",
          "V5",
          "V6",
          "V7",
          "V8"
        ],
        "mirror": "palindromic",
        "surrounds": {
          "4x4x4x4": true,
          "2x2x2x2_pairs": true
        }
      },
      "receipts": {
        "OPE_debt_max": 0.04,
        "FCE_debt_max": 0.04,
        "votes_required": {
          "mirror": 16,
          "views": 40
        }
      }
    },
    {
      "id": "S52",
      "index": 52,
      "name": "PARITY",
      "domain": "Lockstep lanes",
      "tokens": {
        "standins": [
          "units",
          "bounds",
          "guards",
          "precision"
        ],
        "dna10": [
          "timing",
          "polarity",
          "scale",
          "pose",
          "domain",
          "conditioning",
          "units",
          "precision",
          "cost",
          "seed"
        ]
      },
      "views": {
        "octet": [
          "V1",
          "V2",
          "V3",
          "V4",
          "V5",
          "V6",
          "V7",
          "V8"
        ],
        "mirror": "palindromic",
        "surrounds": {
          "4x4x4x4": true,
          "2x2x2x2_pairs": true
        }
      },
      "receipts": {
        "OPE_debt_max": 0.04,
        "FCE_debt_max": 0.04,
        "votes_required": {
          "mirror": 16,
          "views": 40
        }
      }
    },
    {
      "id": "S53",
      "index": 53,
      "name": "DELTA",
      "domain": "\u0394-lift cookbook",
      "tokens": {
        "standins": [
          "units",
          "bounds",
          "guards",
          "precision"
        ],
        "dna10": [
          "timing",
          "polarity",
          "scale",
          "pose",
          "domain",
          "conditioning",
          "units",
          "precision",
          "cost",
          "seed"
        ]
      },
      "views": {
        "octet": [
          "V1",
          "V2",
          "V3",
          "V4",
          "V5",
          "V6",
          "V7",
          "V8"
        ],
        "mirror": "palindromic",
        "surrounds": {
          "4x4x4x4": true,
          "2x2x2x2_pairs": true
        }
      },
      "receipts": {
        "OPE_debt_max": 0.04,
        "FCE_debt_max": 0.04,
        "votes_required": {
          "mirror": 16,
          "views": 40
        }
      }
    },
    {
      "id": "S54",
      "index": 54,
      "name": "STRICT",
      "domain": "Ratcheting rules",
      "tokens": {
        "standins": [
          "units",
          "bounds",
          "guards",
          "precision"
        ],
        "dna10": [
          "timing",
          "polarity",
          "scale",
          "pose",
          "domain",
          "conditioning",
          "units",
          "precision",
          "cost",
          "seed"
        ]
      },
      "views": {
        "octet": [
          "V1",
          "V2",
          "V3",
          "V4",
          "V5",
          "V6",
          "V7",
          "V8"
        ],
        "mirror": "palindromic",
        "surrounds": {
          "4x4x4x4": true,
          "2x2x2x2_pairs": true
        }
      },
      "receipts": {
        "OPE_debt_max": 0.04,
        "FCE_debt_max": 0.04,
        "votes_required": {
          "mirror": 16,
          "views": 40
        }
      }
    },
    {
      "id": "S55",
      "index": 55,
      "name": "RECEIPTS",
      "domain": "Scoring/Hashes",
      "tokens": {
        "standins": [
          "units",
          "bounds",
          "guards",
          "precision"
        ],
        "dna10": [
          "timing",
          "polarity",
          "scale",
          "pose",
          "domain",
          "conditioning",
          "units",
          "precision",
          "cost",
          "seed"
        ]
      },
      "views": {
        "octet": [
          "V1",
          "V2",
          "V3",
          "V4",
          "V5",
          "V6",
          "V7",
          "V8"
        ],
        "mirror": "palindromic",
        "surrounds": {
          "4x4x4x4": true,
          "2x2x2x2_pairs": true
        }
      },
      "receipts": {
        "OPE_debt_max": 0.04,
        "FCE_debt_max": 0.04,
        "votes_required": {
          "mirror": 16,
          "views": 40
        }
      }
    },
    {
      "id": "S56",
      "index": 56,
      "name": "TORI",
      "domain": "Toroidal registry",
      "tokens": {
        "standins": [
          "units",
          "bounds",
          "guards",
          "precision"
        ],
        "dna10": [
          "timing",
          "polarity",
          "scale",
          "pose",
          "domain",
          "conditioning",
          "units",
          "precision",
          "cost",
          "seed"
        ]
      },
      "views": {
        "octet": [
          "V1",
          "V2",
          "V3",
          "V4",
          "V5",
          "V6",
          "V7",
          "V8"
        ],
        "mirror": "palindromic",
        "surrounds": {
          "4x4x4x4": true,
          "2x2x2x2_pairs": true
        }
      },
      "receipts": {
        "OPE_debt_max": 0.04,
        "FCE_debt_max": 0.04,
        "votes_required": {
          "mirror": 16,
          "views": 40
        }
      }
    },
    {
      "id": "S57",
      "index": 57,
      "name": "FORMS",
      "domain": "Construction-A",
      "tokens": {
        "standins": [
          "units",
          "bounds",
          "guards",
          "precision"
        ],
        "dna10": [
          "timing",
          "polarity",
          "scale",
          "pose",
          "domain",
          "conditioning",
          "units",
          "precision",
          "cost",
          "seed"
        ]
      },
      "views": {
        "octet": [
          "V1",
          "V2",
          "V3",
          "V4",
          "V5",
          "V6",
          "V7",
          "V8"
        ],
        "mirror": "palindromic",
        "surrounds": {
          "4x4x4x4": true,
          "2x2x2x2_pairs": true
        }
      },
      "receipts": {
        "OPE_debt_max": 0.04,
        "FCE_debt_max": 0.04,
        "votes_required": {
          "mirror": 16,
          "views": 40
        }
      }
    },
    {
      "id": "S58",
      "index": 58,
      "name": "GLUE",
      "domain": "Half-shift/Evenness",
      "tokens": {
        "standins": [
          "units",
          "bounds",
          "guards",
          "precision"
        ],
        "dna10": [
          "timing",
          "polarity",
          "scale",
          "pose",
          "domain",
          "conditioning",
          "units",
          "precision",
          "cost",
          "seed"
        ]
      },
      "views": {
        "octet": [
          "V1",
          "V2",
          "V3",
          "V4",
          "V5",
          "V6",
          "V7",
          "V8"
        ],
        "mirror": "palindromic",
        "surrounds": {
          "4x4x4x4": true,
          "2x2x2x2_pairs": true
        }
      },
      "receipts": {
        "OPE_debt_max": 0.04,
        "FCE_debt_max": 0.04,
        "votes_required": {
          "mirror": 16,
          "views": 40
        }
      }
    },
    {
      "id": "S59",
      "index": 59,
      "name": "MONITOR",
      "domain": "Hot-zone caps",
      "tokens": {
        "standins": [
          "units",
          "bounds",
          "guards",
          "precision"
        ],
        "dna10": [
          "timing",
          "polarity",
          "scale",
          "pose",
          "domain",
          "conditioning",
          "units",
          "precision",
          "cost",
          "seed"
        ]
      },
      "views": {
        "octet": [
          "V1",
          "V2",
          "V3",
          "V4",
          "V5",
          "V6",
          "V7",
          "V8"
        ],
        "mirror": "palindromic",
        "surrounds": {
          "4x4x4x4": true,
          "2x2x2x2_pairs": true
        }
      },
      "receipts": {
        "OPE_debt_max": 0.04,
        "FCE_debt_max": 0.04,
        "votes_required": {
          "mirror": 16,
          "views": 40
        }
      }
    },
    {
      "id": "S60",
      "index": 60,
      "name": "ORACLE",
      "domain": "Prompts/Gates",
      "tokens": {
        "standins": [
          "units",
          "bounds",
          "guards",
          "precision"
        ],
        "dna10": [
          "timing",
          "polarity",
          "scale",
          "pose",
          "domain",
          "conditioning",
          "units",
          "precision",
          "cost",
          "seed"
        ]
      },
      "views": {
        "octet": [
          "V1",
          "V2",
          "V3",
          "V4",
          "V5",
          "V6",
          "V7",
          "V8"
        ],
        "mirror": "palindromic",
        "surrounds": {
          "4x4x4x4": true,
          "2x2x2x2_pairs": true
        }
      },
      "receipts": {
        "OPE_debt_max": 0.04,
        "FCE_debt_max": 0.04,
        "votes_required": {
          "mirror": 16,
          "views": 40
        }
      }
    },
    {
      "id": "S61",
      "index": 61,
      "name": "KNOWLEDGE",
      "domain": "Glyph labels",
      "tokens": {
        "standins": [
          "units",
          "bounds",
          "guards",
          "precision"
        ],
        "dna10": [
          "timing",
          "polarity",
          "scale",
          "pose",
          "domain",
          "conditioning",
          "units",
          "precision",
          "cost",
          "seed"
        ]
      },
      "views": {
        "octet": [
          "V1",
          "V2",
          "V3",
          "V4",
          "V5",
          "V6",
          "V7",
          "V8"
        ],
        "mirror": "palindromic",
        "surrounds": {
          "4x4x4x4": true,
          "2x2x2x2_pairs": true
        }
      },
      "receipts": {
        "OPE_debt_max": 0.04,
        "FCE_debt_max": 0.04,
        "votes_required": {
          "mirror": 16,
          "views": 40
        }
      }
    },
    {
      "id": "S62",
      "index": 62,
      "name": "COLOR",
      "domain": "Hue/Gradient hashes",
      "tokens": {
        "standins": [
          "units",
          "bounds",
          "guards",
          "precision"
        ],
        "dna10": [
          "timing",
          "polarity",
          "scale",
          "pose",
          "domain",
          "conditioning",
          "units",
          "precision",
          "cost",
          "seed"
        ]
      },
      "views": {
        "octet": [
          "V1",
          "V2",
          "V3",
          "V4",
          "V5",
          "V6",
          "V7",
          "V8"
        ],
        "mirror": "palindromic",
        "surrounds": {
          "4x4x4x4": true,
          "2x2x2x2_pairs": true
        }
      },
      "receipts": {
        "OPE_debt_max": 0.04,
        "FCE_debt_max": 0.04,
        "votes_required": {
          "mirror": 16,
          "views": 40
        }
      }
    },
    {
      "id": "S63",
      "index": 63,
      "name": "WORKFLOWS",
      "domain": "Pipelines",
      "tokens": {
        "standins": [
          "units",
          "bounds",
          "guards",
          "precision"
        ],
        "dna10": [
          "timing",
          "polarity",
          "scale",
          "pose",
          "domain",
          "conditioning",
          "units",
          "precision",
          "cost",
          "seed"
        ]
      },
      "views": {
        "octet": [
          "V1",
          "V2",
          "V3",
          "V4",
          "V5",
          "V6",
          "V7",
          "V8"
        ],
        "mirror": "palindromic",
        "surrounds": {
          "4x4x4x4": true,
          "2x2x2x2_pairs": true
        }
      },
      "receipts": {
        "OPE_debt_max": 0.04,
        "FCE_debt_max": 0.04,
        "votes_required": {
          "mirror": 16,
          "views": 40
        }
      }
    }
  ]
}