{
  "version": "1.1",
  "presets": {
    "local_8x8": {
      "grid": [
        8,
        8
      ],
      "modes": [
        "intensity",
        "phase",
        "chirality",
        "parity",
        "entropy",
        "cartan",
        "spectral",
        "temporal"
      ],
      "mirror": {
        "enabled": true,
        "type": "palindromic",
        "tolerance": 0.001
      },
      "palette": "hsv_octet"
    },
    "surround_4x4x4x4": {
      "shells": [
        4,
        4,
        4,
        4
      ],
      "relationship": "nearest-4D neighbor lattice",
      "parity_lanes": 2,
      "transfer": [
        "delta_flux",
        "bias_repaint",
        "phase_unwrap",
        "cartan_snap"
      ]
    },
    "parity_2x2x2x2_pairs": {
      "shells": [
        2,
        2,
        2,
        2
      ],
      "neighbors": "paired",
      "checks": [
        "lockstep",
        "anti-lockstep"
      ],
      "caps": [
        "entropy_trim",
        "hinge_promote"
      ]
    },
    "overlays": {
      "light": [
        "spectrum",
        "polarization",
        "QED_noise",
        "axion_mix (redacted metadata)"
      ],
      "sound": [
        "harmonics",
        "subharmonics (nonlinear flags only)",
        "envelopes"
      ],
      "heat": [
        "temp_fields",
        "fourier_flux",
        "landauer_cost (abstract)"
      ]
    }
  },
  "safety": {
    "redactions": [
      "No lab recipes; no parametric drive values that enable hazardous replication",
      "Physics overlays only expose dimensionless receipts and sanitized metrics"
    ]
  }
}