{
  "id": "WO-4b845df5-5fa4-4497-a72f-35d0b998b236",
  "ts": "2025-09-20T14:59:24.654462Z",
  "objective": "Unify toroidal forms into a single 2-bit alternating placement on one face; run global scan; dive hot zones.",
  "tasks": [
    "GLOBAL_SCAN: viewers.local_8x8 + surrounds; record hotzones",
    "DIVE_QCHEM: apply playbook with sanitized spectra",
    "DIVE_SPINTRONICS: run chiral filters (abstract)",
    "DIVE_PLASMA: braid invariants (dimensionless)",
    "LIGHT_QED_OVERLAY: spectrum & polarization",
    "HEAT_ENTROPY_OVERLAY: Landauer bounds",
    "HINGE_SWEEP: run n=4\u21925 detector across forms",
    "LEDGER_COMMIT: write 4-bit receipts"
  ],
  "safety_mode": "Blueprint"
}