{
  "t": 1,
  "count": 256,
  "deferred": 1488,
  "occ_top": [
    [
      "I:6,0,0,0,0,0,0,0",
      1
    ],
    [
      "I:8,-1,2,-1,-2,1,-2,1",
      1
    ],
    [
      "I:8,-1,1,1,-1,-1,-2,1",
      1
    ],
    [
      "I:8,-1,-2,1,1,1,-1,-1",
      1
    ],
    [
      "I:10,-1,1,-1,3,0,3,-3",
      1
    ],
    [
      "H:19,-5,5,-1,5,-1,1,1",
      1
    ],
    [
      "I:8,1,2,1,1,-1,1,-1",
      1
    ],
    [
      "H:15,-3,3,-3,-3,3,-3,3",
      1
    ],
    [
      "H:17,1,3,3,1,5,3,3",
      1
    ],
    [
      "I:7,0,-1,0,0,-1,0,1",
      1
    ],
    [
      "I:7,1,0,0,-1,-1,0,0",
      1
    ],
    [
      "H:17,1,1,-5,1,5,-5,1",
      1
    ],
    [
      "H:19,-7,-5,5,-5,5,7,-7",
      1
    ],
    [
      "I:10,1,3,3,3,0,1,1",
      1
    ],
    [
      "I:7,-1,0,0,0,0,1,-1",
      1
    ],
    [
      "H:19,-1,-1,-5,-1,1,-5,5",
      1
    ],
    [
      "H:13,1,1,1,1,1,1,1",
      1
    ],
    [
      "I:7,0,1,0,0,1,0,1",
      1
    ],
    [
      "H:15,-3,3,-3,3,-3,3,-3",
      1
    ],
    [
      "I:8,-1,1,-2,-2,1,-1,2",
      1
    ]
  ],
  "distortion": {
    "n": 134,
    "mean": 0.38534,
    "max": 0.812022
  },
  "kurtosis": {
    "pre": 8.603417724038367,
    "post": 2.0369368865560267
  },
  "scale": 2.0,
  "neighbor_hit": 0.65,
  "timing": {
    "encode_ms": 9.825,
    "cas_ms": 175.587,
    "per_vec_ms": 0.7243
  },
  "entropy": 4.897839799816907,
  "scale_eval": {
    "0.5": 4.140625,
    "0.75": 1.779513888888889,
    "1.0": 0.453125,
    "1.5": 0.38020833333333315,
    "2.0": 0.0,
    "3.0": 0.05034722222222224
  }
}