{
  "$schema": "https://json-schema.org/draft/2020-12/schema",
  "title": "Controller Manifest",
  "type": "object",
  "required": [
    "name",
    "description",
    "acceptance_tests"
  ],
  "properties": {
    "name": {
      "type": "string"
    },
    "description": {
      "type": "string"
    },
    "acceptance_tests": {
      "type": "array",
      "items": {
        "type": "string"
      }
    },
    "ecc_layers": {
      "type": "array",
      "items": {
        "type": "string"
      }
    },
    "resolution_priority": {
      "type": "array",
      "items": {
        "type": "string"
      }
    },
    "portals": {
      "type": "array",
      "items": {
        "type": "string"
      }
    },
    "notes": {
      "type": "string"
    }
  }
}