{
  "$schema": "https://json-schema.org/draft/2020-12/schema",
  "title": "Parity-Torus Receipt",
  "type": "object",
  "required": [
    "residual_word",
    "forward_anchor_hash",
    "mirror_anchor_hash",
    "delta_phi_cycle",
    "parity_torus",
    "governance_word",
    "accepted"
  ],
  "properties": {
    "residual_word": {
      "type": "string"
    },
    "forward_anchor_hash": {
      "type": "string"
    },
    "mirror_anchor_hash": {
      "type": "string"
    },
    "delta_phi_cycle": {
      "type": "number"
    },
    "parity_torus": {
      "type": "object",
      "required": [
        "segments",
        "pattern",
        "pi_over"
      ],
      "properties": {
        "segments": {
          "type": "integer",
          "const": 6
        },
        "pattern": {
          "type": "string",
          "enum": [
            "LR"
          ]
        },
        "pi_over": {
          "type": "integer",
          "const": 4
        }
      }
    },
    "governance_word": {
      "type": "string"
    },
    "accepted": {
      "type": "boolean"
    },
    "notes": {
      "type": "string"
    }
  }
}