{
  "$schema": "https://json-schema.org/draft/2020-12/schema",
  "title": "Resolution String",
  "type": "object",
  "required": [
    "unit_id",
    "state",
    "route",
    "caps"
  ],
  "properties": {
    "unit_id": {
      "type": "string"
    },
    "state": {
      "type": "string",
      "enum": [
        "REST",
        "MOVE"
      ]
    },
    "caps": {
      "type": "array",
      "items": {
        "type": "string",
        "enum": [
          "phase",
          "projector",
          "lane",
          "epoch",
          "attention",
          "receipts"
        ]
      }
    },
    "route": {
      "type": "array",
      "items": {
        "type": "string",
        "enum": [
          "overlay_descent",
          "parity_torus",
          "micro_crucible"
        ]
      }
    },
    "micro_crucible_program": {
      "type": "string"
    },
    "last_update_unix": {
      "type": "integer"
    }
  }
}