{
  "$schema": "https://json-schema.org/draft/2020-12/schema",
  "title": "MasterToken",
  "type": "object",
  "required": [
    "token_id",
    "weyl_id",
    "chamber_id",
    "input_digest",
    "output_digest",
    "user_comparator",
    "braid_receipt"
  ],
  "properties": {
    "token_id": {
      "type": "string"
    },
    "weyl_id": {
      "type": "integer"
    },
    "chamber_id": {
      "type": "integer"
    },
    "input_digest": {
      "type": "string"
    },
    "output_digest": {
      "type": "string"
    },
    "user_comparator": {
      "type": "object"
    },
    "braid_receipt": {
      "type": "object"
    },
    "ledger_refs": {
      "type": "object"
    },
    "sidecar": {
      "type": "object"
    }
  }
}