{
  "$schema": "https://json-schema.org/draft/2020-12/schema",
  "title": "Atomic Module Contract (AMC)",
  "type": "object",
  "required": [
    "name",
    "kind",
    "inputs",
    "outputs",
    "capabilities",
    "deterministic",
    "fence_rules"
  ],
  "properties": {
    "name": {
      "type": "string"
    },
    "kind": {
      "type": "string",
      "enum": [
        "normalizer",
        "ingress",
        "slicer",
        "router",
        "painter",
        "overlay",
        "composer",
        "receipts",
        "compliance",
        "nugget",
        "custom"
      ]
    },
    "inputs": {
      "type": "array",
      "items": {
        "type": "string"
      }
    },
    "outputs": {
      "type": "array",
      "items": {
        "type": "string"
      }
    },
    "capabilities": {
      "type": "array",
      "items": {
        "type": "string"
      }
    },
    "deterministic": {
      "type": "boolean"
    },
    "fence_rules": {
      "type": "array",
      "items": {
        "type": "string"
      }
    },
    "config": {
      "type": "object"
    }
  }
}