{
  "$schema": "https://json-schema.org/draft/2020-12/schema",
  "title": "CQE Pack (Atomic Tick Message)",
  "type": "object",
  "required": [
    "pack_id",
    "weyl_id",
    "chamber_id",
    "gsl",
    "meta",
    "payload",
    "fastlane"
  ],
  "properties": {
    "pack_id": {
      "type": "string"
    },
    "weyl_id": {
      "type": "integer",
      "minimum": 0,
      "maximum": 7
    },
    "chamber_id": {
      "type": "integer",
      "minimum": 0,
      "maximum": 4095
    },
    "gsl": {
      "type": "object",
      "properties": {
        "base": {
          "type": "integer"
        },
        "octave_k": {
          "type": "integer"
        },
        "riser": {
          "type": "integer"
        }
      }
    },
    "meta": {
      "type": "object",
      "properties": {
        "window_id": {
          "type": "string"
        },
        "tick": {
          "type": "integer"
        },
        "phi_alpha": {
          "type": "number"
        },
        "grad": {
          "type": "object",
          "properties": {
            "gain": {
              "type": "number"
            },
            "norm": {
              "type": "number"
            }
          }
        },
        "caps": {
          "type": "array",
          "items": {
            "type": "string"
          }
        }
      }
    },
    "payload": {
      "type": "object"
    },
    "fastlane": {
      "type": "boolean"
    },
    "hash": {
      "type": "string"
    }
  }
}