{
  "hdr": {
    "ver": "cec-1",
    "token_ref": "gaev1://DEMO_NGD_SHA256_uplift"
  },
  "corridor": {
    "mods": [
      2,
      4,
      8,
      13
    ],
    "allow_in": [],
    "allow_io": []
  },
  "gates": {
    "required": [
      "parity",
      "timing"
    ]
  },
  "falsifiers": [
    "replay",
    "cona",
    "octad",
    "dual-red",
    "lambda-band"
  ],
  "alena": {
    "lambda": 0.655,
    "flip_mask": "spec-whitelist-01"
  },
  "ledger": {
    "bind": {
      "run_id": "R-uplift-0001",
      "step_id": 1,
      "prev_hash": "\u2026"
    }
  },
  "evidence": {
    "required": []
  },
  "return_to_even": true,
  "pal_profile": {
    "theta4": 0,
    "theta8": 0
  },
  "latches": [
    0,
    0,
    0,
    0,
    0,
    0,
    0,
    0
  ],
  "pulse_order": [
    0,
    1,
    2,
    3,
    4,
    5,
    6,
    7
  ],
  "bounds_eps": 0.001,
  "cec_b3": "DEMO_BLAKE3_uplift",
  "cose_sig": "DEMO_COSE_SIG"
}