{
  "ver": "gae-1",
  "token": "uplift_demo",
  "ngd": {
    "thresholds": [
      "drive_1_4",
      "repr_1_8"
    ],
    "scale_family": 16,
    "residues": [
      2,
      4,
      8,
      13
    ],
    "faces": [
      "octad"
    ]
  },
  "provenance": {
    "model": "LFAI",
    "seed_hash": "S:demo",
    "timestamp": "2025-09-16T23:22:09Z",
    "run_id": "R-uplift-0001"
  },
  "rest_scale": 4,
  "dyadic_depth": 2,
  "uplift_count": 1,
  "two_adic_max": 8,
  "pulse_tolerance": 0.001,
  "ngd_sha256": "DEMO_NGD_SHA256_uplift",
  "kid": "lfai-key-2025-09",
  "sig_jws": "DEMO_SIGNATURE"
}