rel_path,ext,lines,words,kw_SFBB,kw_superperm,kw_superpermutation,kw_AGRM,kw_MDHG,kw_CMPLX,kw_E8,kw_LSDT,kw_TSP,kw_de bruijn,kw_debruijn,kw_beam,kw_orchestrator,kw_hash,kw_golden,kw_glyph,kw_lattice,py_has_main,py_num_classes,py_num_functions
Revised Code/Revised Code/construct_superpermutation.py,.py,236,1090,0,36,36,0,0,0,0,0,0,0,0,0,0,52,0,0,0,True,0,4
Revised Code/Revised Code/construct_superpermutation.py_superpermutation_generator.py,.py,236,1090,0,36,36,0,0,0,0,0,0,0,0,0,0,52,0,0,0,True,0,4
Revised Code/Revised Code/layout_memory.py_analysis_scripts_final.py,.py,100,596,0,4,4,0,0,0,0,0,0,0,0,0,0,0,0,0,0,False,1,9
Revised Code/Revised Code/utils.py_graph_utils.py,.py,91,593,0,3,3,0,0,0,0,0,0,4,0,0,0,11,0,0,0,False,0,12
Revised Code/Revised Code/utils_graph_utils.py,.py,89,366,0,1,1,0,0,0,0,0,0,2,0,0,0,11,0,0,0,False,0,12
