{
  "$id": "overlay.schema.json",
  "type": "object",
  "required": [
    "frame",
    "nodes",
    "pose"
  ],
  "properties": {
    "frame": {
      "enum": [
        "e8_canonical_v1"
      ]
    },
    "nodes": {
      "type": "object",
      "required": [
        "present",
        "w",
        "phi"
      ],
      "properties": {
        "present": {
          "type": "array",
          "items": {
            "type": "boolean"
          },
          "minItems": 248,
          "maxItems": 248
        },
        "w": {
          "type": "array",
          "items": {
            "type": "number"
          },
          "minItems": 248,
          "maxItems": 248
        },
        "phi": {
          "type": "array",
          "items": {
            "type": [
              "number",
              "null"
            ]
          },
          "minItems": 248,
          "maxItems": 248
        }
      }
    },
    "pose": {
      "type": "object"
    }
  }
}