{
  "hdr": {
    "ver": "cec-1",
    "token_ref": "gaev1://DEMO_NGD_SHA256_iceVII"
  },
  "corridor": {
    "mods": [
      2,
      4,
      8,
      13,
      24,
      32
    ],
    "allow_in": [],
    "allow_io": [
      "policy:ice"
    ]
  },
  "gates": {
    "required": [
      "lattice",
      "spectral"
    ]
  },
  "falsifiers": [
    "replay",
    "cona",
    "octad",
    "dual-red",
    "lambda-band"
  ],
  "alena": {
    "lambda": 0.655,
    "flip_mask": "spec-whitelist-01"
  },
  "ledger": {
    "bind": {
      "run_id": "R-ice-0001",
      "step_id": 1,
      "prev_hash": "\u2026"
    }
  },
  "evidence": {
    "required": [
      "pressure_gpa>=2.0",
      "temperature_c>=10"
    ]
  },
  "cec_b3": "DEMO_BLAKE3_iceVII",
  "cose_sig": "DEMO_COSE_SIG"
}