{
  "rails": [
    {
      "name": "Parity_Lock",
      "pass": true,
      "reason": "Mirrorable rest at n=4; local mirror respected at n=5 insertions."
    },
    {
      "name": "Idempotence",
      "pass": true,
      "reason": "Canonicalization repeats with no change on accepted classes."
    },
    {
      "name": "Rotation_Invariance",
      "pass": true,
      "reason": "Classes stable under D8\u00d7parity action (labels permute)."
    },
    {
      "name": "Octad_Necessity",
      "pass": true,
      "reason": "Exactly eight inequivalent insertion classes at n=5."
    }
  ],
  "fourbit": "1111",
  "rest_hash": "1d129edaa58f726e"
}