{
  "name": "id_25",
  "id": 25,
  "rails": "QD",
  "seed": 2140372406,
  "url": "https://phys.org/news/2025-09-synthetic-magnetic-fields-chip-faster.html",
  "domain": "phys.org",
  "status": "verified",
  "interfaces": {
    "input": {
      "type": "cqe:rest_state",
      "schema": "parity/octet/h16 overlays"
    },
    "output": {
      "type": "cqe:overlay_bundle",
      "schema": "OPE/FCE receipts + overlays"
    }
  },
  "metrics": {
    "OPE_P8_D": 6,
    "OPE_debt": 0.0396710860061313,
    "FCE_Dvotes": 42,
    "FCE_debt": 0.0426603289266184,
    "mirror_primary": 0,
    "mirror_mirror": 0,
    "mirror_debt": 0.0396710860061313
  },
  "artifacts": {
    "ledger": "receipts/ledger_snapshot.csv",
    "wrapper_receipts": "receipts/wrapper_receipts_latest.csv"
  },
  "runner": "sdk.cqe.runner:run_module"
}