{
  "weatherbench_provisional": {
    "mse_global_6h": 0.385,
    "acc_global_6h": 0.823,
    "rmse_global_6h": 0.62,
    "mse_tropics_6h": 0.312,
    "acc_tropics_6h": 0.867,
    "mse_extratropics_6h": 0.401,
    "acc_extratropics_6h": 0.806,
    "parity_rmse_eq_sqrt_mse": true,
    "monotone_degradation_ok": true,
    "fourbit": "1111"
  },
  "opencatalyst_surrogate_provisional": {
    "energy_start": -0.04385,
    "energy_after_step": -0.04247,
    "energy_drop": -0.00138,
    "parity_grad_descent_reversible": true,
    "units_consistent": true,
    "stability_flag": true,
    "fourbit": "0111"
  }
}