{
  "policy": {
    "base": {
      "geometry": {
        "weight": 1.0
      },
      "parity": {}
    },
    "ext": {
      "version": "cqe_policy_ext_v1",
      "acceptance": {
        "eps_phi": 1e-06,
        "plateau_cap": 0,
        "midpoint_requires_parity_drop": true,
        "quorum": {
          "enabled": true,
          "metrics": [
            "geom",
            "parity",
            "sparsity"
          ],
          "rule": "all",
          "m": 2
        },
        "escrow": {
          "enabled": true,
          "cap": 0.001,
          "horizon": 3
        }
      },
      "shells": {
        "counterfactual": {
          "enabled": true,
          "variants": [
            {
              "mode": "radial",
              "base": 0.15,
              "factor": 2
            },
            {
              "mode": "graph",
              "base": 2,
              "factor": 2
            }
          ],
          "selection_metric": "strict_gain"
        }
      },
      "thermostat": {
        "enabled": true,
        "sector_target_ratio_min": 0.3,
        "pid": {
          "kp": 0.5,
          "ki": 0.0,
          "kd": 0.0
        },
        "initial_lambda": 0.0,
        "lambda_bounds": [
          -1.0,
          1.0
        ]
      },
      "zk_parity": {
        "enabled": true,
        "scheme": "stub_hash"
      },
      "negative_proof_cache": {
        "enabled": true,
        "threshold": 0.001
      }
    }
  },
  "rings": [],
  "stages": [
    {
      "stage": 0,
      "variantA": {
        "fp": "radial:R=0.150000",
        "stats": {
          "accepts": 0,
          "strict_gain": 1.6954308081918832
        },
        "lanes": [
          {
            "variant": "radial",
            "fp": "radial:R=0.150000",
            "op": "Rtheta",
            "phi_before": 4.749235557976862,
            "phi_after": 4.749235557976861,
            "delta": -8.881784197001252e-16,
            "accepted": false,
            "reason": "delta_increase",
            "ok": true,
            "overlay_id": "7bf8ca2c663297eeec750e532f512f647a5a102015a71d1645c3bfb7af61ef32"
          },
          {
            "variant": "radial",
            "fp": "radial:R=0.150000",
            "op": "Midpoint",
            "phi_before": 4.749235557976862,
            "phi_after": 3.0538047497849794,
            "delta": -1.6954308081918823,
            "accepted": false,
            "reason": "delta_increase",
            "ok": true,
            "overlay_id": "9673498cefa58e29e2f5ee9e6993f3fd4f7b55e0bceeb8bd93e92f4ca3c7a13b"
          },
          {
            "variant": "radial",
            "fp": "radial:R=0.150000",
            "op": "WeylReflect",
            "phi_before": 4.749235557976862,
            "phi_after": 4.749235557976862,
            "delta": 0.0,
            "accepted": false,
            "reason": "delta_increase",
            "ok": true,
            "overlay_id": "e76613a93e77c6bd35db3dbec77510f2d811dda3fb05cfcf6380a2c6e496bef2"
          }
        ]
      },
      "variantB": {
        "fp": "graph:hops=2",
        "stats": {
          "accepts": 0,
          "strict_gain": 1.6954308081918832
        },
        "lanes": [
          {
            "variant": "graph",
            "fp": "graph:hops=2",
            "op": "Rtheta",
            "phi_before": 4.749235557976862,
            "phi_after": 4.749235557976861,
            "delta": -8.881784197001252e-16,
            "accepted": false,
            "reason": "delta_increase",
            "ok": true,
            "overlay_id": "7bf8ca2c663297eeec750e532f512f647a5a102015a71d1645c3bfb7af61ef32"
          },
          {
            "variant": "graph",
            "fp": "graph:hops=2",
            "op": "Midpoint",
            "phi_before": 4.749235557976862,
            "phi_after": 3.0538047497849794,
            "delta": -1.6954308081918823,
            "accepted": false,
            "reason": "delta_increase",
            "ok": true,
            "overlay_id": "9673498cefa58e29e2f5ee9e6993f3fd4f7b55e0bceeb8bd93e92f4ca3c7a13b"
          },
          {
            "variant": "graph",
            "fp": "graph:hops=2",
            "op": "WeylReflect",
            "phi_before": 4.749235557976862,
            "phi_after": 4.749235557976862,
            "delta": 0.0,
            "accepted": false,
            "reason": "delta_increase",
            "ok": true,
            "overlay_id": "e76613a93e77c6bd35db3dbec77510f2d811dda3fb05cfcf6380a2c6e496bef2"
          }
        ]
      },
      "winner": "A"
    },
    {
      "stage": 1,
      "variantA": {
        "fp": "radial:R=0.300000",
        "stats": {
          "accepts": 0,
          "strict_gain": 1.6954308081918832
        },
        "lanes": [
          {
            "variant": "radial",
            "fp": "radial:R=0.300000",
            "op": "Rtheta",
            "phi_before": 4.749235557976862,
            "phi_after": 4.749235557976861,
            "delta": -8.881784197001252e-16,
            "accepted": false,
            "reason": "delta_increase",
            "ok": true,
            "overlay_id": "7bf8ca2c663297eeec750e532f512f647a5a102015a71d1645c3bfb7af61ef32"
          },
          {
            "variant": "radial",
            "fp": "radial:R=0.300000",
            "op": "Midpoint",
            "phi_before": 4.749235557976862,
            "phi_after": 3.0538047497849794,
            "delta": -1.6954308081918823,
            "accepted": false,
            "reason": "delta_increase",
            "ok": true,
            "overlay_id": "9673498cefa58e29e2f5ee9e6993f3fd4f7b55e0bceeb8bd93e92f4ca3c7a13b"
          },
          {
            "variant": "radial",
            "fp": "radial:R=0.300000",
            "op": "WeylReflect",
            "phi_before": 4.749235557976862,
            "phi_after": 4.749235557976862,
            "delta": 0.0,
            "accepted": false,
            "reason": "delta_increase",
            "ok": true,
            "overlay_id": "e76613a93e77c6bd35db3dbec77510f2d811dda3fb05cfcf6380a2c6e496bef2"
          }
        ]
      },
      "variantB": {
        "fp": "graph:hops=4",
        "stats": {
          "accepts": 0,
          "strict_gain": 1.6954308081918832
        },
        "lanes": [
          {
            "variant": "graph",
            "fp": "graph:hops=4",
            "op": "Rtheta",
            "phi_before": 4.749235557976862,
            "phi_after": 4.749235557976861,
            "delta": -8.881784197001252e-16,
            "accepted": false,
            "reason": "delta_increase",
            "ok": true,
            "overlay_id": "7bf8ca2c663297eeec750e532f512f647a5a102015a71d1645c3bfb7af61ef32"
          },
          {
            "variant": "graph",
            "fp": "graph:hops=4",
            "op": "Midpoint",
            "phi_before": 4.749235557976862,
            "phi_after": 3.0538047497849794,
            "delta": -1.6954308081918823,
            "accepted": false,
            "reason": "delta_increase",
            "ok": true,
            "overlay_id": "9673498cefa58e29e2f5ee9e6993f3fd4f7b55e0bceeb8bd93e92f4ca3c7a13b"
          },
          {
            "variant": "graph",
            "fp": "graph:hops=4",
            "op": "WeylReflect",
            "phi_before": 4.749235557976862,
            "phi_after": 4.749235557976862,
            "delta": 0.0,
            "accepted": false,
            "reason": "delta_increase",
            "ok": true,
            "overlay_id": "e76613a93e77c6bd35db3dbec77510f2d811dda3fb05cfcf6380a2c6e496bef2"
          }
        ]
      },
      "winner": "A"
    }
  ],
  "overlay_store": {},
  "status": "completed_ext"
}