{
  "datum_id": "d_opt_th_001",
  "domain": "OPTICS",
  "receipts": [
    {
      "name": "OPTICS",
      "theta_res": 4.4733333333333334e-07,
      "D_back_err": 0.0,
      "rails": {
        "forward_back_ok": true,
        "theta_bounds_ok": true,
        "units_ok": true,
        "stability_ok": true
      },
      "fourbit": "1111"
    },
    {
      "name": "THERMAL",
      "P_W": 681.7931752056056,
      "T_back_err": 0.0,
      "rails": {
        "forward_back_ok": true,
        "P_bounds_ok": true,
        "units_ok": true,
        "stability_ok": true
      },
      "fourbit": "1111"
    }
  ],
  "sidecars_passed": [
    "OPTICS",
    "THERMAL"
  ],
  "fourbit_all_1111": true,
  "mlt_binding": {
    "glyphpack_id": "optics.v1",
    "label_normalized": "\u03bb=1.22\u00b7\u03bb/D \u27c2 \u2225",
    "codepoints": [
      "U+03BB",
      "U+003D",
      "U+0031",
      "U+002E",
      "U+0032",
      "U+0032",
      "U+00B7",
      "U+03BB",
      "U+002F",
      "U+0044",
      "U+0020",
      "U+27C2",
      "U+0020",
      "U+2225"
    ],
    "mlt_label_hash": "9fbe9eb4058805effbc3c0c88fb31a2a7c0da79825fbb2130d049be8ff37ce6f",
    "schema_hash": "32e96ff7e1eca0634442e0ee05a448fe3f4dfe8e28ba73a412801fec13aa94a6",
    "binding_commit_hash": "802003af096ce6c25441ed783a82dda52c48b921ecaac73d21704b4ce29b8a40"
  }
}