{
  "t": 0,
  "count": 512,
  "deferred": 5488,
  "occ_top": [
    [
      "I:15,4,-5,1,6,1,-8,-2",
      1
    ],
    [
      "I:8,1,2,1,-1,1,-1,1",
      1
    ],
    [
      "I:8,1,-2,-1,-1,-2,1,2",
      1
    ],
    [
      "H:17,3,-3,-5,3,5,-5,-3",
      1
    ],
    [
      "I:7,-1,0,0,1,-1,0,0",
      1
    ],
    [
      "I:7,1,0,0,1,1,0,0",
      1
    ],
    [
      "H:19,-5,1,1,1,1,-5,7",
      1
    ],
    [
      "I:11,1,-4,0,4,0,-3,1",
      1
    ],
    [
      "H:23,-9,3,-5,-5,3,-9,11",
      1
    ],
    [
      "H:15,-3,3,-3,-3,3,-3,3",
      1
    ],
    [
      "H:25,-7,5,-9,5,-9,7,-1",
      1
    ],
    [
      "I:8,1,-1,-2,1,-1,1,-1",
      1
    ],
    [
      "H:21,1,-7,1,9,1,-7,1",
      1
    ],
    [
      "I:8,-1,1,0,0,-1,-1,0",
      1
    ],
    [
      "H:13,1,1,1,1,1,1,1",
      1
    ],
    [
      "I:7,0,0,1,1,0,0,1",
      1
    ],
    [
      "I:8,-1,-1,2,-1,2,2,-1",
      1
    ],
    [
      "H:17,1,-5,1,-5,1,5,1",
      1
    ],
    [
      "I:8,-1,2,-1,2,-1,2,-1",
      1
    ],
    [
      "H:13,1,-1,-1,1,1,-1,-1",
      1
    ]
  ],
  "distortion": {
    "n": 232,
    "mean": 0.398857,
    "max": 0.812022
  },
  "kurtosis": {
    "pre": 12.426010042656667,
    "post": 2.2178359109034202
  },
  "scale": 2.0,
  "neighbor_hit": 0.5,
  "timing": {
    "encode_ms": 20.659,
    "cas_ms": 292.898,
    "per_vec_ms": 0.6124
  },
  "entropy": 5.4467373714343275,
  "scale_eval": {
    "0.5": 4.5,
    "0.75": 1.6979166666666667,
    "1.0": 0.5,
    "1.5": 0.40972222222222204,
    "2.0": 0.0,
    "3.0": 0.05555555555555557
  }
}