{
  "$schema": "https://json-schema.org/draft/2020-12/schema",
  "title": "LawPack",
  "type": "object",
  "required": [
    "lp_id",
    "kind",
    "version",
    "rules"
  ],
  "properties": {
    "lp_id": {
      "type": "string"
    },
    "kind": {
      "type": "string"
    },
    "version": {
      "type": "string"
    },
    "rules": {
      "type": "array",
      "items": {
        "type": "object"
      }
    },
    "exceptions": {
      "type": "array",
      "items": {
        "type": "object"
      }
    }
  }
}